gene,rna_lfc,rna_p,prot_lfc,prot_p,mut_freq,neglog10p,concordant,transcriptomic,proteomic,genomic,score
COL11A1,2.787324725377756,5.684449124463513e-06,1.4480511803650202,4.302139206902014e-29,0.02857142857142857,1.2631321245564464,True,2.787324725377756,1.4480511803650202,1.2631321245564464,0.9842022116903633
MUC5B,2.0713217999301357,5.008643126542491e-06,1.224256091298198,8.306295514968175e-18,0.04285714285714286,2.499001158180372,True,2.0713217999301357,1.224256091298198,2.499001158180372,0.9763691416535017
TNS4,4.351477666744719,3.304187774142202e-10,1.23397634132062,8.598678157831274e-22,0.02142857142857143,0.7707690936040651,True,4.351477666744719,1.23397634132062,0.7707690936040651,0.9750526592943654
ERBB4,-2.5652611466473534,3.7901423242786586e-15,1.3286040730398554,0.00973519488821562,0.02142857142857143,0.7707690936040651,False,2.5652611466473534,1.3286040730398554,0.7707690936040651,0.9729462875197472
PLIN4,-3.0682175270842516,1.254984423517219e-07,-1.1971686299824924,3.684042962582698e-08,0.02142857142857143,0.7707690936040651,True,3.0682175270842516,1.1971686299824924,0.7707690936040651,0.9725513428120063
MUC16,3.1622462575101444,1.3002203746919688e-06,0.9222155352843622,1.512536750623843e-08,0.07857142857142857,6.635659953505452,True,3.1622462575101444,0.9222155352843622,6.635659953505452,0.9714323328067405
FN1,1.826157302620583,9.992815059425892e-06,1.2632892017803705,1.4850670473104206e-32,0.02857142857142857,1.2631321245564464,True,1.826157302620583,1.2632892017803705,1.2631321245564464,0.9714323328067402
POSTN,1.7431415054990875,0.0005037924845168036,1.3531902594416607,1.520683993800591e-29,0.02857142857142857,1.2631321245564464,True,1.7431415054990875,1.3531902594416607,1.2631321245564464,0.971169036334913
NOS1,-1.9157871045783148,4.607874971497398e-06,-1.252301936436833,1.5292371829857664e-05,0.02142857142857143,0.7707690936040651,True,1.9157871045783148,1.252301936436833,0.7707690936040651,0.9647840968931016
MUC5AC,3.7508089458272416,0.000866064641409168,0.8148578819347563,8.955681373378611e-08,0.05,3.220427308632819,True,3.7508089458272416,0.8148578819347563,3.220427308632819,0.9617561874670879
CEL,-6.0928994503772635,4.0572854031152e-06,-2.7116748420430845,4.6806538434612884e-23,0.014285714285714285,0.3827710261184941,True,6.0928994503772635,2.7116748420430845,0.3827710261184941,0.9535939968404423
BRSK2,-2.975514587975833,3.588560100875703e-07,-1.8065375329681608,4.242798021412745e-20,0.014285714285714285,0.3827710261184941,True,2.975514587975833,1.8065375329681608,0.3827710261184941,0.9484597156398102
MAT1A,-2.8319768275592816,3.150538710624438e-06,-1.966331910497324,9.42715339715714e-21,0.014285714285714285,0.3827710261184941,True,2.8319768275592816,1.966331910497324,0.3827710261184941,0.9483280674038967
KRT6A,5.211624352979394,6.144578516076576e-10,1.464940531279833,9.940790166897238e-16,0.014285714285714285,0.3827710261184941,True,5.211624352979394,1.464940531279833,0.3827710261184941,0.9478014744602421
FRAS1,-1.2407721317109957,0.00019152461785149777,-1.1552926489009891,1.2296674162136255e-20,0.02142857142857143,0.7707690936040651,True,1.2407721317109957,1.1552926489009891,0.7707690936040651,0.9451685097419693
CFTR,-2.360281723160208,3.33260526399097e-05,-1.6476565870301663,1.3194498627614653e-29,0.014285714285714285,0.3827710261184941,True,2.360281723160208,1.6476565870301663,0.3827710261184941,0.942798841495524
MUC4,3.464218057317212,1.479241970226256e-08,0.6425901813641097,1.2396609143305393e-05,0.1,9.637040785787327,True,3.464218057317212,0.6425901813641097,9.637040785787327,0.9420747761979988
PKHD1L1,-1.6691657830558135,4.251717168723196e-09,-3.6776701638241374,0.2280481035270945,0.014285714285714285,0.3827710261184941,True,1.6691657830558135,3.6776701638241374,0.3827710261184941,0.9380595050026328
CLIC3,2.416441784256717,2.634586175364659e-09,1.2602757632720945,3.7608118767255944e-26,0.014285714285714285,0.3827710261184941,True,2.416441784256717,1.2602757632720945,0.3827710261184941,0.9376645602948921
KRT19,2.3836057961736437,1.7038932999304134e-09,1.2168920108249495,8.651864826062562e-40,0.014285714285714285,0.3827710261184941,True,2.3836057961736437,1.2168920108249495,0.3827710261184941,0.9359531332280147
AHNAK2,2.428812209340972,3.51602823289351e-12,1.157434795057405,3.077332720353397e-38,0.014285714285714285,0.3827710261184941,True,2.428812209340972,1.157434795057405,0.3827710261184941,0.9345050026329647
PTPRS,-1.5040527375371404,2.5056463975270947e-11,-0.8258729024716303,2.0964724614063898e-27,0.02142857142857143,0.7707690936040651,True,1.5040527375371404,0.8258729024716303,0.7707690936040651,0.9334518167456556
SULF1,1.656265252695528,5.066040929369323e-05,1.6165312650558654,1.7829251018786568e-35,0.014285714285714285,0.3827710261184941,True,1.656265252695528,1.6165312650558654,0.3827710261184941,0.9334518167456556
COL5A1,0.8078403493669715,0.0022406307633633846,1.2383590237432323,2.32013406432522e-23,0.02857142857142857,1.2631321245564464,True,0.8078403493669715,1.2383590237432323,1.2631321245564464,0.9287783043707214
NCAM1,-1.8566835198494385,3.710726188461524e-08,-0.7014240739518662,1.6616935667605902e-13,0.02142857142857143,0.7707690936040651,True,1.8566835198494385,0.7014240739518662,0.7707690936040651,0.9276592943654554
IGFBP2,-1.5068523392493542,0.0007810482296938978,-1.3865390276248668,1.1336901387893342e-25,0.014285714285714285,0.3827710261184941,True,1.5068523392493542,1.3865390276248668,0.3827710261184941,0.9273959978936281
FHL2,1.449230797999281,5.287080004644722e-07,1.4913592084953606,4.733143679377185e-34,0.014285714285714285,0.3827710261184941,True,1.449230797999281,1.4913592084953606,0.3827710261184941,0.9271327014218009
COL6A6,-0.905197038385805,1.40384180993817e-05,-1.0100097245471567,5.4998623989735564e-14,0.02857142857142857,1.2631321245564464,True,0.905197038385805,1.0100097245471567,1.2631321245564464,0.9262769878883623
NTRK2,-2.36588765855965,1.2890032579691504e-15,-0.9715074812720736,1.0860202249340933e-10,0.014285714285714285,0.3827710261184941,True,2.36588765855965,0.9715074812720736,0.3827710261184941,0.9248946814112691
HRNR,-1.059332077857663,1.4025834700918134e-06,-0.9139604605086014,0.0032264682657546498,0.02142857142857143,0.7707690936040651,True,1.059332077857663,0.9139604605086014,0.7707690936040651,0.92384149552396
SLC16A3,2.041177732181902,5.782645668979525e-09,0.9739539405849165,7.792573738525631e-21,0.014285714285714285,0.3827710261184941,True,2.041177732181902,0.9739539405849165,0.3827710261184941,0.9214718272775144
EPPK1,1.9006960181502262,1.4620391391573177e-07,0.9741727783391703,3.423991497919984e-35,0.014285714285714285,0.3827710261184941,True,1.9006960181502262,0.9741727783391703,0.3827710261184941,0.9204186413902053
THBS2,1.1627906468197615,0.00010643013694799043,1.7455406979588837,4.834849810914951e-37,0.014285714285714285,0.3827710261184941,True,1.1627906468197615,1.7455406979588837,0.3827710261184941,0.9193654555028963
FCER1A,-1.2455531557610113,0.00029845759127111157,-1.2439984965140027,0.061889863740147065,0.014285714285714285,0.3827710261184941,True,1.2455531557610113,1.2439984965140027,0.3827710261184941,0.9162058978409688
EPHA4,1.2498503354497625,6.269273214849623e-08,1.2177576129255812,2.4816368515939817e-05,0.014285714285714285,0.3827710261184941,True,1.2498503354497625,1.2177576129255812,0.3827710261184941,0.9156793048973144
CDKN2A,1.2042985849032757,0.0006146960870038359,0.6426287273371791,0.033929376905771975,0.20714285714285716,28.398510188995463,True,1.2042985849032757,0.6426287273371791,28.398510188995463,0.9148235913638757
SLC4A10,-1.633412930379471,1.9976931896046957e-06,-0.9503504432935728,0.011734878404869807,0.014285714285714285,0.3827710261184941,True,1.633412930379471,0.9503504432935728,0.3827710261184941,0.9142311743022642
NPTX2,-1.7097530771055762,6.498408983670775e-10,-0.9242910866975897,1.2569276526645534e-11,0.014285714285714285,0.3827710261184941,True,1.7097530771055762,0.9242910866975897,0.3827710261184941,0.9138362295945233
XDH,2.522302809449031,8.897352509251794e-11,0.7932080161439856,1.5078428310655298e-12,0.014285714285714285,0.3827710261184941,True,2.522302809449031,0.7932080161439856,0.3827710261184941,0.9118615060558188
SLC30A8,-2.4247101504925865,6.787684419504879e-09,-0.7923249255599245,0.00018029912933004966,0.014285714285714285,0.3827710261184941,True,2.4247101504925865,0.7923249255599245,0.3827710261184941,0.910676671932596
PLXNA2,-0.8262593048098559,0.005291147318430904,-0.8821650157986625,5.6175571183920146e-18,0.02142857142857143,0.7707690936040651,True,0.8262593048098559,0.8821650157986625,0.7707690936040651,0.9042259083728277
NPR3,1.5465526085740517,1.0873874205464881e-06,0.8446660707963929,4.54557057987201e-15,0.014285714285714285,0.3827710261184941,True,1.5465526085740517,0.8446660707963929,0.3827710261184941,0.9038309636650868
KSR1,-1.325002341428977,8.896659710949918e-06,-0.904779601891665,5.015459068630117e-19,0.014285714285714285,0.3827710261184941,True,1.325002341428977,0.904779601891665,0.3827710261184941,0.9025144813059505
STAB2,-1.595198121694704,3.870358318508251e-06,-0.7732028633483328,0.07636336459658552,0.014285714285714285,0.3827710261184941,True,1.595198121694704,0.7732028633483328,0.3827710261184941,0.897906793048973
PRC1,1.372071431656316,2.2922606875832594e-18,0.8276194706401157,5.13097184536311e-07,0.014285714285714285,0.3827710261184941,True,1.372071431656316,0.8276194706401157,0.3827710261184941,0.8975118483412321
LAMC3,-1.5276518497994127,6.653903166728212e-07,-0.7606729443441367,9.94837196401496e-11,0.014285714285714285,0.3827710261184941,True,1.5276518497994127,0.7606729443441367,0.3827710261184941,0.8959320695102686
HEPH,1.2274656648051803,5.914572953820837e-07,0.8457199361878516,2.186667117251372e-26,0.014285714285714285,0.3827710261184941,True,1.2274656648051803,0.8457199361878516,0.3827710261184941,0.8938256977356502
ACTN2,-1.0227658361747256,2.126394491392787e-06,0.9479584018184681,2.797237097022335e-12,0.014285714285714285,0.3827710261184941,False,1.0227658361747256,0.9479584018184681,0.3827710261184941,0.8910610847814637
LRP1B,-1.3197021052181137,8.595828983667064e-10,0.5199756004893175,0.024562656448034778,0.05714285714285714,4.000204659452193,False,1.3197021052181137,0.5199756004893175,4.000204659452193,0.8894154818325434
CDH11,1.0986892953846628,0.00038704416333125647,0.8707676482198892,6.81489248039861e-22,0.014285714285714285,0.3827710261184941,True,1.0986892953846628,0.8707676482198892,0.3827710261184941,0.8889547130068456
ADAMTS2,0.5537057989545104,0.02308343671529,1.0881803783091542,6.2309578382257526e-18,0.02142857142857143,0.7707690936040651,True,0.5537057989545104,1.0881803783091542,0.7707690936040651,0.8884281200631912
CTNNA2,-1.8711135351108492,1.4668335070848367e-10,-0.46141067959510806,0.0004717590708799367,0.09285714285714286,8.600694404957236,True,1.8711135351108492,0.46141067959510806,8.600694404957236,0.8880989994734071
ADAM19,0.9540429073185699,3.356019040355336e-05,0.6356489677316155,6.078295539484154e-05,0.02142857142857143,0.7707690936040651,True,0.9540429073185699,0.6356489677316155,0.7707690936040651,0.8861901000526591
PKP3,1.5769258881023056,1.7328186358692026e-07,0.675507422577418,2.9750619352734915e-22,0.014285714285714285,0.3827710261184941,True,1.5769258881023056,0.675507422577418,0.3827710261184941,0.8855318588730909
FAT1,0.8018795045847202,1.2911976779437837e-10,0.7024832952303903,2.3854413191610273e-30,0.02142857142857143,0.7707690936040651,True,0.8018795045847202,0.7024832952303903,0.7707690936040651,0.8846103212216956
LPA,-2.4030099174676924,7.885824380990077e-06,0.4625554229156208,0.009775410149047701,0.02142857142857143,0.7707690936040651,False,2.4030099174676924,0.4625554229156208,0.7707690936040651,0.8813191153238547
EPHA2,1.663807117019715,2.7875772462556907e-13,0.6318523040648927,1.1083753494427487e-10,0.014285714285714285,0.3827710261184941,True,1.663807117019715,0.6318523040648927,0.3827710261184941,0.8807925223802
TTN,-1.5468362042425579,3.34537380321044e-07,-0.45536601383857445,0.0011529080237072302,0.11428571428571428,11.80685140262751,True,1.5468362042425579,0.45536601383857445,11.80685140262751,0.8805950500263295
TGM2,0.9526876469428842,9.153265008093723e-05,0.8631232221086229,2.9428064877247294e-18,0.014285714285714285,0.3827710261184941,True,0.9526876469428842,0.8631232221086229,0.3827710261184941,0.8794760400210637
MKI67,2.081834801969885,1.604594442767261e-10,0.5998046343974295,1.0800435508273134e-12,0.014285714285714285,0.3827710261184941,True,2.081834801969885,0.5998046343974295,0.3827710261184941,0.8782912058978409
TF,-1.4524119188895082,2.2230557733129744e-07,0.6389610972439712,2.0933509407058102e-10,0.014285714285714285,0.3827710261184941,False,1.4524119188895082,0.6389610972439712,0.3827710261184941,0.8775013164823591
VAT1L,-0.9485111702782714,1.4064458552525208e-05,-0.8136280205761715,3.671700401552322e-19,0.014285714285714285,0.3827710261184941,True,0.9485111702782714,0.8136280205761715,0.3827710261184941,0.875
NFIC,-1.021386140251936,7.6950057718735e-06,-0.7514321778694892,5.901970109893417e-30,0.014285714285714285,0.3827710261184941,True,1.021386140251936,0.7514321778694892,0.3827710261184941,0.8747367035281726
KCNJ8,-1.0356887631747593,5.735851803724129e-08,-0.7443535927033622,0.0006615391781701227,0.014285714285714285,0.3827710261184941,True,1.0356887631747593,0.7443535927033622,0.3827710261184941,0.8747367035281726
COL1A1,0.6924264389416575,0.019004287375175823,1.0609137176935661,4.378485839415923e-20,0.014285714285714285,0.3827710261184941,True,0.6924264389416575,1.0609137176935661,0.3827710261184941,0.8739468141126909
MUC17,4.230231805217251,3.4604931303055206e-07,0.5317744561531406,0.17219828260556252,0.014285714285714285,0.3827710261184941,True,4.230231805217251,0.5317744561531406,0.3827710261184941,0.8728936282253819
PARP4,0.5663356498338654,2.3384600081389008e-12,0.8159291401077269,2.1696513763865267e-35,0.02142857142857143,0.7707690936040651,True,0.5663356498338654,0.8159291401077269,0.7707690936040651,0.8724986835176407
PDE3A,-1.1446898219649846,9.584629556551505e-10,-0.487849294747452,1.110788200311588e-15,0.02857142857142857,1.2631321245564464,True,1.1446898219649846,0.487849294747452,1.2631321245564464,0.8712480252764612
ATP1A2,-1.4810557994533804,0.0001068183358725951,-0.4667384310512972,4.873967301272447e-05,0.02142857142857143,0.7707690936040651,True,1.4810557994533804,0.4667384310512972,0.7707690936040651,0.8694707740916272
REG3A,-3.6809933466746063,7.078810955939355e-05,-0.5153156701973849,0.0052313768502260565,0.014285714285714285,0.3827710261184941,True,3.6809933466746063,0.5153156701973849,0.3827710261184941,0.8681542917324907
PCLO,-1.205131725460749,7.214931986187655e-11,-0.45614339318644426,0.00036476189491607767,0.03571428571428571,1.843380729402277,True,1.205131725460749,0.45614339318644426,1.843380729402277,0.866574512901527
PLEKHM3,-0.5130793176776773,5.0582610955078966e-06,-1.8371747510246124,0.4978386395831829,0.014285714285714285,0.3827710261184941,True,0.5130793176776773,1.8371747510246124,0.3827710261184941,0.863678251711427
FBLN1,-0.6843285984338134,0.004608781455169079,0.902746585477594,2.56424441559718e-25,0.014285714285714285,0.3827710261184941,False,0.6843285984338134,0.902746585477594,0.3827710261184941,0.8630200105318588
SCN7A,-1.4821326847586995,9.285107280637134e-08,-0.5721340047137282,0.07089183870930411,0.014285714285714285,0.3827710261184941,True,1.4821326847586995,0.5721340047137282,0.3827710261184941,0.861835176408636
MYO7B,1.7845396910899307,5.617412987712241e-06,0.5398533858350554,2.670958917949799e-07,0.014285714285714285,0.3827710261184941,True,1.7845396910899307,0.5398533858350554,0.3827710261184941,0.8613085834649814
ADD2,-1.1778889401483568,5.644404951854699e-10,-0.47486414351575945,7.114551709243867e-09,0.02142857142857143,0.7707690936040651,True,1.1778889401483568,0.47486414351575945,0.7707690936040651,0.8609136387572407
BAAT,-1.429300040942299,9.029700896003557e-06,0.5600565081506659,0.23364038287640415,0.014285714285714285,0.3827710261184941,False,1.429300040942299,0.5600565081506659,0.3827710261184941,0.857885729331227
PXDN,0.7189032429732247,0.00032895530218223125,0.5981390859925746,5.383398008270634e-19,0.02142857142857143,0.7707690936040651,True,0.7189032429732247,0.5981390859925746,0.7707690936040651,0.8577540810953133
SAMD9L,0.7097694115471569,1.7378840917002148e-07,0.5923003167742635,9.800639385336808e-19,0.02142857142857143,0.7707690936040651,True,0.7097694115471569,0.5923003167742635,0.7707690936040651,0.8561743022643495
WDHD1,1.0251491073021377,1.5277502508666998e-14,0.6175148296495188,2.553304468847284e-08,0.014285714285714285,0.3827710261184941,True,1.0251491073021377,0.6175148296495188,0.3827710261184941,0.8538046340179042
ASPM,2.278870072939556,6.048611942568629e-11,-0.46893917114546113,0.04171212373615999,0.014285714285714285,0.3827710261184941,False,2.278870072939556,0.46893917114546113,0.3827710261184941,0.8501184834123223
PCDHB6,-0.5803943783171208,0.0001023165978046931,0.6216542983067406,2.468219748979593e-05,0.02142857142857143,0.7707690936040651,False,0.5803943783171208,0.6216542983067406,0.7707690936040651,0.849460242232754
LCT,-0.9761993543864977,0.041658310211679137,-0.6074806345987867,0.047389816681075794,0.014285714285714285,0.3827710261184941,True,0.9761993543864977,0.6074806345987867,0.3827710261184941,0.8484070563454449
ADGRV1,-2.6020303481589053,6.168644963988466e-15,0.3197923323642726,0.3380941249932452,0.04285714285714286,2.499001158180372,False,2.6020303481589053,0.3197923323642726,2.499001158180372,0.8464323328067404
HMCN1,0.4059801480545602,0.06073340862096619,0.8820220861571499,2.2758272036088268e-21,0.02142857142857143,0.7707690936040651,True,0.4059801480545602,0.8820220861571499,0.7707690936040651,0.8455107951553449
TNR,-1.3376264110257914,6.0680932487735474e-05,0.5132770631388155,0.43172405904337363,0.014285714285714285,0.3827710261184941,False,1.3376264110257914,0.5132770631388155,0.3827710261184941,0.8449842022116902
SCUBE3,0.7983636212852581,6.579382128839537e-11,0.6553506787041847,1.28981228529616e-08,0.014285714285714285,0.3827710261184941,True,0.7983636212852581,0.6553506787041847,0.3827710261184941,0.8449842022116902
PLVAP,-0.6639767821061628,1.1423016430644062e-08,-0.7002021297464118,4.621487881264328e-18,0.014285714285714285,0.3827710261184941,True,0.6639767821061628,0.7002021297464118,0.3827710261184941,0.8420879410215902
CENPF,2.1358257113694687,4.726377179001727e-12,0.3411369537849325,0.048498292750004494,0.02142857142857143,0.7707690936040651,True,2.1358257113694687,0.3411369537849325,0.7707690936040651,0.840771458662454
N4BP2,-0.5732938876933318,7.546833105468768e-05,-0.8114806697235473,8.552704110223264e-20,0.014285714285714285,0.3827710261184941,True,0.5732938876933318,0.8114806697235473,0.3827710261184941,0.840771458662454
TAP2,0.5503868181199909,5.3161349461431e-06,0.843304821567628,1.1534425179227046e-21,0.014285714285714285,0.3827710261184941,True,0.5503868181199909,0.843304821567628,0.3827710261184941,0.8391916798314902
MYH7B,-0.3153337421283382,0.006760196267274974,1.4291577085069829,0.003588348834967609,0.02142857142857143,0.7707690936040651,False,0.3153337421283382,1.4291577085069829,0.7707690936040651,0.8384017904160084
AMIGO2,1.4036390169783868,5.794106522336108e-12,0.4773508785249785,0.28463911782433443,0.014285714285714285,0.3827710261184941,True,1.4036390169783868,0.4773508785249785,0.3827710261184941,0.8384017904160084
NRK,-0.4735869934889916,0.09228896529626045,0.9704481236083886,5.461254931268766e-06,0.014285714285714285,0.3827710261184941,False,0.4735869934889916,0.9704481236083886,0.3827710261184941,0.8370853080568721
ACTN3,-0.7649247374570556,0.026679028166591245,0.6274081082897709,2.137158857562541e-08,0.014285714285714285,0.3827710261184941,False,0.7649247374570556,0.6274081082897709,0.3827710261184941,0.8364270668773037
LGALS9,0.5552932153900905,0.0013967709893898926,0.7833544606983693,8.001885003625563e-16,0.014285714285714285,0.3827710261184941,True,0.5552932153900905,0.7833544606983693,0.3827710261184941,0.8341890468667719
SLIT3,-1.509566699196597,5.277230699247964e-06,-0.44155587635045634,5.001239083780754e-08,0.014285714285714285,0.3827710261184941,True,1.509566699196597,0.44155587635045634,0.3827710261184941,0.8315560821484991
BCAM,-0.8243966847088089,5.280144064073885e-06,-0.5870555906148951,2.4600383446083455e-15,0.014285714285714285,0.3827710261184941,True,0.8243966847088089,0.5870555906148951,0.3827710261184941,0.8314244339125856
NT5DC2,0.5634835542224135,0.0030536531411211386,0.7117809049572479,1.5025636096274396e-21,0.014285714285714285,0.3827710261184941,True,0.5634835542224135,0.7117809049572479,0.3827710261184941,0.8295813586097947
WASF3,-1.0165366678000147,1.1385378938389848e-11,-0.5093086204991835,0.0012835414278223435,0.014285714285714285,0.3827710261184941,True,1.0165366678000147,0.5093086204991835,0.3827710261184941,0.8287914691943128
P3H1,0.444264523127309,0.0008866881528601534,0.9337663527936755,6.331350722145113e-24,0.014285714285714285,0.3827710261184941,True,0.444264523127309,0.9337663527936755,0.3827710261184941,0.8281332280147446
ABCB1,-0.9665023477377979,1.315478717014172e-05,-0.4026019515542636,0.0002401334882808875,0.02142857142857143,0.7707690936040651,True,0.9665023477377979,0.4026019515542636,0.7707690936040651,0.8280015797788309
RASGRF2,0.5213795968183845,0.005758150347020891,0.7482657428038593,2.388511845073351e-09,0.014285714285714285,0.3827710261184941,True,0.5213795968183845,0.7482657428038593,0.3827710261184941,0.8274749868351763
HHIP,1.3262539721494129,5.0979461136540995e-05,-0.44664870598843187,0.6126221086055942,0.014285714285714285,0.3827710261184941,False,1.3262539721494129,0.44664870598843187,0.3827710261184941,0.8272116903633491
HYI,-0.5295985718602836,1.7094934979496793e-06,-0.7395271406942641,2.4730242235984972e-17,0.014285714285714285,0.3827710261184941,True,0.5295985718602836,0.7395271406942641,0.3827710261184941,0.8268167456556081
PPP1R9A,-0.7507949854824769,0.00017810650913825524,-0.5894592029148171,3.4626609542717197e-13,0.014285714285714285,0.3827710261184941,True,0.7507949854824769,0.5894592029148171,0.3827710261184941,0.8268167456556081
FOSL2,0.3176801684124442,0.011190361429990936,0.8945148640822325,6.578004957165845e-15,0.02857142857142857,1.2631321245564464,True,0.3176801684124442,0.8945148640822325,1.2631321245564464,0.8254344391785149
TNN,0.399572667714712,0.07709534871147533,0.6422801822566733,1.1703557074447398e-09,0.02857142857142857,1.2631321245564464,True,0.399572667714712,0.6422801822566733,1.2631321245564464,0.8253027909426014
KRT20,1.6692239208719535,0.035259182972295314,0.4073246250851028,0.037497177881917525,0.014285714285714285,0.3827710261184941,True,1.6692239208719535,0.4073246250851028,0.3827710261184941,0.82471037388099
SVEP1,-1.134119535066512,6.324315394696828e-06,0.33577403458738075,2.8115690446880083e-06,0.02857142857142857,1.2631321245564464,False,1.134119535066512,0.33577403458738075,1.2631321245564464,0.8225381779884149
SLC9A3,0.7785385415442692,0.0011665131517480318,-0.5564788731508887,0.16397653429821005,0.014285714285714285,0.3827710261184941,False,0.7785385415442692,0.5564788731508887,0.3827710261184941,0.8214191679831491
SEMA5A,-0.4082249616498146,0.00023072240798735922,-0.5908786603206444,0.001147810873866218,0.04285714285714286,2.499001158180372,True,0.4082249616498146,0.5908786603206444,2.499001158180372,0.8187862032648763
RECQL4,0.9784607073462821,5.1597320393303965e-08,-0.4717296787739187,0.06232925280773095,0.014285714285714285,0.3827710261184941,False,0.9784607073462821,0.4717296787739187,0.3827710261184941,0.8170747761979988
TNC,0.3578647549651972,0.24050379389001256,1.1502184600765446,5.8607933957012824e-21,0.014285714285714285,0.3827710261184941,True,0.3578647549651972,1.1502184600765446,0.3827710261184941,0.8143101632438126
FNDC3A,-0.4142540365473373,0.00035746447765127475,-0.8325929154928211,2.5336777808571095e-21,0.014285714285714285,0.3827710261184941,True,0.4142540365473373,0.8325929154928211,0.3827710261184941,0.811940494997367
DPYS,-1.4258973088852782,0.00014344777484853172,0.2926103015136441,0.07102453797330613,0.02142857142857143,0.7707690936040651,False,1.4258973088852782,0.2926103015136441,0.7707690936040651,0.8070695102685623
PLA2R1,1.172926717647119,8.689940241043683e-07,0.40178428082018414,0.017489225442810882,0.014285714285714285,0.3827710261184941,True,1.172926717647119,0.40178428082018414,0.3827710261184941,0.8062796208530805
COL8A2,1.189169483910895,6.072882207178856e-05,0.3970266266314404,0.17506507022344595,0.014285714285714285,0.3827710261184941,True,1.189169483910895,0.3970266266314404,0.3827710261184941,0.8056213796735123
HELZ2,0.7601428252777715,9.79313038792942e-08,0.3831670932375921,2.1694990775209313e-12,0.02142857142857143,0.7707690936040651,True,0.7601428252777715,0.3831670932375921,0.7707690936040651,0.8049631384939442
HMCN2,-0.44626271287343666,0.02554099533327091,0.6860907515420394,0.00267167433697745,0.014285714285714285,0.3827710261184941,False,0.44626271287343666,0.6860907515420394,0.3827710261184941,0.8045681937862033
FLNB,0.6116980114760491,7.611924624501761e-06,0.5296937491045668,2.9436483657274496e-26,0.014285714285714285,0.3827710261184941,True,0.6116980114760491,0.5296937491045668,0.3827710261184941,0.8012769878883621
IFIT2,0.5950205658590395,9.627518723070202e-06,0.5353217984351879,1.0508674987893067e-11,0.014285714285714285,0.3827710261184941,True,0.5950205658590395,0.5353217984351879,0.3827710261184941,0.7999605055292258
PLA2G1B,-5.893315879097091,1.087732583057643e-05,-3.260983452911834,1.246946560228543e-25,0.007142857142857143,0.11979865834643606,True,5.893315879097091,3.260983452911834,0.11979865834643606,0.7965376513954712
CPA1,-6.540464647520041,4.560637172938537e-06,-2.62007443497761,3.840129979259408e-24,0.007142857142857143,0.11979865834643606,True,6.540464647520041,2.62007443497761,0.11979865834643606,0.7965376513954712
CPB1,-6.395154336047003,3.208554599422367e-06,-2.3408657825160937,8.174390806953406e-27,0.007142857142857143,0.11979865834643606,True,6.395154336047003,2.3408657825160937,0.11979865834643606,0.7960110584518166
PRSS1,-5.99758379340963,1.7005388198142205e-05,-2.5968453717302857,4.360904718211604e-21,0.007142857142857143,0.11979865834643606,True,5.99758379340963,2.5968453717302857,0.11979865834643606,0.795879410215903
SERPINI2,-4.99809774918828,9.554741946520839e-06,-2.9894463214728546,2.4711337853094302e-28,0.007142857142857143,0.11979865834643606,True,4.99809774918828,2.9894463214728546,0.11979865834643606,0.7957477619799893
PNLIPRP2,-5.4240466787754436,1.7465675895177795e-05,-2.194278989316789,3.79494388646967e-11,0.007142857142857143,0.11979865834643606,True,5.4240466787754436,2.194278989316789,0.11979865834643606,0.7952211690363349
CUZD1,-4.715227130946229,2.3607842750776424e-05,-1.8422466683649077,1.4999359905421125e-21,0.007142857142857143,0.11979865834643606,True,4.715227130946229,1.8422466683649077,0.11979865834643606,0.7933780937335438
ARMC5,-0.2782382233176399,0.00012080025686242733,1.3612536396397132,2.7572643164910284e-06,0.014285714285714285,0.3827710261184941,False,0.2782382233176399,1.3612536396397132,0.3827710261184941,0.7910084254870984
ACADL,-2.6723857033995557,3.4577869328921983e-10,-2.072869349784348,3.5774780292334087e-25,0.007142857142857143,0.11979865834643606,True,2.6723857033995557,2.072869349784348,0.11979865834643606,0.7910084254870984
KIF20B,0.9206319279794641,2.1085532677237077e-09,-0.40049338111451505,0.009756986069336709,0.014285714285714285,0.3827710261184941,False,0.9206319279794641,0.40049338111451505,0.3827710261184941,0.7908767772511849
PRSS3,-2.511469434578439,0.007782168741972686,-2.6098741183429297,3.775837956205214e-18,0.007142857142857143,0.11979865834643606,True,2.511469434578439,2.6098741183429297,0.11979865834643606,0.790086887835703
EGF,-2.840164119412081,0.0005533342041434047,-1.6889294300989768,3.814807433170309e-12,0.007142857142857143,0.11979865834643606,True,2.840164119412081,1.6889294300989768,0.11979865834643606,0.7899552395997893
FGD6,0.9128093673238844,1.1542928259453136e-08,0.3989898889894441,4.7919744343705534e-06,0.014285714285714285,0.3827710261184941,True,0.9128093673238844,0.3989898889894441,0.3827710261184941,0.7892969984202212
PCDHB4,-0.6446427482382822,1.7015598554040645e-06,-0.35828564420889997,0.4447636208157596,0.02142857142857143,0.7707690936040651,True,0.6446427482382822,0.35828564420889997,0.7707690936040651,0.7882438125329121
IVL,1.9287013014786436,4.380491070787423e-07,0.30226552668116824,0.11792526295611298,0.014285714285714285,0.3827710261184941,True,1.9287013014786436,0.30226552668116824,0.3827710261184941,0.7882438125329119
AOX1,-2.4941526393838256,3.0833152151529083e-12,-1.7298799140631154,2.869068508401538e-33,0.007142857142857143,0.11979865834643606,True,2.4941526393838256,1.7298799140631154,0.11979865834643606,0.7877172195892574
WNK2,-2.5892634013346774,4.339947500743284e-07,-1.5907905400697828,1.0444346704640191e-32,0.007142857142857143,0.11979865834643606,True,2.5892634013346774,1.5907905400697828,0.11979865834643606,0.7875855713533437
REG3G,-4.802215430932465,4.928873632870688e-06,-1.2957977583496572,1.238960028554871e-07,0.007142857142857143,0.11979865834643606,True,4.802215430932465,1.2957977583496572,0.11979865834643606,0.7873222748815165
ERO1B,-2.2540005752032997,8.294420460594896e-11,-2.2206807986404336,6.569685856570722e-30,0.007142857142857143,0.11979865834643606,True,2.2540005752032997,2.2206807986404336,0.11979865834643606,0.7873222748815165
PRKCQ,-0.8906161466759341,3.4627989006883297e-12,-0.39701418669996613,0.0001497816512535866,0.014285714285714285,0.3827710261184941,True,0.8906161466759341,0.39701418669996613,0.3827710261184941,0.7865323854660347
TBCB,0.3518642990085237,0.0029675839344934533,0.7612857832854019,1.0829357046902349e-16,0.014285714285714285,0.3827710261184941,True,0.3518642990085237,0.7612857832854019,0.3827710261184941,0.786400737230121
KIAA1324,-2.2009597306469697,7.154337245949644e-08,-1.9963303562203016,1.2071356059063562e-24,0.007142857142857143,0.11979865834643606,True,2.2009597306469697,1.9963303562203016,0.11979865834643606,0.786400737230121
SRC,0.4866744238580978,0.0003151775228665289,0.5548422599226015,1.0724266014536462e-18,0.014285714285714285,0.3827710261184941,True,0.4866744238580978,0.5548422599226015,0.3827710261184941,0.7862690889942074
SLC1A2,-2.5181396348671248,2.8409681930776033e-05,-1.5219663329694981,3.102473301483983e-08,0.007142857142857143,0.11979865834643606,True,2.5181396348671248,1.5219663329694981,0.11979865834643606,0.7858741442864665
LAMB3,2.924256693974529,8.660780325826985e-12,1.332584509960732,6.363137674082178e-36,0.007142857142857143,0.11979865834643606,True,2.924256693974529,1.332584509960732,0.11979865834643606,0.7857424960505528
KIF1A,-2.9214826649720447,9.613911251972532e-14,-1.3499814774092123,8.716637247124963e-23,0.007142857142857143,0.11979865834643606,True,2.9214826649720447,1.3499814774092123,0.11979865834643606,0.7857424960505528
DCLK1,-1.108875473975866,4.337355756659047e-06,-0.27244746319865243,0.0012929173934026481,0.02142857142857143,0.7707690936040651,True,1.108875473975866,0.27244746319865243,0.7707690936040651,0.7852159031068984
LAMA3,2.58749510408885,1.9330378382604825e-17,1.3717891620411748,8.274192973042517e-35,0.007142857142857143,0.11979865834643606,True,2.58749510408885,1.3717891620411748,0.11979865834643606,0.7844260136914165
KCNAB1,-1.2282956942314502,1.5218544983359904e-09,-0.33020094993793947,0.1762976187514643,0.014285714285714285,0.3827710261184941,True,1.2282956942314502,0.33020094993793947,0.3827710261184941,0.7842943654555029
KLK5,2.252919407734204,1.971428464151536e-07,-1.636493485090023,3.315343358723544e-08,0.007142857142857143,0.11979865834643606,False,2.252919407734204,1.636493485090023,0.11979865834643606,0.7842943654555028
ADAMTSL2,-0.3498154193607075,0.05117486161386644,0.7466802596934521,9.901664301501687e-12,0.014285714285714285,0.3827710261184941,False,0.3498154193607075,0.7466802596934521,0.3827710261184941,0.7837677725118484
KLK6,5.289227720090009,3.395090151079923e-09,1.1609883304759805,6.501089466985103e-16,0.007142857142857143,0.11979865834643606,True,5.289227720090009,1.1609883304759805,0.11979865834643606,0.7836361242759347
TENM4,0.34270278126839315,0.10400537731562443,0.5382174785695675,1.2082851150525254e-08,0.02857142857142857,1.2631321245564464,True,0.34270278126839315,0.5382174785695675,1.2631321245564464,0.782780410742496
S100A14,2.4895461659801708,1.9294675182926505e-09,1.3178143528397754,7.200681082261282e-24,0.007142857142857143,0.11979865834643606,True,2.4895461659801708,1.3178143528397754,0.11979865834643606,0.7823196419167983
KCNJ5,-1.8516418189776331,6.094095041559139e-08,-2.0234956938282522,1.9291126605781103e-16,0.007142857142857143,0.11979865834643606,True,1.8516418189776331,2.0234956938282522,0.11979865834643606,0.7820563454449709
LTF,-0.32662828023918067,0.2687397582649488,0.8237645696313756,3.075134876455297e-12,0.014285714285714285,0.3827710261184941,False,0.32662828023918067,0.8237645696313756,0.3827710261184941,0.7817930489731437
CEACAM5,4.98622622129593,1.705067840875507e-07,1.1054281755020625,6.35313713658288e-13,0.007142857142857143,0.11979865834643606,True,4.98622622129593,1.1054281755020625,0.11979865834643606,0.7815297525013164
SLC12A2,0.554682037317761,0.0001597500441307868,0.3568135833822197,6.022140151728475e-07,0.02857142857142857,1.2631321245564464,True,0.554682037317761,0.3568135833822197,1.2631321245564464,0.7809373354397051
GAS7,-0.3987161830238577,0.017083852189223668,0.4771238296993694,1.1787676135860093e-09,0.02142857142857143,0.7707690936040651,False,0.3987161830238577,0.4771238296993694,0.7707690936040651,0.7794233807266981
MISP,2.7540541405050085,4.477019496563508e-09,1.1403677509387364,9.151111034577253e-30,0.007142857142857143,0.11979865834643606,True,2.7540541405050085,1.1403677509387364,0.11979865834643606,0.7792917324907845
FAM110B,-0.4292700183833462,0.001587351239063357,0.5761227818385226,0.05842897792408575,0.014285714285714285,0.3827710261184941,False,0.4292700183833462,0.5761227818385226,0.3827710261184941,0.7791600842548709
DPP10,-3.0276830507215307,1.9053878161466477e-06,-1.0899876982255563,0.00029711957114518875,0.007142857142857143,0.11979865834643606,True,3.0276830507215307,1.0899876982255563,0.11979865834643606,0.77876513954713
INHBA,1.754993133427135,3.995019310958674e-05,1.642726620890894,1.5746767521828763e-29,0.007142857142857143,0.11979865834643606,True,1.754993133427135,1.642726620890894,0.11979865834643606,0.7783701948393891
TBC1D4,-0.6035293311255288,6.971877673546743e-08,-0.4441778879681486,2.8914719659480997e-22,0.014285714285714285,0.3827710261184941,True,0.6035293311255288,0.4441778879681486,0.3827710261184941,0.7778436018957346
KRT80,0.49844535832014536,0.047808708762997525,0.5083178651470881,7.27774538672656e-11,0.014285714285714285,0.3827710261184941,True,0.49844535832014536,0.5083178651470881,0.3827710261184941,0.7777119536598209
NDNF,1.9814949551748704,2.2698517077840763e-07,0.275371977337322,0.051068364127252894,0.014285714285714285,0.3827710261184941,True,1.9814949551748704,0.275371977337322,0.3827710261184941,0.7774486571879937
DCDC2,-2.1805461856182298,1.0290135691557452e-07,-1.1751244147418483,9.064750130622954e-14,0.007142857142857143,0.11979865834643606,True,2.1805461856182298,1.1751244147418483,0.11979865834643606,0.7760005265929435
APOB,-1.1544377927110157,0.003676256672271894,0.31908486373879796,0.0008636703168783385,0.014285714285714285,0.3827710261184941,False,1.1544377927110157,0.31908486373879796,0.3827710261184941,0.77586887835703
ADAMTS5,0.2896079838969712,0.2059060006361049,0.6157066748863329,0.0010835858949632046,0.02142857142857143,0.7707690936040651,True,0.2896079838969712,0.6157066748863329,0.7707690936040651,0.7745523959978935
PDZK1,-1.4549292388974902,1.5174689134882886e-07,-1.6462090028878187,1.5599727398326898e-32,0.007142857142857143,0.11979865834643606,True,1.4549292388974902,1.6462090028878187,0.11979865834643606,0.7719194312796208
PHGDH,-1.5969876150943119,6.1813812867398535e-06,-1.3547530158938876,2.1386480573738463e-19,0.007142857142857143,0.11979865834643606,True,1.5969876150943119,1.3547530158938876,0.11979865834643606,0.7717877830437072
EPS8L3,2.6803217212414925,9.413564106617018e-07,0.9796161250267872,2.4587125902523697e-21,0.007142857142857143,0.11979865834643606,True,2.6803217212414925,0.9796161250267872,0.11979865834643606,0.7716561348077935
GPT2,-1.3466328851308411,0.006317099473155877,-1.8696303116889972,1.7240967371847874e-22,0.007142857142857143,0.11979865834643606,True,1.3466328851308411,1.8696303116889972,0.11979865834643606,0.7703396524486571
PCDH17,-0.8670414172925209,1.6420828338508134e-10,-0.35000187881334455,0.3406252750168932,0.014285714285714285,0.3827710261184941,True,0.8670414172925209,0.35000187881334455,0.3827710261184941,0.7698130595050026
ITIH4,-2.093356103958099,5.644819266842841e-05,0.25421606409090813,0.0021284692295066095,0.014285714285714285,0.3827710261184941,False,2.093356103958099,0.25421606409090813,0.3827710261184941,0.769681411269089
DMBT1,2.0078813846096466,0.0002882732265165443,1.0670878590019477,1.564478028972865e-11,0.007142857142857143,0.11979865834643606,True,2.0078813846096466,1.0670878590019477,0.11979865834643606,0.7694181147972616
BCL11A,-1.243556624837475,8.539297076427284e-08,-3.067528310037387,0.0004480351634694428,0.007142857142857143,0.11979865834643606,True,1.243556624837475,3.067528310037387,0.11979865834643606,0.7684965771458662
PACSIN1,-1.3584257498883128,0.00012931066808128915,-1.5887996172601433,1.5581963102841283e-18,0.007142857142857143,0.11979865834643606,True,1.3584257498883128,1.5887996172601433,0.11979865834643606,0.7682332806740388
A2ML1,3.0301961476324832,2.4413680112289968e-12,0.8841572546988523,2.971117733357517e-08,0.007142857142857143,0.11979865834643606,True,3.0301961476324832,0.8841572546988523,0.11979865834643606,0.7657319641916798
SYP,-1.507300198849613,4.885896527957323e-08,-1.1862382244470702,1.178073642613687e-21,0.007142857142857143,0.11979865834643606,True,1.507300198849613,1.1862382244470702,0.11979865834643606,0.7654686677198524
WNT2,2.3238357328021015,2.433130135461964e-06,0.9433948317702914,1.283479724512932e-13,0.007142857142857143,0.11979865834643606,True,2.3238357328021015,0.9433948317702914,0.11979865834643606,0.7652053712480252
EPHX1,-1.250755960418351,3.382589128607029e-06,-1.5362521251393737,1.0003871708310608e-20,0.007142857142857143,0.11979865834643606,True,1.250755960418351,1.5362521251393737,0.11979865834643606,0.7642838335966298
DHRS9,1.805096432753312,0.00015564822788103526,1.0136393437496558,5.6283483031957954e-11,0.007142857142857143,0.11979865834643606,True,1.805096432753312,1.0136393437496558,0.11979865834643606,0.7642838335966298
CNTN4,-0.3667729082520683,0.0064460809217516705,-0.4565411743468353,0.25644975688452926,0.02142857142857143,0.7707690936040651,True,0.3667729082520683,0.4565411743468353,0.7707690936040651,0.7642838335966298
ABCA8,-1.4147290869558429,6.367019294709303e-07,-1.2245127709677703,1.7769385047123928e-23,0.007142857142857143,0.11979865834643606,True,1.4147290869558429,1.2245127709677703,0.11979865834643606,0.7642838335966298
FAM180B,-2.0445278343603492,2.0472382431329774e-06,-0.954427106520285,0.00020256383189856566,0.007142857142857143,0.11979865834643606,True,2.0445278343603492,0.954427106520285,0.11979865834643606,0.7637572406529751
CEACAM6,3.0504778098683527,2.149224233147377e-06,0.8347473366498228,2.8032432334735054e-17,0.007142857142857143,0.11979865834643606,True,3.0504778098683527,0.8347473366498228,0.11979865834643606,0.7620458135860979
LAMA4,0.652155152477965,0.0006958117565026314,0.37738037248520584,8.377598955410156e-10,0.014285714285714285,0.3827710261184941,True,0.652155152477965,0.37738037248520584,0.3827710261184941,0.7617825171142706
KIF26B,1.1624447737503125,6.97353999520129e-05,0.2180035655853203,0.018686260870965574,0.02142857142857143,0.7707690936040651,True,1.1624447737503125,0.2180035655853203,0.7707690936040651,0.761650868878357
FNDC1,1.3847716665716305,0.00018998016847493037,1.1716484733941392,8.795592550718114e-25,0.007142857142857143,0.11979865834643606,True,1.3847716665716305,1.1716484733941392,0.11979865834643606,0.7613875724065297
LUM,0.28587371124062955,0.20330546123390003,0.7463794008775579,2.941837533558354e-11,0.014285714285714285,0.3827710261184941,True,0.28587371124062955,0.7463794008775579,0.3827710261184941,0.7611242759347024
SLC41A1,-1.1578440975658282,0.00011741053118153428,-1.563554953725216,1.926563030100296e-05,0.007142857142857143,0.11979865834643606,True,1.1578440975658282,1.563554953725216,0.11979865834643606,0.7599394418114797
SHROOM2,-0.519398611237964,0.0003678858982539843,-0.4204767182433109,2.3032802757565597e-12,0.014285714285714285,0.3827710261184941,True,0.519398611237964,0.4204767182433109,0.3827710261184941,0.7588862559241707
IGSF9,1.421066438811943,6.01273571960501e-08,1.0764742096124014,0.08125466604152405,0.007142857142857143,0.11979865834643606,True,1.421066438811943,1.0764742096124014,0.11979865834643606,0.7588862559241705
KLHDC7B,1.0301580232030716,4.330900745141752e-05,0.29341810069862717,0.29397885435461185,0.014285714285714285,0.3827710261184941,True,1.0301580232030716,0.29341810069862717,0.3827710261184941,0.7584913112164298
HYDIN,-1.0531969081421302,2.782484733308524e-07,-0.19672996103661333,0.299246060993825,0.06428571428571428,4.8324024313966545,True,1.0531969081421302,0.19672996103661333,4.8324024313966545,0.7580963665086887
KIF4A,2.265133705540139,3.912278915270307e-14,0.8452098360839031,1.1491176291124672e-06,0.007142857142857143,0.11979865834643606,True,2.265133705540139,0.8452098360839031,0.11979865834643606,0.7571748288572933
PAPPA2,-1.7883984715812344,4.987442489503841e-06,-0.9062957711604831,0.37984355863734237,0.007142857142857143,0.11979865834643606,True,1.7883984715812344,0.9062957711604831,0.11979865834643606,0.7570431806213797
PDX1,-1.4460832214179247,6.769082403722284e-07,-1.0196864347154282,1.440299839218944e-11,0.007142857142857143,0.11979865834643606,True,1.4460832214179247,1.0196864347154282,0.11979865834643606,0.7563849394418114
NOTCH1,-0.37234108156938817,0.003554986275162049,0.5472610982535109,0.0002814535086819738,0.014285714285714285,0.3827710261184941,False,0.37234108156938817,0.5472610982535109,0.3827710261184941,0.7562532912058979
IL4I1,1.2868771976801225,3.1000983597523675e-05,1.1085587206064496,2.96642623506725e-26,0.007142857142857143,0.11979865834643606,True,1.2868771976801225,1.1085587206064496,0.11979865834643606,0.7562532912058977
FAM174B,-1.0634050443596763,2.205039030927959e-05,-1.680832821093567,6.848776097977029e-18,0.007142857142857143,0.11979865834643606,True,1.0634050443596763,1.680832821093567,0.11979865834643606,0.7562532912058977
ADAMTS12,1.2625861056376326,5.109503652700838e-05,1.1202658410288322,8.473567739706203e-26,0.007142857142857143,0.11979865834643606,True,1.2625861056376326,1.1202658410288322,0.11979865834643606,0.7558583464981569
TUBAL3,1.0863182990740692,2.748552085977822e-05,-1.499139018446341,0.12412371452332624,0.007142857142857143,0.11979865834643606,False,1.0863182990740692,1.499139018446341,0.11979865834643606,0.7557266982622433
NDST1,-0.7357820516804328,7.485756553946277e-08,-0.33505572882443246,0.0009126550910826922,0.014285714285714285,0.3827710261184941,True,0.7357820516804328,0.33505572882443246,0.3827710261184941,0.7552001053185886
ACSL5,1.644692155344062,1.034667360819594e-11,0.910687562808814,1.544592873678011e-14,0.007142857142857143,0.11979865834643606,True,1.644692155344062,0.910687562808814,0.11979865834643606,0.7546735123749341
ADAMTS7,1.1036712783891396,2.760254472902636e-06,1.380914843904538,1.992071571893432e-17,0.007142857142857143,0.11979865834643606,True,1.1036712783891396,1.380914843904538,0.11979865834643606,0.7545418641390205
NBEA,-0.9388410096189723,7.626141760715808e-16,-0.3014625861527769,5.120085155296217e-10,0.014285714285714285,0.3827710261184941,True,0.9388410096189723,0.3014625861527769,0.3827710261184941,0.7545418641390205
CRAT,-1.1037237476477042,0.00014692481366291446,-1.2963714105629478,3.261471052441231e-19,0.007142857142857143,0.11979865834643606,True,1.1037237476477042,1.2963714105629478,0.11979865834643606,0.7534886782517114
PABPC4,-1.0393193256267441,6.404990632212966e-05,-1.429783464895717,1.6125989975604217e-26,0.007142857142857143,0.11979865834643606,True,1.0393193256267441,1.429783464895717,0.11979865834643606,0.7525671406003158
GOLGA8J,-1.0509433808512494,0.00240179993663996,-1.3896910857019904,3.713288663847878e-11,0.007142857142857143,0.11979865834643606,True,1.0509433808512494,1.3896910857019904,0.11979865834643606,0.7524354923644023
TRIM63,-1.3391975026592626,9.72227387024005e-06,0.9938160967390743,0.25734619729126645,0.007142857142857143,0.11979865834643606,False,1.3391975026592626,0.9938160967390743,0.11979865834643606,0.7523038441284886
MARCO,2.562512578627584,1.1151742052891912e-05,0.7604878856539798,4.755346422542933e-08,0.007142857142857143,0.11979865834643606,True,2.562512578627584,0.7604878856539798,0.11979865834643606,0.7523038441284886
ZBTB16,-2.088657054722999,2.0253341689867345e-07,-0.7993165062812402,0.0010436419973189701,0.007142857142857143,0.11979865834643606,True,2.088657054722999,0.7993165062812402,0.11979865834643606,0.7515139547130067
GPX2,1.5438450404461825,5.346371421053824e-05,0.903136539794108,3.1920810355642205e-12,0.007142857142857143,0.11979865834643606,True,1.5438450404461825,0.903136539794108,0.11979865834643606,0.7513823064770931
NOVA1,-1.0253511055418096,2.2690188095560765e-05,-1.418633580531706,0.2171215175118616,0.007142857142857143,0.11979865834643606,True,1.0253511055418096,1.418633580531706,0.11979865834643606,0.7513823064770931
KYNU,1.2639604605249417,2.026802306385575e-06,1.0271708027693336,7.519777244988259e-23,0.007142857142857143,0.11979865834643606,True,1.2639604605249417,1.0271708027693336,0.11979865834643606,0.7512506582411795
CD36,-1.5501803433515846,4.274211088626949e-07,-0.8981575867052349,1.3811040570094613e-08,0.007142857142857143,0.11979865834643606,True,1.5501803433515846,0.8981575867052349,0.11979865834643606,0.7512506582411795
ANO1,1.2465242471946318,1.3045183779402485e-06,1.033635103951191,7.520029608784519e-24,0.007142857142857143,0.11979865834643606,True,1.2465242471946318,1.033635103951191,0.11979865834643606,0.750724065297525
DNAH5,-0.24158204647615555,0.26876402481873574,0.5651500181560287,0.03141481691913204,0.02857142857142857,1.2631321245564464,False,0.24158204647615555,0.5651500181560287,1.2631321245564464,0.7505265929436544
PALM3,-1.1196284063015058,0.00023832546758638897,-1.148675878215716,7.05462650984596e-20,0.007142857142857143,0.11979865834643606,True,1.1196284063015058,1.148675878215716,0.11979865834643606,0.7500658241179567
PFKP,1.327618817176468,5.7383636224014907e-11,0.9616879165248449,3.218836235376878e-41,0.007142857142857143,0.11979865834643606,True,1.327618817176468,0.9616879165248449,0.11979865834643606,0.749934175882043
EVPL,1.581189632217539,1.7416504583185857e-09,0.87568502446058,2.4896708930972826e-31,0.007142857142857143,0.11979865834643606,True,1.581189632217539,0.87568502446058,0.11979865834643606,0.7496708794102158
COL8A1,1.1073111263535367,0.0011285146389019218,1.1700627768474767,1.4460268610034027e-17,0.007142857142857143,0.11979865834643606,True,1.1073111263535367,1.1700627768474767,0.11979865834643606,0.7496708794102158
TFAP2C,0.8289531390158773,0.004769450582423392,-0.23758615768988456,0.24539461224099865,0.02142857142857143,0.7707690936040651,False,0.8289531390158773,0.23758615768988456,0.7707690936040651,0.7495392311743023
LEFTY1,-2.8903697043746748,0.00011822542421507478,-0.7050645820436294,3.3860509258922105e-05,0.007142857142857143,0.11979865834643606,True,2.8903697043746748,0.7050645820436294,0.11979865834643606,0.7486176935229067
LY75-CD302,2.0249876949219576,0.0017624171573438607,0.786702470327505,4.1531233359099274e-30,0.007142857142857143,0.11979865834643606,True,2.0249876949219576,0.786702470327505,0.11979865834643606,0.7483543970510794
PCP4,-1.1893651317011478,5.454726204982797e-05,-1.0143548643008558,5.337577679632707e-06,0.007142857142857143,0.11979865834643606,True,1.1893651317011478,1.0143548643008558,0.11979865834643606,0.747432859399684
APOBR,0.2903379311916847,0.16133295607853704,0.6330006667452395,1.8957971223005712e-13,0.014285714285714285,0.3827710261184941,True,0.2903379311916847,0.6330006667452395,0.3827710261184941,0.747432859399684
ITGA11,1.691120833840488,8.411479269221823e-09,0.8207341175875911,1.596382191021872e-19,0.007142857142857143,0.11979865834643606,True,1.691120833840488,0.8207341175875911,0.11979865834643606,0.7473012111637704
IGFLR1,-0.2842611023627315,0.07407587164731348,0.648617033621484,0.0030222560702823503,0.014285714285714285,0.3827710261184941,False,0.2842611023627315,0.648617033621484,0.3827710261184941,0.747037914691943
PAX6,-1.3272250473379668,7.744701700269454e-06,-0.9100534210003506,0.017389558270971665,0.007142857142857143,0.11979865834643606,True,1.3272250473379668,0.9100534210003506,0.11979865834643606,0.7461163770405476
HGF,-0.342356880546685,0.06535339891052733,0.5468561647274477,6.407109341374383e-06,0.014285714285714285,0.3827710261184941,False,0.342356880546685,0.5468561647274477,0.3827710261184941,0.7447998946814112
FREM2,-1.179908190995011,7.232357996631314e-05,-0.976519481164221,1.4982433525504646e-14,0.007142857142857143,0.11979865834643606,True,1.179908190995011,0.976519481164221,0.11979865834643606,0.7444049499736702
TMEM72,-2.4645823555356596,3.462011951270304e-08,-0.7000343456272091,0.050202635890485424,0.007142857142857143,0.11979865834643606,True,2.4645823555356596,0.7000343456272091,0.11979865834643606,0.7442733017377566
SPOCK1,0.8449112211137333,2.231551548513458e-05,-0.2883212111170863,0.252836409257915,0.014285714285714285,0.3827710261184941,False,0.8449112211137333,0.2883212111170863,0.3827710261184941,0.7422985781990521
BAIAP2L1,1.1478913489599005,2.5280164697971322e-09,0.9514814847289657,6.964863310934687e-37,0.007142857142857143,0.11979865834643606,True,1.1478913489599005,0.9514814847289657,0.11979865834643606,0.7417719852553974
SRCIN1,-1.0427553535129732,2.7484206670074595e-05,-1.0392075719570641,1.348819890812446e-20,0.007142857142857143,0.11979865834643606,True,1.0427553535129732,1.0392075719570641,0.11979865834643606,0.7413770405476565
OAS3,1.109803238470322,4.844968151668515e-12,0.9794910971276778,1.2347961394581402e-30,0.007142857142857143,0.11979865834643606,True,1.109803238470322,0.9794910971276778,0.11979865834643606,0.7413770405476565
PDPN,0.9195638174614533,0.00025555533282972046,1.2892543462258068,0.0028479196685948405,0.007142857142857143,0.11979865834643606,True,0.9195638174614533,1.2892543462258068,0.11979865834643606,0.7409820958399157
ALMS1,-0.4353455916386135,4.1646607119822536e-05,-0.41413887244805636,1.6540839650068537e-06,0.014285714285714285,0.3827710261184941,True,0.4353455916386135,0.41413887244805636,0.3827710261184941,0.7405871511321749
PREX1,-0.36220825368110887,0.0267704608385687,0.4906110354388389,2.496407488350435e-11,0.014285714285714285,0.3827710261184941,False,0.36220825368110887,0.4906110354388389,0.3827710261184941,0.7403238546603474
FLRT2,-2.111567056748145,1.6934409993123288e-16,-0.6937398030259629,2.1713414242524866e-11,0.007142857142857143,0.11979865834643606,True,2.111567056748145,0.6937398030259629,0.11979865834643606,0.7401922064244338
LYZ,1.1863238865117633,9.160713963874147e-06,0.9045744609023778,1.3736023645292411e-12,0.007142857142857143,0.11979865834643606,True,1.1863238865117633,0.9045744609023778,0.11979865834643606,0.7396656134807793
COL5A2,1.0570712072244248,0.0003439869704309777,1.000545729986591,1.0015171178807111e-22,0.007142857142857143,0.11979865834643606,True,1.0570712072244248,1.000545729986591,0.11979865834643606,0.7395339652448656
CUX2,-1.2903684256715127,0.00014470289897787657,-0.22591683517713435,0.6962939459891746,0.014285714285714285,0.3827710261184941,True,1.2903684256715127,0.22591683517713435,0.3827710261184941,0.7382174828857293
KRT7,1.0286887563209195,0.0005469683022779532,1.0075470134180158,1.5208018294549615e-23,0.007142857142857143,0.11979865834643606,True,1.0286887563209195,1.0075470134180158,0.11979865834643606,0.7382174828857293
SYT8,1.6417154513387668,2.2332329249479388e-05,0.7293071578292079,0.00037647597990395185,0.007142857142857143,0.11979865834643606,True,1.6417154513387668,0.7293071578292079,0.11979865834643606,0.737954186413902
SP140,0.5024491954456725,0.06650530815720034,0.36441285082399233,0.05512202955838668,0.014285714285714285,0.3827710261184941,True,0.5024491954456725,0.36441285082399233,0.3827710261184941,0.7376908899420748
NEURL1,-2.404508815534486,1.4967898196427903e-13,-0.1788676712857189,0.2918264411762842,0.014285714285714285,0.3827710261184941,True,2.404508815534486,0.1788676712857189,0.3827710261184941,0.7369010005265929
AFF3,-0.36561597997393136,0.13919588651604026,-0.47478708635417277,0.007632129998266834,0.014285714285714285,0.3827710261184941,True,0.36561597997393136,0.47478708635417277,0.3827710261184941,0.7366377040547656
PIGQ,-0.4600724392041631,0.0042871743134898395,-0.3866623298151719,0.0834599236391013,0.014285714285714285,0.3827710261184941,True,0.4600724392041631,0.3866623298151719,0.3827710261184941,0.7357161664033702
SAMD9,1.2178438766460182,7.64077130045442e-12,0.8351418309832646,1.705902497820485e-36,0.007142857142857143,0.11979865834643606,True,1.2178438766460182,0.8351418309832646,0.11979865834643606,0.7354528699315428
MYOF,1.0951403510925548,2.848124107359874e-09,0.9048375716212114,4.545537260740798e-28,0.007142857142857143,0.11979865834643606,True,1.0951403510925548,0.9048375716212114,0.11979865834643606,0.7351895734597156
RAD54B,0.86423896315977,2.2551793869662866e-10,1.2094349296267701,0.001962335064501154,0.007142857142857143,0.11979865834643606,True,0.86423896315977,1.2094349296267701,0.11979865834643606,0.7349262769878883
STK33,-1.2143187051479911,7.840461330004102e-11,-0.8276129249214961,2.4155247166994804e-13,0.007142857142857143,0.11979865834643606,True,1.2143187051479911,0.8276129249214961,0.11979865834643606,0.7342680358083201
SULF2,0.8395566452083383,0.000137594248720401,1.2474523508730506,1.681301220594201e-16,0.007142857142857143,0.11979865834643606,True,0.8395566452083383,1.2474523508730506,0.11979865834643606,0.7341363875724065
FLAD1,0.5351730309765124,1.2602478449428303e-09,0.34308798948438124,5.166514963964447e-09,0.014285714285714285,0.3827710261184941,True,0.5351730309765124,0.34308798948438124,0.3827710261184941,0.7334781463928384
SPTA1,-0.18591345680868798,0.5371905099193474,-0.6523638758669712,3.578177922326336e-07,0.02142857142857143,0.7707690936040651,True,0.18591345680868798,0.6523638758669712,0.7707690936040651,0.7332148499210109
PHLPP1,-0.8755416997256251,1.7918614568329634e-06,-1.1299080503568106,0.004048095755828348,0.007142857142857143,0.11979865834643606,True,0.8755416997256251,1.1299080503568106,0.11979865834643606,0.7330832016850973
CENPE,1.7110575348342634,4.229764635400021e-10,-0.6858274826731972,0.018836545313763317,0.007142857142857143,0.11979865834643606,False,1.7110575348342634,0.6858274826731972,0.11979865834643606,0.7329515534491837
GATA4,-0.9410281859347247,0.10719549063191058,-1.014864950648981,1.4979340448847548e-05,0.007142857142857143,0.11979865834643606,True,0.9410281859347247,1.014864950648981,0.11979865834643606,0.73281990521327
KLKB1,-1.7432845612341028,1.3152177760336602e-12,0.6809114975720512,2.0570864340941845e-11,0.007142857142857143,0.11979865834643606,False,1.7432845612341028,0.6809114975720512,0.11979865834643606,0.7326882569773565
FUT1,-0.7347915394474107,0.002807895649107935,-1.5996078049643003,1.0380917594711587e-07,0.007142857142857143,0.11979865834643606,True,0.7347915394474107,1.5996078049643003,0.11979865834643606,0.7321616640337019
PLEC,0.9443735020289328,5.7065265681529484e-11,0.9937227268997795,3.617440278869253e-43,0.007142857142857143,0.11979865834643606,True,0.9443735020289328,0.9937227268997795,0.11979865834643606,0.7316350710900472
ITGA7,-0.9187031186365608,0.0002777091066144993,-0.25195494688883713,0.020148011567090104,0.014285714285714285,0.3827710261184941,True,0.9187031186365608,0.25195494688883713,0.3827710261184941,0.7311084781463928
ANTXR1,0.9676433748704074,1.8621586120168242e-05,0.9497278891240235,4.191907200305355e-23,0.007142857142857143,0.11979865834643606,True,0.9676433748704074,0.9497278891240235,0.11979865834643606,0.7309768299104791
HK3,0.8559481430932028,0.0005363836150865257,1.0789495708191588,6.807091499773129e-25,0.007142857142857143,0.11979865834643606,True,0.8559481430932028,1.0789495708191588,0.11979865834643606,0.7292654028436019
ANOS1,0.9406030169258326,0.00025096586730943935,0.9488817240101142,3.963997400815468e-10,0.007142857142857143,0.11979865834643606,True,0.9406030169258326,0.9488817240101142,0.11979865834643606,0.72847551342812
FMO1,-0.6302305012764648,0.0018126418195183547,-0.297200722618296,0.006310856466800978,0.014285714285714285,0.3827710261184941,True,0.6302305012764648,0.297200722618296,0.3827710261184941,0.7279489204844656
FBXO10,-0.6828641810679361,6.910296262927202e-09,1.5895101083049248,0.009579546910151565,0.007142857142857143,0.11979865834643606,False,0.6828641810679361,1.5895101083049248,0.11979865834643606,0.7278172722485517
C9,1.0248854649767887,2.0310703668859707e-07,0.8705900380940896,4.6505528181565915e-15,0.007142857142857143,0.11979865834643606,True,1.0248854649767887,0.8705900380940896,0.11979865834643606,0.7276856240126381
BSN,-1.392593004561066,2.510249532850277e-11,-0.1950341792889425,0.3111817187017817,0.014285714285714285,0.3827710261184941,True,1.392593004561066,0.1950341792889425,0.3827710261184941,0.7276856240126381
EDIL3,1.3519626515648522,2.7171012362881194e-05,0.7036437601777976,9.469077293738786e-13,0.007142857142857143,0.11979865834643606,True,1.3519626515648522,0.7036437601777976,0.11979865834643606,0.7272906793048972
ECI2,-0.8072374987889415,4.960712822752771e-06,-1.0951068931467702,3.881360113060289e-25,0.007142857142857143,0.11979865834643606,True,0.8072374987889415,1.0951068931467702,0.11979865834643606,0.7266324381253291
CRAMP1,-0.17495188228714476,0.01549659324016766,-0.9750928785488497,0.0020576795383928045,0.014285714285714285,0.3827710261184941,True,0.17495188228714476,0.9750928785488497,0.3827710261184941,0.7261058451816745
KRAS,0.6328324480973002,2.8485515565031683e-08,0.1958061932409656,0.00012334910798388645,0.9642857142857143,260.7578652674949,True,0.6328324480973002,0.1958061932409656,260.7578652674949,0.7260400210637177
PHYHIPL,-1.501495928522921,1.100328769771172e-06,-0.6735115480870597,2.478304708604349e-10,0.007142857142857143,0.11979865834643606,True,1.501495928522921,0.6735115480870597,0.11979865834643606,0.7258425487098472
LGALS3BP,0.7742659145278896,1.6206105534057754e-06,1.1508168303382327,1.6582886132757525e-34,0.007142857142857143,0.11979865834643606,True,0.7742659145278896,1.1508168303382327,0.11979865834643606,0.7258425487098472
CLSPN,0.8645286113527728,9.132039906543787e-12,-0.2496587960958081,0.678286135802127,0.014285714285714285,0.3827710261184941,False,0.8645286113527728,0.2496587960958081,0.3827710261184941,0.72557925223802
NFIA,-1.0059195109088837,2.690457252884281e-09,-0.8466107040543562,1.9131186591547225e-39,0.007142857142857143,0.11979865834643606,True,1.0059195109088837,0.8466107040543562,0.11979865834643606,0.7253159557661927
SCD5,-0.9778695784007763,2.4239306720656024e-12,-0.8655366549029111,1.4566886322294384e-09,0.007142857142857143,0.11979865834643606,True,0.9778695784007763,0.8655366549029111,0.11979865834643606,0.7247893628225381
BOC,-0.8257398930620159,5.131883930552241e-05,-1.0307437583305674,0.006044576689497934,0.007142857142857143,0.11979865834643606,True,0.8257398930620159,1.0307437583305674,0.11979865834643606,0.7246577145866244
UGT1A6,3.510437507245075,9.077822140952175e-09,0.5764118641640295,0.0009496900201402561,0.007142857142857143,0.11979865834643606,True,3.510437507245075,0.5764118641640295,0.11979865834643606,0.7246577145866244
AFM,-2.121624732705105,5.397995668579602e-07,0.6088162028012007,8.932863686454858e-10,0.007142857142857143,0.11979865834643606,False,2.121624732705105,0.6088162028012007,0.11979865834643606,0.7245260663507108
MPP7,-0.9470210053811297,4.4391213701197194e-06,-0.8907953266655646,1.207511399205389e-24,0.007142857142857143,0.11979865834643606,True,0.9470210053811297,0.8907953266655646,0.11979865834643606,0.7239994734070563
ABCA9,-0.6544386650461451,0.00011235814075029479,-1.4436775486099211,0.034221245243632875,0.007142857142857143,0.11979865834643606,True,0.6544386650461451,1.4436775486099211,0.11979865834643606,0.7234728804634016
SI,-1.0694945090977392,0.14148789252660562,-0.13674163098650993,0.4269379918182732,0.02857142857142857,1.2631321245564464,True,1.0694945090977392,0.13674163098650993,1.2631321245564464,0.7234070563454449
PICALM,0.25066223403720045,0.005889746129695318,0.6045087533743185,2.1379883982802298e-19,0.014285714285714285,0.3827710261184941,True,0.25066223403720045,0.6045087533743185,0.3827710261184941,0.7233412322274881
ITPR3,0.9541861710813393,5.27770543402742e-12,0.8659234597320058,9.82227134507353e-34,0.007142857142857143,0.11979865834643606,True,0.9541861710813393,0.8659234597320058,0.11979865834643606,0.7229462875197472
AKR1C4,1.150925059656669,0.002048685504774441,-0.7283283115099373,6.643565079528847e-06,0.007142857142857143,0.11979865834643606,False,1.150925059656669,0.7283283115099373,0.11979865834643606,0.7218931016324381
LRIG1,-1.1141700207840142,0.0001100503594627753,-0.7394332491641933,4.721709052756759e-10,0.007142857142857143,0.11979865834643606,True,1.1141700207840142,0.7394332491641933,0.11979865834643606,0.7216298051606107
LAMA2,-0.6127870185216491,0.0005691510920724086,-0.2866265850693246,0.000688104972885603,0.014285714285714285,0.3827710261184941,True,0.6127870185216491,0.2866265850693246,0.3827710261184941,0.7214981569246972
NKD2,0.6595531519412585,0.0017175587803188036,1.2826647986529913,0.06434260566562075,0.007142857142857143,0.11979865834643606,True,0.6595531519412585,1.2826647986529913,0.11979865834643606,0.7212348604528698
ASXL1,-0.45815561860120013,6.488203477089167e-06,-0.3421614911157498,0.21424770400581117,0.014285714285714285,0.3827710261184941,True,0.45815561860120013,0.3421614911157498,0.3827710261184941,0.7203133228014744
PPP1R12A,0.3261223399359299,0.00041976413393112307,0.4718751736171356,1.7780930553579804e-17,0.014285714285714285,0.3827710261184941,True,0.3261223399359299,0.4718751736171356,0.3827710261184941,0.7203133228014744
COBLL1,-0.6511516677049993,0.0008748657217520616,-1.2934124436332617,1.098244809024881e-28,0.007142857142857143,0.11979865834643606,True,0.6511516677049993,1.2934124436332617,0.11979865834643606,0.7200500263296471
GOLGA8B,-1.4417867412246572,5.918982076439093e-05,0.6389485100116161,0.00222493944885405,0.007142857142857143,0.11979865834643606,False,1.4417867412246572,0.6389485100116161,0.11979865834643606,0.7196550816219062
MYEF2,-0.7876355447512964,1.3715262347859475e-11,-0.98327286729889,7.255301247727049e-36,0.007142857142857143,0.11979865834643606,True,0.7876355447512964,0.98327286729889,0.11979865834643606,0.7193917851500788
SLC6A19,-0.9097293560978557,0.02546762350919273,-0.2316459326975533,0.21472774982758494,0.014285714285714285,0.3827710261184941,True,0.9097293560978557,0.2316459326975533,0.3827710261184941,0.7191284886782516
CDON,-1.0973004736209795,3.673001375298415e-07,-0.7291415564489299,0.0073819854564075695,0.007142857142857143,0.11979865834643606,True,1.0973004736209795,0.7291415564489299,0.11979865834643606,0.718996840442338
HSF2BP,1.0366940538750207,1.0891841499890455e-07,-0.7507228610548538,8.333370675795476e-11,0.007142857142857143,0.11979865834643606,False,1.0366940538750207,0.7507228610548538,0.11979865834643606,0.7187335439705107
CYP2C19,1.3757608774720032,3.1534037344117355e-06,-0.6426207370553172,0.005894077365412318,0.007142857142857143,0.11979865834643606,False,1.3757608774720032,0.6426207370553172,0.11979865834643606,0.7186018957345971
ITGA3,1.6353884483159735,5.351089499831055e-12,0.6158027887097468,5.844904042531424e-18,0.007142857142857143,0.11979865834643606,True,1.6353884483159735,0.6158027887097468,0.11979865834643606,0.7186018957345971
ARMCX4,-0.353322335002213,3.852925312644946e-06,0.42286516851461187,0.2799943360140156,0.014285714285714285,0.3827710261184941,False,0.353322335002213,0.42286516851461187,0.3827710261184941,0.7182069510268563
PRIMPOL,-0.19558230994690184,0.0191941193635486,-0.7398211729368764,0.007857707012403453,0.014285714285714285,0.3827710261184941,True,0.19558230994690184,0.7398211729368764,0.3827710261184941,0.7180753027909426
ADAM12,0.7652240705847326,0.010461938172847227,0.992505082882932,0.00157431085624554,0.007142857142857143,0.11979865834643606,True,0.7652240705847326,0.992505082882932,0.11979865834643606,0.7180753027909426
PACS2,-0.3830745976348453,0.0002512001969641662,-0.39455310763132445,1.2544841026334907e-12,0.014285714285714285,0.3827710261184941,True,0.3830745976348453,0.39455310763132445,0.3827710261184941,0.7180753027909426
LAYN,0.6063403959111611,0.0021088689416047363,1.422844137528621,6.796932246355094e-07,0.007142857142857143,0.11979865834643606,True,0.6063403959111611,1.422844137528621,0.11979865834643606,0.7175487098472879
PPFIA3,-0.29640557345538365,0.07501366945511,-0.49122626582479256,0.0040741727528864815,0.014285714285714285,0.3827710261184941,True,0.29640557345538365,0.49122626582479256,0.3827710261184941,0.7171537651395471
CELSR1,1.4702032478898275,1.425137111792613e-12,0.627469672323393,1.1051470799690572e-08,0.007142857142857143,0.11979865834643606,True,1.4702032478898275,0.627469672323393,0.11979865834643606,0.7168904686677198
ULK1,-0.6890774465547764,0.0009796199553320703,0.1891239871074255,0.5267135238600602,0.02142857142857143,0.7707690936040651,False,0.6890774465547764,0.1891239871074255,0.7707690936040651,0.7164955239599788
CIRBP,-0.9373843732483405,1.994072997858262e-11,-0.8028268560620724,4.550360420207915e-23,0.007142857142857143,0.11979865834643606,True,0.9373843732483405,0.8028268560620724,0.11979865834643606,0.7163638757240652
TFEC,0.21776968324639867,0.2910262055940881,0.47079268851604184,0.2563643083033567,0.02857142857142857,1.2631321245564464,True,0.21776968324639867,0.47079268851604184,1.2631321245564464,0.7161664033701949
MUC1,1.2164237151432271,0.0015614208946648704,0.6639949732104888,1.4558966128856285e-12,0.007142857142857143,0.11979865834643606,True,1.2164237151432271,0.6639949732104888,0.11979865834643606,0.715705634544497
SBSN,1.301027810987525,9.805508788100712e-09,0.6389436075213979,0.0010166613802644006,0.007142857142857143,0.11979865834643606,True,1.301027810987525,0.6389436075213979,0.11979865834643606,0.7155739863085835
KLK11,0.9556673342800366,0.017392024425427453,0.7815778962698552,3.7369032748888095e-05,0.007142857142857143,0.11979865834643606,True,0.9556673342800366,0.7815778962698552,0.11979865834643606,0.715310689836756
CDCP1,1.2315615783422835,1.6749478020261717e-09,0.6493129856491997,2.5898343055016836e-14,0.007142857142857143,0.11979865834643606,True,1.2315615783422835,0.6493129856491997,0.11979865834643606,0.7146524486571879
NUPR1,-0.563568570676015,0.003683143087282509,-1.958799246477028,2.207617393859711e-09,0.007142857142857143,0.11979865834643606,True,0.563568570676015,1.958799246477028,0.11979865834643606,0.7146524486571879
RUNX1T1,-0.20006787805559867,0.3391145587724696,0.529788833050592,0.37895799808886754,0.02142857142857143,0.7707690936040651,False,0.20006787805559867,0.529788833050592,0.7707690936040651,0.7145208004212743
NOTCH3,0.19168999746762516,0.12202925760988571,0.7256840061733705,1.6492814731059707e-16,0.014285714285714285,0.3827710261184941,True,0.19168999746762516,0.7256840061733705,0.3827710261184941,0.7145208004212743
APLP1,-1.7899309708621587,9.159898747852353e-10,-0.5857599600819405,0.12301802818008513,0.007142857142857143,0.11979865834643606,True,1.7899309708621587,0.5857599600819405,0.11979865834643606,0.714257503949447
PLCXD3,-1.492063549485854,1.412139723567276e-07,-0.6123912872221382,2.4945813318888727e-10,0.007142857142857143,0.11979865834643606,True,1.492063549485854,0.6123912872221382,0.11979865834643606,0.7141258557135334
PSEN2,-0.5592592371481455,0.0012765525374372982,-2.03473674471244,2.531496525199603e-12,0.007142857142857143,0.11979865834643606,True,0.5592592371481455,2.03473674471244,0.11979865834643606,0.7141258557135334
CTSG,-1.4098637165905163,0.0008310951159514415,0.6156505479330576,1.895437487496518e-08,0.007142857142857143,0.11979865834643606,False,1.4098637165905163,0.6156505479330576,0.11979865834643606,0.7126777251184834
PLCB1,-0.6570304840392396,2.2841932481525752e-05,-1.04416695920046,2.1478216573274117e-22,0.007142857142857143,0.11979865834643606,True,0.6570304840392396,1.04416695920046,0.11979865834643606,0.7125460768825697
DUOX2,0.9005351562246116,0.09788782025043839,0.7970457252827998,5.619263742555189e-12,0.007142857142857143,0.11979865834643606,True,0.9005351562246116,0.7970457252827998,0.11979865834643606,0.7122827804107424
IL1RAP,1.261912982571305,2.395650380798725e-09,0.6308313426150889,1.2385561780012533e-12,0.007142857142857143,0.11979865834643606,True,1.261912982571305,0.6308313426150889,0.11979865834643606,0.7122827804107423
ALDH1A2,-0.8224667477426735,0.001632619373252563,-0.850364261542186,2.614913435367895e-14,0.007142857142857143,0.11979865834643606,True,0.8224667477426735,0.850364261542186,0.11979865834643606,0.7116245392311742
MEX3D,0.5826160702805794,2.9435484579899886e-06,-1.2768919926710396,0.004611960436289068,0.007142857142857143,0.11979865834643606,False,0.5826160702805794,1.2768919926710396,0.11979865834643606,0.7110979462875197
ATRNL1,-1.7884331798772957,9.93483242936844e-10,-0.5679290956176093,0.1430527664508881,0.007142857142857143,0.11979865834643606,True,1.7884331798772957,0.5679290956176093,0.11979865834643606,0.7104397051079514
CASP14,1.1860126020819628,0.001382747541199016,0.6375768598437972,0.008409703228375276,0.007142857142857143,0.11979865834643606,True,1.1860126020819628,0.6375768598437972,0.11979865834643606,0.7101764086361242
MADCAM1,-1.601329928912775,0.00019368574283779144,-0.5794053090015296,0.015021016091845975,0.007142857142857143,0.11979865834643606,True,1.601329928912775,0.5794053090015296,0.11979865834643606,0.7096498156924697
ZNF568,-0.5549489287646043,2.2276360826261212e-10,-1.4962587951790738,6.267141968483164e-06,0.007142857142857143,0.11979865834643606,True,0.5549489287646043,1.4962587951790738,0.11979865834643606,0.7091232227488151
ARNT2,-0.7025055303319174,1.1472814617081634e-06,-0.922301318397734,0.08866243503166853,0.007142857142857143,0.11979865834643606,True,0.7025055303319174,0.922301318397734,0.11979865834643606,0.7088599262769878
DCX,-1.3885805462430474,7.527542477287754e-07,-0.6006696789932846,0.006522372834967566,0.007142857142857143,0.11979865834643606,True,1.3885805462430474,0.6006696789932846,0.11979865834643606,0.7084649815692469
DTD2,-0.09759929410730805,0.20479660854096032,-1.0463669053930857,6.349591453599951e-10,0.02142857142857143,0.7707690936040651,True,0.09759929410730805,1.0463669053930857,0.7707690936040651,0.7076750921537651
MICALL2,0.9682117311085374,1.4364130739226022e-09,0.6954890834518359,2.4471823685646004e-25,0.007142857142857143,0.11979865834643606,True,0.9682117311085374,0.6954890834518359,0.11979865834643606,0.7071484992101105
MELTF,1.2794581372516411,5.8453024223931085e-09,0.6052903710193185,4.03024705384633e-12,0.007142857142857143,0.11979865834643606,True,1.2794581372516411,0.6052903710193185,0.11979865834643606,0.7060953133228014
CEP152,0.13691505297280315,0.10026628508469553,1.0924281942129177,0.026203548794780044,0.014285714285714285,0.3827710261184941,True,0.13691505297280315,1.0924281942129177,0.3827710261184941,0.7057003686150605
NRP2,0.9993926733259482,1.2764350566614797e-05,0.6689693109039396,3.7591118212246813e-19,0.007142857142857143,0.11979865834643606,True,0.9993926733259482,0.6689693109039396,0.11979865834643606,0.704778830963665
CALML5,1.1107118610811755,1.1813948017908996e-06,0.6289583233153344,0.15241139660274505,0.007142857142857143,0.11979865834643606,True,1.1107118610811755,0.6289583233153344,0.11979865834643606,0.7039889415481833
HECW1,1.2588576400568892,0.00032340592587947235,0.15417455607447295,0.16124724232638646,0.014285714285714285,0.3827710261184941,True,1.2588576400568892,0.15417455607447295,0.3827710261184941,0.7035939968404423
ARHGEF10L,-0.7661383304358935,6.751421878935911e-07,-0.8011043946843515,3.569812740239668e-18,0.007142857142857143,0.11979865834643606,True,0.7661383304358935,0.8011043946843515,0.11979865834643606,0.703330700368615
HK1,0.7247975474741004,1.7194785101398408e-07,0.8367121475875052,1.6691710518531137e-35,0.007142857142857143,0.11979865834643606,True,0.7247975474741004,0.8367121475875052,0.11979865834643606,0.7031990521327014
VARS2,-0.2151516240756326,0.02721801810034249,-0.5925622289502677,8.646268682575953e-10,0.014285714285714285,0.3827710261184941,True,0.2151516240756326,0.5925622289502677,0.3827710261184941,0.7028041074249605
ABCC8,-2.358722988300439,1.1361242286859003e-10,0.07060414778274549,0.7145675488864861,0.02142857142857143,0.7707690936040651,False,2.358722988300439,0.07060414778274549,0.7707690936040651,0.7026724591890467
ARFGEF3,-0.7274116205251069,0.00016464805157880488,-0.8247759427857595,4.262694866885668e-20,0.007142857142857143,0.11979865834643606,True,0.7274116205251069,0.8247759427857595,0.11979865834643606,0.7024091627172195
KRT23,1.267744851496996,0.0016962598864700207,0.5904984749756217,5.659529560090995e-06,0.007142857142857143,0.11979865834643606,True,1.267744851496996,0.5904984749756217,0.11979865834643606,0.7022775144813058
HERC2,-0.402529665823792,5.587243992212605e-07,-0.24750781256518906,0.0007854050747679844,0.02857142857142857,1.2631321245564464,True,0.402529665823792,0.24750781256518906,1.2631321245564464,0.7022116903633491
PDGFD,-1.3965638542492744,2.0976094226585646e-10,-0.57081909004377,0.0003476720879250057,0.007142857142857143,0.11979865834643606,True,1.3965638542492744,0.57081909004377,0.11979865834643606,0.7021458662453922
TNFRSF12A,0.8892447991472618,1.3790631906200348e-06,0.7038689949214358,2.546558227761665e-09,0.007142857142857143,0.11979865834643606,True,0.8892447991472618,0.7038689949214358,0.11979865834643606,0.7020142180094786
FAM83H,1.0763649466652332,7.637781781325674e-06,0.16607458337304948,0.003698761875335702,0.014285714285714285,0.3827710261184941,True,1.0763649466652332,0.16607458337304948,0.3827710261184941,0.7020142180094786
SLC1A4,-0.5693705255447981,0.00018063432022431854,-1.0758680469803323,2.363890859289854e-13,0.007142857142857143,0.11979865834643606,True,0.5693705255447981,1.0758680469803323,0.11979865834643606,0.7020142180094786
NAB2,0.34446719449054264,0.013412782759316283,0.39122170132668543,1.568229534273108e-08,0.014285714285714285,0.3827710261184941,True,0.34446719449054264,0.39122170132668543,0.3827710261184941,0.701882569773565
SPTB,-1.2681601599092271,2.2369290671113256e-12,-0.588634442026887,2.456471806449869e-07,0.007142857142857143,0.11979865834643606,True,1.2681601599092271,0.588634442026887,0.11979865834643606,0.7017509215376514
BMP2,0.608508885155274,0.000295194410831328,-0.9508041071133917,0.02063360527648228,0.007142857142857143,0.11979865834643606,False,0.608508885155274,0.9508041071133917,0.11979865834643606,0.7016192733017377
COL4A1,0.5501473578955896,0.005184999590818467,0.26702020728006204,0.00013028085448954458,0.014285714285714285,0.3827710261184941,True,0.5501473578955896,0.26702020728006204,0.3827710261184941,0.7014876250658241
NEB,0.4697751291511647,0.013016076248273176,-0.22333328600432623,0.026030972907116035,0.02142857142857143,0.7707690936040651,False,0.4697751291511647,0.22333328600432623,0.7707690936040651,0.6997761979989467
FCGBP,-0.8243694327198785,0.0005472825678516223,0.7182830941302782,4.924786967743529e-07,0.007142857142857143,0.11979865834643606,False,0.8243694327198785,0.7182830941302782,0.11979865834643606,0.6995129015271195
TNFRSF6B,2.3535608781776443,9.151838109661107e-10,0.4891345967324163,0.00011888371066213989,0.007142857142857143,0.11979865834643606,True,2.3535608781776443,0.4891345967324163,0.11979865834643606,0.6993812532912058
ZFP36,-0.07595599379502893,0.7521556183806826,-1.2073388390230058,0.0007148400401841122,0.02142857142857143,0.7707690936040651,True,0.07595599379502893,1.2073388390230058,0.7707690936040651,0.698591363875724
CPEB3,-0.8170557542943797,1.1119767897441222e-07,-0.7105983307596588,2.262234366786668e-06,0.007142857142857143,0.11979865834643606,True,0.8170557542943797,0.7105983307596588,0.11979865834643606,0.6978014744602421
SLIT1,-1.1406723488221342,9.131007874573868e-06,-0.5966308370935884,1.0660651615474907e-06,0.007142857142857143,0.11979865834643606,True,1.1406723488221342,0.5966308370935884,0.11979865834643606,0.6974065297525012
TFRC,0.684738716250175,3.0650786727845e-05,0.7991280763418764,3.2885835452268622e-24,0.007142857142857143,0.11979865834643606,True,0.684738716250175,0.7991280763418764,0.11979865834643606,0.6972748815165876
HDLBP,-0.5259346650348622,0.008647350684583827,-1.0956872705964003,8.556932000773899e-21,0.007142857142857143,0.11979865834643606,True,0.5259346650348622,1.0956872705964003,0.11979865834643606,0.6959583991574513
NR4A3,-1.0753686497475918,0.0005719372822389887,0.6037704838574456,0.0018100382742638104,0.007142857142857143,0.11979865834643606,False,1.0753686497475918,0.6037704838574456,0.11979865834643606,0.6954318062137967
SLC25A51,-0.20004665511459407,0.00033301047826923217,-0.596617964577419,4.062722851546232e-06,0.014285714285714285,0.3827710261184941,True,0.20004665511459407,0.596617964577419,0.3827710261184941,0.6954318062137967
HID1,-0.7222562522296361,0.005125105491937343,-0.754524331942072,2.3371088436902665e-13,0.007142857142857143,0.11979865834643606,True,0.7222562522296361,0.754524331942072,0.11979865834643606,0.695300157977883
CHDH,-0.8970581227470351,0.0006223743240793411,-0.6546844355087238,3.5051693693911907e-14,0.007142857142857143,0.11979865834643606,True,0.8970581227470351,0.6546844355087238,0.11979865834643606,0.6949052132701421
C3,-0.9872093229320349,1.474747379876892e-06,0.6178310277071759,1.5753263123268267e-10,0.007142857142857143,0.11979865834643606,False,0.9872093229320349,0.6178310277071759,0.11979865834643606,0.6946419167983149
SELP,-0.9711114661715197,0.00125896842319664,-0.16382944029291835,0.17640853870009476,0.014285714285714285,0.3827710261184941,True,0.9711114661715197,0.16382944029291835,0.3827710261184941,0.6943786203264877
BACH2,-0.5912695696742372,1.7225980271419263e-05,-0.8933667158205196,0.04169427614166038,0.007142857142857143,0.11979865834643606,True,0.5912695696742372,0.8933667158205196,0.11979865834643606,0.6941153238546602
KIAA1211,1.0248279913625247,9.214967154048815e-05,0.6082972706097856,5.09948426600893e-12,0.007142857142857143,0.11979865834643606,True,1.0248279913625247,0.6082972706097856,0.11979865834643606,0.6941153238546602
STIP1,0.5107857044057589,2.1785718360960456e-09,0.26373988487040734,1.930658706089215e-06,0.014285714285714285,0.3827710261184941,True,0.5107857044057589,0.26373988487040734,0.3827710261184941,0.6939836756187467
THBS4,-0.9453647408210379,0.00010451571558230765,0.6291944812434664,1.275756774772623e-10,0.007142857142857143,0.11979865834643606,False,0.9453647408210379,0.6291944812434664,0.11979865834643606,0.6935887309110057
NAA16,-0.5173640438132026,0.003780001714350735,-1.06527470267131,2.051748882626097e-22,0.007142857142857143,0.11979865834643606,True,0.5173640438132026,1.06527470267131,0.11979865834643606,0.6933254344391784
KPNA2,0.9602833024237949,1.4592181357604486e-08,0.6195360231034712,1.7592376007436144e-13,0.007142857142857143,0.11979865834643606,True,0.9602833024237949,0.6195360231034712,0.11979865834643606,0.6931937862032648
CSTA,0.7163616794200331,0.0030545220621209907,0.7418558556015178,1.5677994359079514e-10,0.007142857142857143,0.11979865834643606,True,0.7163616794200331,0.7418558556015178,0.11979865834643606,0.6930621379673512
SLC2A5,1.0726776858394533,2.9409590641247387e-05,0.15164457406131504,0.21874027160225254,0.014285714285714285,0.3827710261184941,True,1.0726776858394533,0.15164457406131504,0.3827710261184941,0.6930621379673512
HERC1,-0.4499235738391292,1.8867370186699823e-16,-0.2848319239296977,5.292166840071656e-09,0.014285714285714285,0.3827710261184941,True,0.4499235738391292,0.2848319239296977,0.3827710261184941,0.6930621379673512
L1CAM,0.1767483611301417,0.4279779870384235,-0.6363905383997235,7.073509250910524e-12,0.014285714285714285,0.3827710261184941,False,0.1767483611301417,0.6363905383997235,0.3827710261184941,0.6929304897314377
COL1A2,0.542074545729399,0.035823209625540184,0.9890629722903519,3.6944277197220214e-22,0.007142857142857143,0.11979865834643606,True,0.542074545729399,0.9890629722903519,0.11979865834643606,0.6926671932596102
APPBP2,-0.2552066758305731,0.0021293529265210974,-0.46258976010252084,0.0023780599534264095,0.014285714285714285,0.3827710261184941,True,0.2552066758305731,0.46258976010252084,0.3827710261184941,0.6925355450236967
AHR,0.6638931694708212,2.1697438744481108e-06,0.7741400798353588,7.876581377926233e-26,0.007142857142857143,0.11979865834643606,True,0.6638931694708212,0.7741400798353588,0.11979865834643606,0.692403896787783
CFH,0.15623594870257307,0.30044576309252075,0.731559691805657,5.091142698678884e-15,0.014285714285714285,0.3827710261184941,True,0.15623594870257307,0.731559691805657,0.3827710261184941,0.6922722485518693
RASAL1,1.446638257326505,7.764072431858144e-05,0.5201941587959631,1.7684352255366847e-12,0.007142857142857143,0.11979865834643606,True,1.446638257326505,0.5201941587959631,0.11979865834643606,0.6921406003159557
CEP68,-0.6532917003664576,1.5435416715374092e-10,-0.7885553217532539,8.310907929378851e-22,0.007142857142857143,0.11979865834643606,True,0.6532917003664576,0.7885553217532539,0.11979865834643606,0.6921406003159557
LTBP1,0.5142052043671193,0.001690125319389273,1.0374737899368291,2.8174447610782663e-30,0.007142857142857143,0.11979865834643606,True,0.5142052043671193,1.0374737899368291,0.11979865834643606,0.6914823591363874
TRPS1,0.23946892829232524,0.04094789538305124,0.38120135483008255,3.897498268750663e-05,0.02142857142857143,0.7707690936040651,True,0.23946892829232524,0.38120135483008255,0.7707690936040651,0.691350710900474
MTUS1,-0.5793646879454037,4.8030871171175894e-05,-0.8921530965354094,2.2946665273316696e-19,0.007142857142857143,0.11979865834643606,True,0.5793646879454037,0.8921530965354094,0.11979865834643606,0.6912190626645602
INSR,-0.7491989287124472,0.004671148014055445,-0.6963089984324959,6.10047830896534e-13,0.007142857142857143,0.11979865834643606,True,0.7491989287124472,0.6963089984324959,0.11979865834643606,0.6912190626645602
KMT2C,-0.430372019923805,5.497840380676466e-05,-0.1990878076602165,0.012190633023197523,0.04285714285714286,2.499001158180372,True,0.430372019923805,0.1990878076602165,2.499001158180372,0.690955766192733
GNAS,-0.4825781816130892,3.385920675492886e-05,-0.1682607164563592,0.001814428078314394,0.05714285714285714,4.000204659452193,True,0.4825781816130892,0.1682607164563592,4.000204659452193,0.6906266456029488
RXRA,-0.5584861018586409,3.194424191413999e-10,-0.2398857709462341,0.000424264456329425,0.014285714285714285,0.3827710261184941,True,0.5584861018586409,0.2398857709462341,0.3827710261184941,0.6904291732490784
KDF1,-0.13542557940701094,0.47332877842549653,-0.8740201711177278,7.785591708056738e-10,0.014285714285714285,0.3827710261184941,True,0.13542557940701094,0.8740201711177278,0.3827710261184941,0.6900342285413374
RCSD1,-0.3131380040393861,0.10069040272792834,0.3848244718467235,4.0761976662125805e-06,0.014285714285714285,0.3827710261184941,False,0.3131380040393861,0.3848244718467235,0.3827710261184941,0.6889810426540284
EPHA1,0.6342871551752349,9.52762505914255e-05,-0.7765907716133249,0.0018835986356258254,0.007142857142857143,0.11979865834643606,False,0.6342871551752349,0.7765907716133249,0.11979865834643606,0.6885860979462874
ADAMTS9,-0.568987679658532,8.128419200879456e-06,-0.8729841774377896,1.2090383721787927e-08,0.007142857142857143,0.11979865834643606,True,0.568987679658532,0.8729841774377896,0.11979865834643606,0.6883228014744602
UNC5B,0.7752305513303774,1.8167197848031265e-06,0.6641404415738776,1.9117104373201785e-09,0.007142857142857143,0.11979865834643606,True,0.7752305513303774,0.6641404415738776,0.11979865834643606,0.6875329120589784
HLX,0.12510797331608092,0.49439352695778094,-0.9121863893360285,0.07493886818249283,0.014285714285714285,0.3827710261184941,False,0.12510797331608092,0.9121863893360285,0.3827710261184941,0.6872696155871512
FPR2,0.7167339666365784,0.036787232840777645,-0.6938781456225698,0.3475837170695926,0.007142857142857143,0.11979865834643606,False,0.7167339666365784,0.6938781456225698,0.11979865834643606,0.6871379673512374
COL6A5,0.3272091196086935,0.4665186151381248,-0.26733619907912143,0.37837861470107886,0.02857142857142857,1.2631321245564464,False,0.3272091196086935,0.26733619907912143,1.2631321245564464,0.6861506055818851
HIVEP1,-0.1827738860058581,0.022737748499304156,0.5976174537759533,0.019421944621314788,0.014285714285714285,0.3827710261184941,False,0.1827738860058581,0.5976174537759533,0.3827710261184941,0.6860847814639284
AFAP1,0.5153343144043987,4.3379509395489866e-05,0.9481060502829131,1.8304290832991093e-26,0.007142857142857143,0.11979865834643606,True,0.5153343144043987,0.9481060502829131,0.11979865834643606,0.6859531332280147
OLFML2B,0.47488919196792523,0.061811454356272645,1.0471661006362467,2.205300446987994e-16,0.007142857142857143,0.11979865834643606,True,0.47488919196792523,1.0471661006362467,0.11979865834643606,0.6852948920484465
MST1R,1.8861930892849834,5.240842037543389e-08,0.4573153887553083,2.372001510992045e-08,0.007142857142857143,0.11979865834643606,True,1.8861930892849834,0.4573153887553083,0.11979865834643606,0.6851632438125328
DOCK2,-0.11134123768048454,0.521877631210218,0.6202373860810582,3.936235702357395e-14,0.04285714285714286,2.499001158180372,False,0.11134123768048454,0.6202373860810582,2.499001158180372,0.684768299104792
TMEM100,-0.5560518155915544,0.040187052986807754,-0.8643803425534387,0.008031767948478045,0.007142857142857143,0.11979865834643606,True,0.5560518155915544,0.8643803425534387,0.11979865834643606,0.6847682991047919
DENND4A,-0.6122564067174316,7.871105225775368e-07,-0.7484967578897539,7.39769576544874e-21,0.007142857142857143,0.11979865834643606,True,0.6122564067174316,0.7484967578897539,0.11979865834643606,0.6846366508688783
ADCY5,-1.5834388439382963,8.650773785609102e-12,-0.060137439824128336,0.811502489784619,0.02142857142857143,0.7707690936040651,True,1.5834388439382963,0.060137439824128336,0.7707690936040651,0.6845050026329647
CHL1,-0.812153818064445,0.00045138628560826416,-0.6307631039494801,6.170189090947973e-10,0.007142857142857143,0.11979865834643606,True,0.812153818064445,0.6307631039494801,0.11979865834643606,0.6845050026329647
DUOXA2,0.8420584157146527,0.15733676772942184,0.6222835464123335,0.00012277564999132036,0.007142857142857143,0.11979865834643606,True,0.8420584157146527,0.6222835464123335,0.11979865834643606,0.6843733543970509
GALNT7,0.49245082313173505,0.0015232115207984892,0.9796726149090453,5.018379920669394e-32,0.007142857142857143,0.11979865834643606,True,0.49245082313173505,0.9796726149090453,0.11979865834643606,0.6843733543970509
PPM1K,-0.42385212813788975,0.0015431786122497326,-1.4162661345211838,3.2928388826337076e-22,0.007142857142857143,0.11979865834643606,True,0.42385212813788975,1.4162661345211838,0.11979865834643606,0.6838467614533965
VGF,-1.1152556958810624,0.0018346498478610527,-0.5320347874245357,9.955579172682341e-06,0.007142857142857143,0.11979865834643606,True,1.1152556958810624,0.5320347874245357,0.11979865834643606,0.6835834649815692
PI15,0.8440165086220368,0.010878435789963574,0.617990664697647,7.598785657997552e-05,0.007142857142857143,0.11979865834643606,True,0.8440165086220368,0.617990664697647,0.11979865834643606,0.6834518167456555
PAMR1,-0.5299683594042719,0.0014937587064785902,0.8926500490424303,8.365004639007386e-12,0.007142857142857143,0.11979865834643606,False,0.5299683594042719,0.8926500490424303,0.11979865834643606,0.6831885202738283
RAB34,0.5556776929146672,0.008846393419008508,0.8334217517421934,2.5332686829473837e-22,0.007142857142857143,0.11979865834643606,True,0.5556776929146672,0.8334217517421934,0.11979865834643606,0.6822669826224328
VNN1,0.6601776999203111,0.010283776993641256,0.684491051148548,6.04651120095915e-07,0.007142857142857143,0.11979865834643606,True,0.6601776999203111,0.684491051148548,0.11979865834643606,0.6817403896787783
ABO,0.5679654948247519,0.054918430540642535,-0.7984498448839616,7.797139107716042e-05,0.007142857142857143,0.11979865834643606,False,0.5679654948247519,0.7984498448839616,0.11979865834643606,0.6817403896787783
VWF,-0.5886576861611594,0.0020262442989388064,0.14302524701453123,0.05549466335558529,0.02142857142857143,0.7707690936040651,False,0.5886576861611594,0.14302524701453123,0.7707690936040651,0.6814770932069509
IFFO2,-0.6663654511883124,0.00029756249328715317,-0.6766420875310821,3.793281116815238e-06,0.007142857142857143,0.11979865834643606,True,0.6663654511883124,0.6766420875310821,0.11979865834643606,0.6813454449710373
CADPS,-1.6081655449828638,2.0592598504127481e-13,-0.4599835931156413,1.0695738075345857e-08,0.007142857142857143,0.11979865834643606,True,1.6081655449828638,0.4599835931156413,0.11979865834643606,0.6812137967351237
EFCC1,-0.40355799930827274,0.011733249805739527,1.6810329171623408,0.07866385785875189,0.007142857142857143,0.11979865834643606,False,0.40355799930827274,1.6810329171623408,0.11979865834643606,0.6806872037914691
NLRP1,0.13072081760252452,0.37457444032724735,0.7975348970453169,0.012109764847126262,0.014285714285714285,0.3827710261184941,True,0.13072081760252452,0.7975348970453169,0.3827710261184941,0.6802922590837283
ATP8B1,-0.15877971797814538,0.3413690969742845,-0.6353921464688987,2.3475736318888394e-10,0.014285714285714285,0.3827710261184941,True,0.15877971797814538,0.6353921464688987,0.3827710261184941,0.6797656661400737
SAA2-SAA4,0.7383737907015511,0.07223637261762152,0.6307578911148788,4.308581903886057e-07,0.007142857142857143,0.11979865834643606,True,0.7383737907015511,0.6307578911148788,0.11979865834643606,0.6795023696682464
ERN1,-0.912657546218254,3.206322555208779e-05,-0.5806116643769776,0.0008628521583954522,0.007142857142857143,0.11979865834643606,True,0.912657546218254,0.5806116643769776,0.11979865834643606,0.6793707214323328
ADAMTS8,-1.503990491338837,2.466270960313228e-07,-0.46353606569047834,0.33872068066295374,0.007142857142857143,0.11979865834643606,True,1.503990491338837,0.46353606569047834,0.11979865834643606,0.6793707214323327
INHBB,0.4677470038771858,0.032349471238040564,-0.9636065752027143,0.10278026527584858,0.007142857142857143,0.11979865834643606,False,0.4677470038771858,0.9636065752027143,0.11979865834643606,0.6788441284886781
ISLR,0.48463822829230985,0.053084777629107315,0.9180450973098573,1.8317177411799436e-22,0.007142857142857143,0.11979865834643606,True,0.48463822829230985,0.9180450973098573,0.11979865834643606,0.6788441284886781
LRRC4B,-0.5899081679312381,0.02252853139722739,-0.718139802062538,0.11868526110608894,0.007142857142857143,0.11979865834643606,True,0.5899081679312381,0.718139802062538,0.11979865834643606,0.6779225908372828
DPYSL3,0.5560007468485058,0.008211791895249631,0.778213281931297,1.3404764816247241e-19,0.007142857142857143,0.11979865834643606,True,0.5560007468485058,0.778213281931297,0.11979865834643606,0.6770010531858872
POC1B-GALNT4,0.6062673357194814,0.013733072135256371,0.6958997721403613,2.940307338194031e-14,0.007142857142857143,0.11979865834643606,True,0.6062673357194814,0.6958997721403613,0.11979865834643606,0.6768694049499736
KANSL1,-0.40970642249276423,0.0019969050608879655,-0.18767744395191244,0.019780103035261412,0.02857142857142857,1.2631321245564464,True,0.40970642249276423,0.18767744395191244,1.2631321245564464,0.6768035808320167
ROBO2,-0.07802317837727735,0.7499053526127546,-1.7846196251230815,0.0002525412284521691,0.014285714285714285,0.3827710261184941,True,0.07802317837727735,1.7846196251230815,0.3827710261184941,0.6760795155344919
IGLL5,0.6271037590174853,0.19278783737027852,0.678545879503595,1.7973036493688836e-09,0.007142857142857143,0.11979865834643606,True,0.6271037590174853,0.678545879503595,0.11979865834643606,0.6760795155344917
PLEKHG4B,0.08766543110956793,0.5254042659836068,-1.2237922803362515,0.076396261799588,0.014285714285714285,0.3827710261184941,False,0.08766543110956793,1.2237922803362515,0.3827710261184941,0.6751579778830963
CPXM1,-0.6293147844242544,0.03343001359405043,0.660318285004049,1.4143830078750387e-10,0.007142857142857143,0.11979865834643606,False,0.6293147844242544,0.660318285004049,0.11979865834643606,0.6741047919957872
PHF2,-0.3420743223981386,1.1822399808909893e-08,-0.22905303693115542,1.9742344976614287e-08,0.02857142857142857,1.2631321245564464,True,0.3420743223981386,0.22905303693115542,1.2631321245564464,0.6733807266982621
SEMA3F,0.5865417981965031,2.566882173063705e-05,0.6895293453878928,0.14336774428051105,0.007142857142857143,0.11979865834643606,True,0.5865417981965031,0.6895293453878928,0.11979865834643606,0.6727883096366508
ADGRG6,0.8293832163077308,2.2635212589429842e-09,0.5742143255075476,7.516685708979296e-11,0.007142857142857143,0.11979865834643606,True,0.8293832163077308,0.5742143255075476,0.11979865834643606,0.6726566614007372
CMYA5,-0.15387819419787796,0.31508414705596194,0.6193106610774528,0.009761412280877936,0.014285714285714285,0.3827710261184941,False,0.15387819419787796,0.6193106610774528,0.3827710261184941,0.6726566614007372
SESN2,-0.448188730599254,0.00017409292632819453,-0.9407576019915709,0.00021841700948112782,0.007142857142857143,0.11979865834643606,True,0.448188730599254,0.9407576019915709,0.11979865834643606,0.6722617166929963
RTEL1,0.2805719282016703,0.00038148234565147954,-0.3632704636228574,0.026789481620529496,0.014285714285714285,0.3827710261184941,False,0.2805719282016703,0.3632704636228574,0.3827710261184941,0.6722617166929963
GALNT14,0.4224671411172327,0.08687362381211977,-1.0353454215142168,0.09525977138414078,0.007142857142857143,0.11979865834643606,False,0.4224671411172327,1.0353454215142168,0.11979865834643606,0.671998420221169
KIAA1549L,0.41893234583162986,0.020382607806862234,-1.05276754870615,0.1096201468999093,0.007142857142857143,0.11979865834643606,False,0.41893234583162986,1.05276754870615,0.11979865834643606,0.6717351237493416
LPCAT2,0.7398287478520924,5.933052387931372e-11,0.5995924907823103,5.26735453032849e-20,0.007142857142857143,0.11979865834643606,True,0.7398287478520924,0.5995924907823103,0.11979865834643606,0.6714718272775144
COL3A1,0.40697821305343496,0.13404619589534134,1.1123316628945155,4.5519923083086966e-20,0.007142857142857143,0.11979865834643606,True,0.40697821305343496,1.1123316628945155,0.11979865834643606,0.6713401790416007
MUC6,-1.8914953871804894,0.0020106925807564244,-0.40883369103178424,0.00811821838898229,0.007142857142857143,0.11979865834643606,True,1.8914953871804894,0.40883369103178424,0.11979865834643606,0.6713401790416007
SRRD,0.05962560702150199,0.18944568446929633,-0.8025068519980536,5.8390483518964466e-05,0.02857142857142857,1.2631321245564464,False,0.05962560702150199,0.8025068519980536,1.2631321245564464,0.6707477619799894
JUP,1.208852663012058,2.355486503410206e-13,0.46546423671679804,1.0764493701429963e-15,0.007142857142857143,0.11979865834643606,True,1.208852663012058,0.46546423671679804,0.11979865834643606,0.6704186413902053
BCL10,0.8664100761090587,1.072622080185847e-15,0.551768533169195,6.896616269063042e-10,0.007142857142857143,0.11979865834643606,True,0.8664100761090587,0.551768533169195,0.11979865834643606,0.6702869931542916
PDGFRL,-0.44700834305484705,0.03416969549498705,0.9048032137132473,1.682832758046977e-12,0.007142857142857143,0.11979865834643606,False,0.44700834305484705,0.9048032137132473,0.11979865834643606,0.6698920484465507
SMAD4,-0.6408202548948978,4.4281258989739946e-09,-0.09296105544763833,0.04568012321205506,0.17857142857142858,22.89591915579277,True,0.6408202548948978,0.09296105544763833,22.89591915579277,0.669431279620853
PRRX1,0.5020600182878816,0.007766640662825169,0.7777429272942626,1.2260626629003316e-10,0.007142857142857143,0.11979865834643606,True,0.5020600182878816,0.7777429272942626,0.11979865834643606,0.6693654555028963
SEMG2,0.4062050277181202,8.486775904962465e-09,1.0732890972558984,0.05469237433418966,0.007142857142857143,0.11979865834643606,True,0.4062050277181202,1.0732890972558984,0.11979865834643606,0.6688388625592416
ADAMTSL3,-1.5658326399291784,2.4541161320634286e-13,0.031879586783269076,0.7143269149226572,0.02857142857142857,1.2631321245564464,False,1.5658326399291784,0.031879586783269076,1.2631321245564464,0.6686413902053712
RBP2,-1.785457969964508,1.5915497179813956e-06,-0.40490496030349377,0.09607850741303064,0.007142857142857143,0.11979865834643606,True,1.785457969964508,0.40490496030349377,0.11979865834643606,0.6683122696155871
ITGBL1,0.38290391224060905,0.14972326158848057,1.196793098323564,4.1922878176847674e-23,0.007142857142857143,0.11979865834643606,True,0.38290391224060905,1.196793098323564,0.11979865834643606,0.6677856766719326
KANK3,-0.7856435211474411,2.7619691035450753e-05,-0.5701061078986562,8.363096738543536e-13,0.007142857142857143,0.11979865834643606,True,0.7856435211474411,0.5701061078986562,0.11979865834643606,0.6676540284360188
RPH3A,-0.9845823590893721,0.002103439497462476,-0.4971735468273657,4.4617494454020076e-08,0.007142857142857143,0.11979865834643606,True,0.9845823590893721,0.4971735468273657,0.11979865834643606,0.6675223802001052
ZZEF1,-0.7387433792003382,4.590081271760047e-09,-0.14705791999180207,8.827177111404106e-05,0.014285714285714285,0.3827710261184941,True,0.7387433792003382,0.14705791999180207,0.3827710261184941,0.6673907319641916
SYNE1,-0.9506393849066761,3.6965395393005884e-13,-0.0551447902725144,0.08801582407648899,0.06428571428571428,4.8324024313966545,True,0.9506393849066761,0.0551447902725144,4.8324024313966545,0.6671274354923644
PRDM16,-1.0142352246259412,0.00014102141091915847,-0.4890671099529236,0.007606932425162817,0.007142857142857143,0.11979865834643606,True,1.0142352246259412,0.4890671099529236,0.11979865834643606,0.6669957872564507
SCG2,-1.0189753246941677,0.0015387583629421228,-0.48745032440506364,0.00012641711513355726,0.007142857142857143,0.11979865834643606,True,1.0189753246941677,0.48745032440506364,0.11979865834643606,0.6669957872564507
CYP4F2,0.8994929154111173,0.007961629735543395,0.5270980185071181,0.08362732952036946,0.007142857142857143,0.11979865834643606,True,0.8994929154111173,0.5270980185071181,0.11979865834643606,0.666864139020537
EPX,-0.5839461426729065,0.001981089102774715,0.6468572121290386,4.073515348136036e-05,0.007142857142857143,0.11979865834643606,False,0.5839461426729065,0.6468572121290386,0.11979865834643606,0.6666008425487098
CP,1.700128836685428,9.551868742908172e-05,0.40421868633147895,3.6278012070720876e-06,0.007142857142857143,0.11979865834643606,True,1.700128836685428,0.40421868633147895,0.11979865834643606,0.6664691943127962
CPB2,-0.5685400281194881,0.05610360406053138,0.6691518520473174,5.273974357634173e-15,0.007142857142857143,0.11979865834643606,False,0.5685400281194881,0.6691518520473174,0.11979865834643606,0.6663375460768826
MYPN,-0.4446353699181893,0.4144386817695072,-0.8804486542166003,0.001040851773265148,0.007142857142857143,0.11979865834643606,True,0.4446353699181893,0.8804486542166003,0.11979865834643606,0.6663375460768826
ESYT3,-0.7324025194199724,0.0044784318190507775,-0.5770973473838339,1.4392793436779544e-08,0.007142857142857143,0.11979865834643606,True,0.7324025194199724,0.5770973473838339,0.11979865834643606,0.6660742496050552
EFNB1,1.2308730655761266,2.031189970477956e-09,0.44470935846447546,4.0405947143396746e-08,0.007142857142857143,0.11979865834643606,True,1.2308730655761266,0.44470935846447546,0.11979865834643606,0.6659426013691416
ABCA12,2.7140456309186938,2.0361332102227938e-09,-0.364686967320079,0.005937899127466002,0.007142857142857143,0.11979865834643606,False,2.7140456309186938,0.364686967320079,0.11979865834643606,0.6658109531332279
GREB1,-0.38696598162226437,0.00030054292983083694,-0.26330827449992,0.28248048187620434,0.014285714285714285,0.3827710261184941,True,0.38696598162226437,0.26330827449992,0.3827710261184941,0.6655476566614007
ALPK3,-0.7279905573536851,4.839335589650262e-05,-0.574669384695536,0.0019915341367670396,0.007142857142857143,0.11979865834643606,True,0.7279905573536851,0.574669384695536,0.11979865834643606,0.6651527119536598
SETD1B,-0.3576172376464424,0.0017406398810184205,-0.2790118829320001,8.4608290565043e-06,0.014285714285714285,0.3827710261184941,True,0.3576172376464424,0.2790118829320001,0.3827710261184941,0.6640995260663507
SZT2,-0.420500121076838,3.2975509150694985e-06,-0.2402327506822317,0.0008280943297374947,0.014285714285714285,0.3827710261184941,True,0.420500121076838,0.2402327506822317,0.3827710261184941,0.6640995260663507
PRUNE2,-0.6545961425636424,0.008189442620642046,-0.15382372708144487,0.1508083679338777,0.014285714285714285,0.3827710261184941,True,0.6545961425636424,0.15382372708144487,0.3827710261184941,0.6635729331226962
SCLY,-0.5387245768510578,0.0021617593710887457,-0.6841737686570326,1.2659249465443851e-13,0.007142857142857143,0.11979865834643606,True,0.5387245768510578,0.6841737686570326,0.11979865834643606,0.663572933122696
EHBP1L1,0.7222869452834022,1.5256173860847203e-05,0.5733842116296337,5.950894712377771e-18,0.007142857142857143,0.11979865834643606,True,0.7222869452834022,0.5733842116296337,0.11979865834643606,0.663572933122696
NDUFV1,-0.20205535805738606,0.015616568365624242,-0.45701996364594066,2.227734287203064e-09,0.014285714285714285,0.3827710261184941,True,0.20205535805738606,0.45701996364594066,0.3827710261184941,0.663572933122696
CARD11,1.3548143412983489,1.1614024368563833e-06,0.4175146733613353,1.5098318214975985e-08,0.007142857142857143,0.11979865834643606,True,1.3548143412983489,0.4175146733613353,0.11979865834643606,0.6634412848867824
ADAMTS13,-0.49856905555557063,0.00041732451319137357,-0.20222243145278007,0.37795866673254397,0.014285714285714285,0.3827710261184941,True,0.49856905555557063,0.20222243145278007,0.3827710261184941,0.6631779884149552
TACC3,0.9005298958585417,8.529894196939109e-06,0.509516572808824,2.0357868559892256e-08,0.007142857142857143,0.11979865834643606,True,0.9005298958585417,0.509516572808824,0.11979865834643606,0.6630463401790416
ACADM,-0.371492993295762,1.8241806529526593e-05,-1.1628240020099732,1.6810615237927683e-23,0.007142857142857143,0.11979865834643606,True,0.371492993295762,1.1628240020099732,0.11979865834643606,0.6627830437072143
SLC7A2,-1.9661385267947242,2.1154294793820787e-12,-0.3843094429737235,0.0050452315467923075,0.007142857142857143,0.11979865834643606,True,1.9661385267947242,0.3843094429737235,0.11979865834643606,0.6626513954713006
ITGB1,0.6644344814768495,1.0126514875077642e-07,0.5875354721582617,1.3763132110722712e-25,0.007142857142857143,0.11979865834643606,True,0.6644344814768495,0.5875354721582617,0.11979865834643606,0.662519747235387
C8orf76,0.34734384600654167,2.3488360707027896e-06,-0.2857357096918882,0.24848260957376106,0.014285714285714285,0.3827710261184941,False,0.34734384600654167,0.2857357096918882,0.3827710261184941,0.6623880989994734
GINS1,1.3587091216763874,6.648959108158683e-19,-0.41373250110183335,0.08800553947586344,0.007142857142857143,0.11979865834643606,False,1.3587091216763874,0.41373250110183335,0.11979865834643606,0.6622564507635598
MAP1A,0.17621236786975558,0.2777927236938504,0.5061070623509281,1.7205316075523755e-12,0.014285714285714285,0.3827710261184941,True,0.17621236786975558,0.5061070623509281,0.3827710261184941,0.6618615060558188
TOR4A,0.8291798112680517,1.0336313512339222e-06,0.5228071040498179,2.758864927345232e-09,0.007142857142857143,0.11979865834643606,True,0.8291798112680517,0.5228071040498179,0.11979865834643606,0.6613349131121642
MYH13,0.901105161761655,0.006750870901976114,0.11813856270448753,0.7902456434086568,0.014285714285714285,0.3827710261184941,True,0.901105161761655,0.11813856270448753,0.3827710261184941,0.661071616640337
SOWAHA,-0.7324421292944994,0.0001065170787384748,-0.5549142499719899,0.1252889335428028,0.007142857142857143,0.11979865834643606,True,0.7324421292944994,0.5549142499719899,0.11979865834643606,0.6609399684044233
IFIH1,0.46619703923762934,1.778866344992845e-07,0.20866422992393296,1.996373165377209e-05,0.014285714285714285,0.3827710261184941,True,0.46619703923762934,0.20866422992393296,0.3827710261184941,0.6604133754607688
NPC1,0.5872521086740452,6.401089560540557e-09,0.6179816061850829,1.9546706572059222e-10,0.007142857142857143,0.11979865834643606,True,0.5872521086740452,0.6179816061850829,0.11979865834643606,0.6600184307530279
LTBP4,-0.1610015367922628,0.41088862070016374,0.5449480452399555,2.4956150795815125e-09,0.014285714285714285,0.3827710261184941,False,0.1610015367922628,0.5449480452399555,0.3827710261184941,0.6598867825171142
SNX1,-0.345008920307901,2.6153562900708524e-07,0.279686905817627,4.677093600089285e-07,0.014285714285714285,0.3827710261184941,False,0.345008920307901,0.279686905817627,0.3827710261184941,0.6597551342812007
DOK7,-0.39521350819352197,0.1906701349820647,-0.9453931934505668,0.003218522535138566,0.007142857142857143,0.11979865834643606,True,0.39521350819352197,0.9453931934505668,0.11979865834643606,0.6587019483938914
SGIP1,1.1097396464349139,1.5462427792542134e-06,0.43903317530777386,3.137502526794575e-05,0.007142857142857143,0.11979865834643606,True,1.1097396464349139,0.43903317530777386,0.11979865834643606,0.6587019483938914
AMPH,-0.456576796383815,0.024340214718558614,-0.14135016438759607,0.043530640705527875,0.02142857142857143,0.7707690936040651,True,0.456576796383815,0.14135016438759607,0.7707690936040651,0.6585703001579779
ACADS,-0.48224789310063443,0.0004818491048808558,-0.7036654659530974,7.011501774232961e-13,0.007142857142857143,0.11979865834643606,True,0.48224789310063443,0.7036654659530974,0.11979865834643606,0.6585703001579778
MYO7A,-0.18927943891974053,0.01030468238054661,-0.46378183877664014,0.020841693973656716,0.014285714285714285,0.3827710261184941,True,0.18927943891974053,0.46378183877664014,0.3827710261184941,0.6584386519220642
NT5E,1.4828159158177048,6.589193017463556e-10,0.3959920728857149,1.3609792857565014e-07,0.007142857142857143,0.11979865834643606,True,1.4828159158177048,0.3959920728857149,0.11979865834643606,0.6581753554502369
SLC12A7,0.2590285444065472,0.012143210087952078,0.34583383896957187,1.4814007430327947e-08,0.014285714285714285,0.3827710261184941,True,0.2590285444065472,0.34583383896957187,0.3827710261184941,0.6573854660347551
MKNK2,-0.3486775381697047,0.026074252668276003,-1.260505268836532,0.03780238758776558,0.007142857142857143,0.11979865834643606,True,0.3486775381697047,1.260505268836532,0.11979865834643606,0.6571221695629278
CPEB2,0.16497494355537512,0.09071334337182548,-0.515569814087641,2.1565802882829466e-09,0.014285714285714285,0.3827710261184941,False,0.16497494355537512,0.515569814087641,0.3827710261184941,0.6568588730911006
BRCA2,0.8517044216894334,4.6480195880207766e-06,-0.49459489081694485,0.007933112304221529,0.007142857142857143,0.11979865834643606,False,0.8517044216894334,0.49459489081694485,0.11979865834643606,0.656332280147446
ATP1A3,-0.49530308386416966,0.0033996062852984328,-0.6794615180643717,1.1661656361215905e-11,0.007142857142857143,0.11979865834643606,True,0.49530308386416966,0.6794615180643717,0.11979865834643606,0.6558056872037914
SLC12A8,0.338543322450926,0.02508477918202105,-1.3864670403651331,1.9775825140561304e-11,0.007142857142857143,0.11979865834643606,False,0.338543322450926,1.3864670403651331,0.11979865834643606,0.6558056872037914
MCM7,0.4996183193116952,2.5518686921017398e-08,0.6678500926965789,1.574985355753971e-16,0.007142857142857143,0.11979865834643606,True,0.4996183193116952,0.6678500926965789,0.11979865834643606,0.6548841495523959
TLE2,-1.0813784097134924,2.505178022318064e-12,-0.08911009004168591,0.7662025190341408,0.014285714285714285,0.3827710261184941,True,1.0813784097134924,0.08911009004168591,0.3827710261184941,0.6548841495523959
PTK7,0.4544164785619689,0.00039570858236654137,0.7157036851365675,2.266407090670421e-23,0.007142857142857143,0.11979865834643606,True,0.4544164785619689,0.7157036851365675,0.11979865834643606,0.6547525013164823
C8B,0.47411733649682564,0.17360847213050437,0.691285424252353,1.0193119897718733e-14,0.007142857142857143,0.11979865834643606,True,0.47411733649682564,0.691285424252353,0.11979865834643606,0.6543575566087414
AASS,-0.4146251970754591,0.0006783901875465492,-0.8242839771225334,4.1718934693832e-29,0.007142857142857143,0.11979865834643606,True,0.4146251970754591,0.8242839771225334,0.11979865834643606,0.6542259083728277
PLS3,0.5595927927634055,6.828735269160956e-07,0.61270210737867,1.5293216675878377e-19,0.007142857142857143,0.11979865834643606,True,0.5595927927634055,0.61270210737867,0.11979865834643606,0.6535676671932595
HSPA4L,-0.6808498579382398,2.805876648758126e-07,-0.5393726408960973,9.048596235744871e-23,0.007142857142857143,0.11979865834643606,True,0.6808498579382398,0.5393726408960973,0.11979865834643606,0.6535676671932595
ANK2,-0.9327418922047315,0.0003470609898808518,-0.10181266313309933,0.07162944900191147,0.014285714285714285,0.3827710261184941,True,0.9327418922047315,0.10181266313309933,0.3827710261184941,0.6533043707214323
HLA-DRB5,0.4587212095985276,0.6145507222304882,0.6989869420809285,3.90800258887514e-07,0.007142857142857143,0.11979865834643606,True,0.4587212095985276,0.6989869420809285,0.11979865834643606,0.6531727224855186
RHPN2,1.1845198003164104,2.602704171785715e-06,0.4094500331335027,1.234666467552359e-09,0.007142857142857143,0.11979865834643606,True,1.1845198003164104,0.4094500331335027,0.11979865834643606,0.6531727224855186
SMYD1,-0.1547653696840382,0.5112466466170457,-0.5294007572065738,0.3652752442368115,0.014285714285714285,0.3827710261184941,True,0.1547653696840382,0.5294007572065738,0.3827710261184941,0.653041074249605
NR5A2,-2.1045154088580382,1.2731633549098652e-06,-0.009267708668890151,0.9671387102587249,0.02142857142857143,0.7707690936040651,True,2.1045154088580382,0.009267708668890151,0.7707690936040651,0.6525144813059505
QSOX1,0.4192160202696371,0.002595580152367162,0.7958462420908567,1.1704102754415473e-21,0.007142857142857143,0.11979865834643606,True,0.4192160202696371,0.7958462420908567,0.11979865834643606,0.6523828330700367
COBL,-0.4064282239801429,0.026609474731785206,-0.8228565280746238,1.833018546565377e-20,0.007142857142857143,0.11979865834643606,True,0.4064282239801429,0.8228565280746238,0.11979865834643606,0.6514612954186414
CPD,0.4691270322382053,1.3045406468057126e-06,-0.18732708980099133,0.0030224891685328593,0.014285714285714285,0.3827710261184941,False,0.4691270322382053,0.18732708980099133,0.3827710261184941,0.6511979989468142
RACK1,-0.4100832395646101,0.0004581316549124254,-0.7983824920181135,1.665737873981706e-20,0.007142857142857143,0.11979865834643606,True,0.4100832395646101,0.7983824920181135,0.11979865834643606,0.6510663507109005
PRSS23,0.4559592726140984,0.003507721130661457,0.6896881349325241,5.749867004225153e-15,0.007142857142857143,0.11979865834643606,True,0.4559592726140984,0.6896881349325241,0.11979865834643606,0.6509347024749867
SLC39A10,0.5893818987402657,1.5906974043715446e-06,0.14596560172436668,0.0326298875588009,0.014285714285714285,0.3827710261184941,True,0.5893818987402657,0.14596560172436668,0.3827710261184941,0.6509347024749867
CMA1,-1.663592701625392,1.5183414653999122e-05,0.35806078323348345,0.0012803034008775237,0.007142857142857143,0.11979865834643606,False,1.663592701625392,0.35806078323348345,0.11979865834643606,0.6509347024749867
ATG2B,-0.6448406530518866,2.8312661336860057e-05,-0.543943343460743,2.643318231282601e-16,0.007142857142857143,0.11979865834643606,True,0.6448406530518866,0.543943343460743,0.11979865834643606,0.6505397577672458
SIGLEC5,0.3684760140704588,0.12940179944885705,0.9343489247918235,3.5021040893505033e-06,0.007142857142857143,0.11979865834643606,True,0.3684760140704588,0.9343489247918235,0.11979865834643606,0.6504081095313322
SH3KBP1,0.5713604576111297,0.0002485149842798055,0.5904272867742257,4.5488147747268554e-11,0.007142857142857143,0.11979865834643606,True,0.5713604576111297,0.5904272867742257,0.11979865834643606,0.6502764612954186
OBSCN,-0.442910599110764,0.005752300156960288,-0.11801006986262763,0.7915500671965287,0.04285714285714286,2.499001158180372,True,0.442910599110764,0.11801006986262763,2.499001158180372,0.6501448130595049
NFATC1,-0.5638346346091563,0.0009971782960249468,0.15232333367856654,0.04685826291390683,0.014285714285714285,0.3827710261184941,False,0.5638346346091563,0.15232333367856654,0.3827710261184941,0.6500131648235914
VTN,-2.15977462401516,1.2420048797422117e-06,0.3361803230148013,0.00022115170851817346,0.007142857142857143,0.11979865834643606,False,2.15977462401516,0.3361803230148013,0.11979865834643606,0.6500131648235913
PLS1,1.3012061615468316,3.5136063311032015e-08,0.38666209132847484,2.296029425157681e-08,0.007142857142857143,0.11979865834643606,True,1.3012061615468316,0.38666209132847484,0.11979865834643606,0.6498815165876777
ACVR2A,-0.18049819430190972,0.08647757270308612,0.4467164099866956,0.09329584885970144,0.014285714285714285,0.3827710261184941,False,0.18049819430190972,0.4467164099866956,0.3827710261184941,0.6497498683517641
COL15A1,-0.4348934482125806,0.0003493641549514028,-0.13667124607249903,0.04222390571400682,0.02142857142857143,0.7707690936040651,True,0.4348934482125806,0.13667124607249903,0.7707690936040651,0.6494865718799367
ANPEP,-2.573102012859371,4.196654666597653e-05,-0.3273683888735732,0.0007705708773420234,0.007142857142857143,0.11979865834643606,True,2.573102012859371,0.3273683888735732,0.11979865834643606,0.649354923644023
ELMO1,-0.7020387161209012,8.577142040360425e-09,0.5125811729053424,9.133244606903963e-12,0.007142857142857143,0.11979865834643606,False,0.7020387161209012,0.5125811729053424,0.11979865834643606,0.6489599789362822
GPR157,0.35254569380444156,0.003021162436132182,-0.24939572132258903,0.39228420114587265,0.014285714285714285,0.3827710261184941,False,0.35254569380444156,0.24939572132258903,0.3827710261184941,0.6477751448130595
MME,0.8849667191858899,0.0010549255923614405,0.4560587300320087,0.0006855026408427574,0.007142857142857143,0.11979865834643606,True,0.8849667191858899,0.4560587300320087,0.11979865834643606,0.6471169036334913
CD207,-0.19653757963593588,0.4749791654303561,0.40857794542913695,0.008499998372262226,0.014285714285714285,0.3827710261184941,False,0.19653757963593588,0.40857794542913695,0.3827710261184941,0.6469852553975777
ARVCF,-0.8035765344540131,1.4998183035800385e-05,-0.47490860584681016,2.4537575551931703e-13,0.007142857142857143,0.11979865834643606,True,0.8035765344540131,0.47490860584681016,0.11979865834643606,0.6469852553975776
ARHGAP24,-0.9575091223465577,2.405692545081398e-09,-0.426371636089538,1.6446047994130806e-10,0.007142857142857143,0.11979865834643606,True,0.9575091223465577,0.426371636089538,0.11979865834643606,0.6467219589257504
CRB2,-0.5574771166580934,0.008437097368853829,-0.5842362508494645,0.21769393168408802,0.007142857142857143,0.11979865834643606,True,0.5574771166580934,0.5842362508494645,0.11979865834643606,0.6460637177461821
DOT1L,-0.3395648632395716,0.008155998137970842,-1.036421793679981,0.006105774050542929,0.007142857142857143,0.11979865834643606,True,0.3395648632395716,1.036421793679981,0.11979865834643606,0.6458004212743549
CLCA4,2.0444283747675716,2.014427644250256e-09,0.3305184996171455,0.2589475711084689,0.007142857142857143,0.11979865834643606,True,2.0444283747675716,0.3305184996171455,0.11979865834643606,0.6451421800947866
ERCC6,-0.3349883655295045,1.8261043833496659e-06,-0.2603199048312632,0.007608770901629727,0.014285714285714285,0.3827710261184941,True,0.3349883655295045,0.2603199048312632,0.3827710261184941,0.6448788836229594
ANK3,-0.5315383461913594,9.488139606560061e-06,-0.5949207616451275,1.2888366171861986e-22,0.007142857142857143,0.11979865834643606,True,0.5315383461913594,0.5949207616451275,0.11979865834643606,0.6443522906793049
GIMAP1,-0.6000020919122129,0.0003482722798925659,0.5414915890208718,2.4476079713616934e-09,0.007142857142857143,0.11979865834643606,False,0.6000020919122129,0.5414915890208718,0.11979865834643606,0.6442206424433912
TRIO,0.12675747723756814,0.08295475033545305,0.44519971259355984,1.2635963307679073e-16,0.02142857142857143,0.7707690936040651,True,0.12675747723756814,0.44519971259355984,0.7707690936040651,0.643957345971564
HOOK2,-0.3873799873343824,0.013294062885176375,-0.7873807410549674,2.4912438749012083e-20,0.007142857142857143,0.11979865834643606,True,0.3873799873343824,0.7873807410549674,0.11979865834643606,0.6438256977356502
MYO9B,0.1421124782520753,0.09401572957097165,0.5247091594689941,2.165820722427579e-18,0.014285714285714285,0.3827710261184941,True,0.1421124782520753,0.5247091594689941,0.3827710261184941,0.6436940494997367
SLC44A2,0.20065837112402818,0.004599159146922659,0.3940643044258074,7.571708360179065e-06,0.014285714285714285,0.3827710261184941,True,0.20065837112402818,0.3940643044258074,0.3827710261184941,0.643562401263823
PCDHGA3,-0.725369139751602,2.3503511239508637e-08,0.4829173277610366,0.017559015243266942,0.007142857142857143,0.11979865834643606,False,0.725369139751602,0.4829173277610366,0.11979865834643606,0.643562401263823
CD248,-0.19546505958664007,0.30166921791749407,0.40202213116425867,4.101022710544705e-07,0.014285714285714285,0.3827710261184941,False,0.19546505958664007,0.40202213116425867,0.3827710261184941,0.6430358083201685
RFC1,-0.44883440677758735,0.00038032559846796745,-0.6455160356062564,3.687436635451263e-27,0.007142857142857143,0.11979865834643606,True,0.44883440677758735,0.6455160356062564,0.11979865834643606,0.6429041600842548
SGPP2,1.1761789726522753,3.583095892775133e-10,-0.3843115654637437,0.23321009280941904,0.007142857142857143,0.11979865834643606,False,1.1761789726522753,0.3843115654637437,0.11979865834643606,0.6427725118483412
ARHGAP4,-0.09047879959876859,0.6583981571174159,0.549421299316112,4.777115522167216e-12,0.02142857142857143,0.7707690936040651,False,0.09047879959876859,0.549421299316112,0.7707690936040651,0.6426408636124274
JARID2,0.050468553636303426,0.4172021209154445,1.0394327660251363,1.1867717155468972e-06,0.014285714285714285,0.3827710261184941,True,0.050468553636303426,1.0394327660251363,0.3827710261184941,0.6423775671406002
MYBPC1,0.3636159754194521,0.5454479587731601,-0.8591294592536407,0.01178623223579422,0.007142857142857143,0.11979865834643606,False,0.3636159754194521,0.8591294592536407,0.11979865834643606,0.642114270668773
C1orf116,0.9321173575366117,0.0003908598237862445,0.4197218430910894,3.224153130599961e-13,0.007142857142857143,0.11979865834643606,True,0.9321173575366117,0.4197218430910894,0.11979865834643606,0.642114270668773
KLHL25,0.6435618921282593,3.728184573572706e-05,0.5078094766734615,0.011663177820883877,0.007142857142857143,0.11979865834643606,True,0.6435618921282593,0.5078094766734615,0.11979865834643606,0.6419826224328593
PLEKHN1,1.8609857993381267,1.8151470369808354e-08,-0.32798032340966365,0.5393953744102519,0.007142857142857143,0.11979865834643606,False,1.8609857993381267,0.32798032340966365,0.11979865834643606,0.6419826224328593
FAM205A,-0.42733369758588413,0.013262766462578424,-0.12641137958167903,0.2026006733876431,0.02142857142857143,0.7707690936040651,True,0.42733369758588413,0.12641137958167903,0.7707690936040651,0.6418509741969457
GLI3,0.22924505659550576,0.18818161943779838,0.2489546699795966,0.049681516927673114,0.04285714285714286,2.499001158180372,True,0.22924505659550576,0.2489546699795966,2.499001158180372,0.6418509741969457
EPS8,0.6760850635549236,1.833907267298911e-08,0.48704319567925936,7.659857011511094e-16,0.007142857142857143,0.11979865834643606,True,0.6760850635549236,0.48704319567925936,0.11979865834643606,0.641719325961032
SCUBE2,-0.28065457230663426,0.1682515362371759,0.288149896999613,0.000219532664581017,0.014285714285714285,0.3827710261184941,False,0.28065457230663426,0.288149896999613,0.3827710261184941,0.6404028436018957
AP2A1,0.09431215853666686,0.13969410121419826,0.6805301810505284,4.4678526331133395e-31,0.014285714285714285,0.3827710261184941,True,0.09431215853666686,0.6805301810505284,0.3827710261184941,0.6402711953659821
COL22A1,0.72672412351608,0.014132652252408492,0.47074172930695113,0.0222060270085877,0.007142857142857143,0.11979865834643606,True,0.72672412351608,0.47074172930695113,0.11979865834643606,0.6400078988941547
ATP9B,-0.39781502935400503,1.9836766814577965e-15,-0.7224236579410253,8.957028154493801e-13,0.007142857142857143,0.11979865834643606,True,0.39781502935400503,0.7224236579410253,0.11979865834643606,0.6398762506582412
OTX1,1.7643240629981922,5.767107162616626e-06,-0.3260395658497899,0.34308450590861717,0.007142857142857143,0.11979865834643606,False,1.7643240629981922,0.3260395658497899,0.11979865834643606,0.6396129541864138
SUGCT,1.233885937737897,4.806356411929297e-10,-0.35885299319568276,0.0007856640502328013,0.007142857142857143,0.11979865834643606,False,1.233885937737897,0.35885299319568276,0.11979865834643606,0.6394813059505002
BZW1,0.5667401593753922,3.4869315185148693e-10,0.5440694830042467,1.7226616137432686e-17,0.007142857142857143,0.11979865834643606,True,0.5667401593753922,0.5440694830042467,0.11979865834643606,0.6394813059505002
ZRANB3,-0.3663041623212102,2.2713685540381212e-08,0.8124580546504205,0.013591156941128692,0.007142857142857143,0.11979865834643606,False,0.3663041623212102,0.8124580546504205,0.11979865834643606,0.6393496577145865
NBAS,-0.2727316369558874,0.00025089128300339133,-0.29304763452799776,4.8756660386597645e-08,0.014285714285714285,0.3827710261184941,True,0.2727316369558874,0.29304763452799776,0.3827710261184941,0.6389547130068456
MYH2,0.04382462773165807,0.8424366114191117,-0.6895026298032363,0.15243858477166677,0.02142857142857143,0.7707690936040651,False,0.04382462773165807,0.6895026298032363,0.7707690936040651,0.6386914165350184
CTSK,0.3796279584018212,0.0953141854134191,0.7494190641364611,2.4964437999673344e-12,0.007142857142857143,0.11979865834643606,True,0.3796279584018212,0.7494190641364611,0.11979865834643606,0.6385597682991047
CRP,-0.6218587746178894,0.23318308078904637,0.504494952290738,0.00048374739045403215,0.007142857142857143,0.11979865834643606,False,0.6218587746178894,0.504494952290738,0.11979865834643606,0.638428120063191
TES,0.770729311364958,1.2941165343613063e-12,0.45166041456705486,1.4869898492151913e-18,0.007142857142857143,0.11979865834643606,True,0.770729311364958,0.45166041456705486,0.11979865834643606,0.6381648235913638
EEF1A1,-0.6122112938616553,1.4435055864335291e-05,-0.5058568560888226,7.217788399626002e-17,0.007142857142857143,0.11979865834643606,True,0.6122112938616553,0.5058568560888226,0.11979865834643606,0.6379015271195365
CTSZ,0.40512308613786274,0.0005622339247427702,0.6960889857436214,1.7882872653468138e-16,0.007142857142857143,0.11979865834643606,True,0.40512308613786274,0.6960889857436214,0.11979865834643606,0.6377698788836229
ALPP,3.3857435416258848,5.125846987870617e-14,0.29336282698595184,0.0916109888027368,0.007142857142857143,0.11979865834643606,True,3.3857435416258848,0.29336282698595184,0.11979865834643606,0.6377698788836229
ACTN1,0.5752103682116907,1.49357371788382e-07,0.5279062892094011,6.791525967125465e-21,0.007142857142857143,0.11979865834643606,True,0.5752103682116907,0.5279062892094011,0.11979865834643606,0.6377698788836229
ADGRG2,-0.47900617113348787,0.03029946522728862,-0.6005717421251084,0.0579966394611881,0.007142857142857143,0.11979865834643606,True,0.47900617113348787,0.6005717421251084,0.11979865834643606,0.6377698788836229
RUNX2,1.0448779085980568,6.684582640650725e-05,0.38576020703064984,0.0006039039793343288,0.007142857142857143,0.11979865834643606,True,1.0448779085980568,0.38576020703064984,0.11979865834643606,0.6375065824117956
WWOX,-0.42548709317335565,1.7490694572240827e-08,-0.6502929287370485,2.7655159563007308e-18,0.007142857142857143,0.11979865834643606,True,0.42548709317335565,0.6502929287370485,0.11979865834643606,0.6375065824117956
DLG5,0.3608176368054785,1.9279557921854552e-05,0.22079711238508892,4.215401729477414e-07,0.014285714285714285,0.3827710261184941,True,0.3608176368054785,0.22079711238508892,0.3827710261184941,0.6371116377040547
MCM2,0.994171976980363,1.0245225818010971e-13,0.3936775023259216,6.126000298139053e-09,0.007142857142857143,0.11979865834643606,True,0.994171976980363,0.3936775023259216,0.11979865834643606,0.6367166929963137
FLNC,0.43301504625103426,0.013835290610457235,0.6339114360423892,4.86530824766242e-13,0.007142857142857143,0.11979865834643606,True,0.43301504625103426,0.6339114360423892,0.11979865834643606,0.6365850447604002
PI4K2B,0.42883996092154675,0.0005001405205362438,-0.17191841056177282,0.07227464323280754,0.014285714285714285,0.3827710261184941,False,0.42883996092154675,0.17191841056177282,0.3827710261184941,0.6363217482885729
RNF213,0.06179561932471955,0.45171243665799027,0.6072081251883752,5.304384373651623e-25,0.02142857142857143,0.7707690936040651,True,0.06179561932471955,0.6072081251883752,0.7707690936040651,0.6363217482885729
IGSF1,-1.7475099676641834,1.478707315519945e-11,-0.3186913775596789,0.155902958175348,0.007142857142857143,0.11979865834643606,True,1.7475099676641834,0.3186913775596789,0.11979865834643606,0.6360584518167456
CAMK1D,-0.7777284674775302,6.929907631714859e-06,-0.4405715894362565,8.653669956124278e-11,0.007142857142857143,0.11979865834643606,True,0.7777284674775302,0.4405715894362565,0.11979865834643606,0.6360584518167456
SSC5D,0.13015604583588303,0.592959555240154,0.5289682508564688,1.821240598258578e-08,0.014285714285714285,0.3827710261184941,True,0.13015604583588303,0.5289682508564688,0.3827710261184941,0.6354002106371774
PTPN12,0.6673360469559491,9.47311484868708e-09,0.4649975131556552,2.8484557603303494e-16,0.007142857142857143,0.11979865834643606,True,0.6673360469559491,0.4649975131556552,0.11979865834643606,0.634478672985782
HLA-C,0.47817731468425073,9.803888854631703e-07,0.586282754915235,1.2198553413885133e-09,0.007142857142857143,0.11979865834643606,True,0.47817731468425073,0.586282754915235,0.11979865834643606,0.6339520800421273
STON1,0.38071108189079084,0.033108406999507616,0.7081552611422417,8.40976836228091e-21,0.007142857142857143,0.11979865834643606,True,0.38071108189079084,0.7081552611422417,0.11979865834643606,0.6338204318062137
PRR36,-0.5358132839506733,0.0022883080914830717,0.5436111719090277,0.002474509839320366,0.007142857142857143,0.11979865834643606,False,0.5358132839506733,0.5436111719090277,0.11979865834643606,0.6338204318062137
PIGO,-0.07578384741008293,0.329093186820235,-0.5511101444983346,3.529704358661746e-08,0.02142857142857143,0.7707690936040651,True,0.07578384741008293,0.5511101444983346,0.7707690936040651,0.6335571353343865
GCLC,-0.13603709636412553,0.17509958434461576,-0.39339374486620216,3.850398557055995e-12,0.02142857142857143,0.7707690936040651,True,0.13603709636412553,0.39339374486620216,0.7707690936040651,0.6330305423907319
APBA1,-0.3373231674455992,0.0001749806963913417,-0.2319475111949778,0.21199185330802955,0.014285714285714285,0.3827710261184941,True,0.3373231674455992,0.2319475111949778,0.3827710261184941,0.6326355976829909
KMT2D,-0.44041025755102936,0.0033110383201741785,0.08909811204604168,0.46484104973149054,0.05714285714285714,4.000204659452193,False,0.44041025755102936,0.08909811204604168,4.000204659452193,0.6325697735650342
SPTLC2,0.4865402557362444,1.434556671721823e-07,0.5628924189357356,1.4531955657268531e-25,0.007142857142857143,0.11979865834643606,True,0.4865402557362444,0.5628924189357356,0.11979865834643606,0.6306608741442864
FKRP,-0.2554162646875877,0.000518905885994455,-1.702034456992216,0.0008192479745101834,0.007142857142857143,0.11979865834643606,True,0.2554162646875877,1.702034456992216,0.11979865834643606,0.6302659294365455
MTMR11,1.3887022674120804,2.198435765239895e-07,0.3240823613681698,9.653320241536047e-05,0.007142857142857143,0.11979865834643606,True,1.3887022674120804,0.3240823613681698,0.11979865834643606,0.6297393364928909
CNN1,0.4700410996037423,0.05807389444586781,0.5708944314914461,6.964269526763947e-07,0.007142857142857143,0.11979865834643606,True,0.4700410996037423,0.5708944314914461,0.11979865834643606,0.6294760400210637
MACC1,0.9350923411363823,1.5615038454473923e-06,0.3856817594771229,1.6393765260616466e-08,0.007142857142857143,0.11979865834643606,True,0.9350923411363823,0.3856817594771229,0.11979865834643606,0.62934439178515
RUVBL1,0.5343564718221643,1.8981096976120379e-16,0.12635958304939976,0.005337549893606901,0.014285714285714285,0.3827710261184941,True,0.5343564718221643,0.12635958304939976,0.3827710261184941,0.6292127435492365
CORO6,0.41883978026946256,0.06767439710398286,-0.6261745718810907,0.06616156867394132,0.007142857142857143,0.11979865834643606,False,0.41883978026946256,0.6261745718810907,0.11979865834643606,0.6289494470774091
ZWINT,1.5329306275681835,6.155905326899574e-14,0.3106699946429359,0.04087066155815877,0.007142857142857143,0.11979865834643606,True,1.5329306275681835,0.3106699946429359,0.11979865834643606,0.6288177988414955
NOTCH2,-0.3105612016600734,0.00018179580274069044,0.16927018821447604,0.01375690315774476,0.02142857142857143,0.7707690936040651,False,0.3105612016600734,0.16927018821447604,0.7707690936040651,0.6284228541337546
SOX6,-1.2938608204762847,2.295725004518213e-16,-0.3273155185050989,5.619670316593353e-05,0.007142857142857143,0.11979865834643606,True,1.2938608204762847,0.3273155185050989,0.11979865834643606,0.6284228541337545
ST14,0.6599685063166358,0.0017928627887221953,-0.09410202151029878,0.09925753773386257,0.014285714285714285,0.3827710261184941,False,0.6599685063166358,0.09410202151029878,0.3827710261184941,0.6281595576619272
PZP,-0.40447506273446354,0.05858702886618403,-0.1706555436074595,0.16749828491242524,0.014285714285714285,0.3827710261184941,True,0.40447506273446354,0.1706555436074595,0.3827710261184941,0.6280279094260137
PIK3AP1,-0.5443679774304524,0.0008404619521025281,-0.5078494111255694,3.221078213363056e-11,0.007142857142857143,0.11979865834643606,True,0.5443679774304524,0.5078494111255694,0.11979865834643606,0.6276329647182727
HLA-B,0.5629666258434867,6.203898103589698e-07,0.48917316757853513,4.810707653409346e-11,0.007142857142857143,0.11979865834643606,True,0.5629666258434867,0.48917316757853513,0.11979865834643606,0.6269747235387045
LEP,-2.066990366290079,0.004021915964134539,0.28740203477637394,0.5373874402597579,0.007142857142857143,0.11979865834643606,False,2.066990366290079,0.28740203477637394,0.11979865834643606,0.6269747235387045
PCCB,-0.3146137596549412,0.0001671068358605535,-0.8933083831018678,2.9257697808322795e-21,0.007142857142857143,0.11979865834643606,True,0.3146137596549412,0.8933083831018678,0.11979865834643606,0.6265797788309636
FBN1,0.3003069923713113,0.11062001644696674,0.9413562601202798,1.120781312761999e-25,0.007142857142857143,0.11979865834643606,True,0.3003069923713113,0.9413562601202798,0.11979865834643606,0.6263164823591364
POLI,-0.5752628057576175,2.2529015026723385e-06,-0.4781401340579805,8.53570251975719e-08,0.007142857142857143,0.11979865834643606,True,0.5752628057576175,0.4781401340579805,0.11979865834643606,0.6263164823591363
SRCAP,-0.2950024557130533,0.02086552657971901,-0.24436494239175843,8.739715705167005e-08,0.014285714285714285,0.3827710261184941,True,0.2950024557130533,0.24436494239175843,0.3827710261184941,0.6252632964718272
C1QTNF2,-0.5412691780248196,0.032282621295945536,0.49545286890635154,0.38188799588095323,0.007142857142857143,0.11979865834643606,False,0.5412691780248196,0.49545286890635154,0.11979865834643606,0.625
PER1,-0.8785631466504409,0.00028319960857064915,-0.385509858309927,1.7552747528398972e-06,0.007142857142857143,0.11979865834643606,True,0.8785631466504409,0.385509858309927,0.11979865834643606,0.625
ADCY7,0.3030565983575464,0.019098739499837782,-0.23802934250338836,0.22295724970597458,0.014285714285714285,0.3827710261184941,False,0.3030565983575464,0.23802934250338836,0.3827710261184941,0.6244734070563454
RAB39B,-1.2604781432017047,1.3491742692587755e-14,-0.3206197542291136,0.12777151763358774,0.007142857142857143,0.11979865834643606,True,1.2604781432017047,0.3206197542291136,0.11979865834643606,0.6240784623486045
PCSK9,0.6423279385716789,0.024605199682544533,0.433765059839196,0.0012080665731455799,0.007142857142857143,0.11979865834643606,True,0.6423279385716789,0.433765059839196,0.11979865834643606,0.6230252764612954
NAALAD2,-0.6839183506532578,0.00040187822897342734,-0.4165219964283047,0.005291867939710196,0.007142857142857143,0.11979865834643606,True,0.6839183506532578,0.4165219964283047,0.11979865834643606,0.6228936282253817
ARHGAP23,0.5767350651239163,3.0182509926661226e-05,0.4662969313103531,0.0012864485033324915,0.007142857142857143,0.11979865834643606,True,0.5767350651239163,0.4662969313103531,0.11979865834643606,0.6227619799894681
MYO5C,-0.28653246533197496,0.21961285847905104,-0.96150162933586,7.416455509020765e-18,0.007142857142857143,0.11979865834643606,True,0.28653246533197496,0.96150162933586,0.11979865834643606,0.6227619799894681
MGAM2,-0.9655229378495243,0.019330546669914354,0.05396844526973865,0.6911651936892418,0.014285714285714285,0.3827710261184941,False,0.9655229378495243,0.05396844526973865,0.3827710261184941,0.6226303317535545
PDE4DIP,-0.23041374390507485,0.002286581343551376,-0.29670869230501395,6.775196536740474e-16,0.014285714285714285,0.3827710261184941,True,0.23041374390507485,0.29670869230501395,0.3827710261184941,0.6224986835176409
DDHD1,-0.14202685706077212,0.03012604793340586,-0.4437578690701578,0.0006774036508637387,0.014285714285714285,0.3827710261184941,True,0.14202685706077212,0.4437578690701578,0.3827710261184941,0.6222353870458136
ZFPM2,0.5234021619718412,0.012182646058701065,0.11621849689870345,0.28743654081832576,0.014285714285714285,0.3827710261184941,True,0.5234021619718412,0.11621849689870345,0.3827710261184941,0.6222353870458135
PPFIA2,0.4234137827282236,0.05297644111371272,0.5894805498197861,3.8654531140409095e-07,0.007142857142857143,0.11979865834643606,True,0.4234137827282236,0.5894805498197861,0.11979865834643606,0.6221037388098999
TCEAL3,-0.06816885414623819,0.5099624434005271,-0.6763311632987126,3.3317599881644913e-19,0.014285714285714285,0.3827710261184941,True,0.06816885414623819,0.6763311632987126,0.3827710261184941,0.6215771458662454
RFTN1,0.3654649743262386,0.015784941572649706,0.6583455328434304,4.773792555329269e-16,0.007142857142857143,0.11979865834643606,True,0.3654649743262386,0.6583455328434304,0.11979865834643606,0.6214454976303317
ADAMTS1,-0.9223486991525167,0.0021055130422411596,0.3570985226965995,0.04046091836041206,0.007142857142857143,0.11979865834643606,False,0.9223486991525167,0.3570985226965995,0.11979865834643606,0.6199973670352817
NLRP6,-0.2711511879437589,0.28463121793265067,-0.25253067109213134,0.15867262358217224,0.014285714285714285,0.3827710261184941,True,0.2711511879437589,0.25253067109213134,0.3827710261184941,0.6197340705634544
PANK3,0.30720975725225763,3.492268865093041e-06,0.15589674389148556,0.3857583664969312,0.02142857142857143,0.7707690936040651,True,0.30720975725225763,0.15589674389148556,0.7707690936040651,0.6196024223275407
C17orf53,1.1107567639091727,3.2284974389471934e-07,0.325407576732033,0.2065126526966166,0.007142857142857143,0.11979865834643606,True,1.1107567639091727,0.325407576732033,0.11979865834643606,0.6194707740916271
BCL7A,-0.34344525238267565,0.0013759068839242533,-0.7020566250668878,8.532397431923166e-09,0.007142857142857143,0.11979865834643606,True,0.34344525238267565,0.7020566250668878,0.11979865834643606,0.6193391258557135
UPK3B,0.6537992152856535,6.965457602811142e-08,-0.415584197240058,0.1381819927000752,0.007142857142857143,0.11979865834643606,False,0.6537992152856535,0.415584197240058,0.11979865834643606,0.6190758293838862
ACACA,0.24089140009655274,1.8369214708805402e-05,0.1871047928384293,1.2921796581676532e-06,0.03571428571428571,1.843380729402277,True,0.24089140009655274,0.1871047928384293,1.843380729402277,0.6185492364402316
CLIC5,0.6344117034570083,5.6837727169082244e-05,-0.08604834722630628,0.23327598557917242,0.014285714285714285,0.3827710261184941,False,0.6344117034570083,0.08604834722630628,0.3827710261184941,0.6182859399684044
FGFR1,-1.101576105084309,4.510039224996133e-08,-0.3251928041592329,0.00010111101063552321,0.007142857142857143,0.11979865834643606,True,1.101576105084309,0.3251928041592329,0.11979865834643606,0.6181542917324907
ATP10A,0.9365805798053266,0.00011712485937792109,0.34966304622663813,0.11330796770056481,0.007142857142857143,0.11979865834643606,True,0.9365805798053266,0.34966304622663813,0.11979865834643606,0.6173644023170088
LY75,1.110926812055487,7.199511358329381e-10,0.32055506173977477,0.011782002139501235,0.007142857142857143,0.11979865834643606,True,1.110926812055487,0.32055506173977477,0.11979865834643606,0.6172327540810952
LEF1,1.4724572736957278,7.270397439431122e-05,0.28903913249842716,0.01333057518422272,0.007142857142857143,0.11979865834643606,True,1.4724572736957278,0.28903913249842716,0.11979865834643606,0.6169694576092679
MN1,0.1114841386210319,0.5927587810471618,0.3976975012761379,0.41012771558726807,0.02142857142857143,0.7707690936040651,True,0.1114841386210319,0.3976975012761379,0.7707690936040651,0.6169694576092679
MAP4K4,0.6051392466484327,9.889471191157315e-07,0.4246803448187606,3.9114640541369305e-22,0.007142857142857143,0.11979865834643606,True,0.6051392466484327,0.4246803448187606,0.11979865834643606,0.6163112164296998
PDIA4,0.28755719754430586,0.051602179617653066,-0.8714393113949939,1.0866942630714496e-16,0.007142857142857143,0.11979865834643606,False,0.28755719754430586,0.8714393113949939,0.11979865834643606,0.6159162717219588
RUNX1,0.5332074560605555,0.0010863228785485345,0.4683475240127173,2.2250077844080274e-11,0.007142857142857143,0.11979865834643606,True,0.5332074560605555,0.4683475240127173,0.11979865834643606,0.615521327014218
YWHAH,0.48499349077346565,1.243695541051137e-05,0.4916860598850832,7.867469654924237e-16,0.007142857142857143,0.11979865834643606,True,0.48499349077346565,0.4916860598850832,0.11979865834643606,0.615521327014218
ERBB2,0.581072152580111,2.5651537102408636e-05,0.43378435870020127,1.0660295640053334e-10,0.007142857142857143,0.11979865834643606,True,0.581072152580111,0.43378435870020127,0.11979865834643606,0.6155213270142179
SLC38A10,-0.6413415420617845,5.0106081657052964e-05,-0.41064587075483416,9.112760838196754e-11,0.007142857142857143,0.11979865834643606,True,0.6413415420617845,0.41064587075483416,0.11979865834643606,0.6153896787783043
PYGM,-0.8086943911474025,0.0016366638190914431,-0.3628099286285149,5.541140667744463e-05,0.007142857142857143,0.11979865834643606,True,0.8086943911474025,0.3628099286285149,0.11979865834643606,0.6144681411269088
ABCC9,-0.454767825936651,1.8930033387023225e-05,0.510077921182436,0.0034237338931183926,0.007142857142857143,0.11979865834643606,False,0.454767825936651,0.510077921182436,0.11979865834643606,0.613678251711427
RPL32,-0.517304060314757,1.6352152124629027e-05,-0.468258136176086,2.429495957037537e-08,0.007142857142857143,0.11979865834643606,True,0.517304060314757,0.468258136176086,0.11979865834643606,0.6134149552395998
IVNS1ABP,0.42148375293668927,1.4281937495170764e-06,0.5495161534973683,1.7286005334032982e-19,0.007142857142857143,0.11979865834643606,True,0.42148375293668927,0.5495161534973683,0.11979865834643606,0.6132833070036862
PITPNM2,-0.6435726638271069,9.441209669360153e-08,-0.07499709229037066,0.6579280590716894,0.014285714285714285,0.3827710261184941,True,0.6435726638271069,0.07499709229037066,0.3827710261184941,0.6128883622959451
NEFM,-0.8561961458828504,0.0029967867065538623,-0.35038729370269905,0.026811821938259216,0.007142857142857143,0.11979865834643606,True,0.8561961458828504,0.35038729370269905,0.11979865834643606,0.6118351764086362
RPL18,-0.3700437193628048,0.005991261165691927,-0.6083925454296271,3.389639523507807e-11,0.007142857142857143,0.11979865834643606,True,0.3700437193628048,0.6083925454296271,0.11979865834643606,0.611835176408636
TRIM59,1.5028401001165825,7.514361302017019e-12,0.27436037624411114,0.012743192184112047,0.007142857142857143,0.11979865834643606,True,1.5028401001165825,0.27436037624411114,0.11979865834643606,0.6114402317008951
TSHZ1,-0.5384013740259039,3.817474461490742e-09,0.09637351846062003,0.6266279870997459,0.014285714285714285,0.3827710261184941,False,0.5384013740259039,0.09637351846062003,0.3827710261184941,0.6111769352290679
ALG8,0.2378142657627862,2.0308183187854937e-05,-1.1108524578848424,1.066705206992969e-06,0.007142857142857143,0.11979865834643606,False,0.2378142657627862,1.1108524578848424,0.11979865834643606,0.6110452869931543
ATAD5,0.6023529494431639,4.848659568877299e-07,-0.4101254140957806,0.05406204785588652,0.007142857142857143,0.11979865834643606,False,0.6023529494431639,0.4101254140957806,0.11979865834643606,0.6109136387572406
C16orf89,-1.5890684495151168,6.680425397230375e-06,-0.2696841434807169,0.2562137433041827,0.007142857142857143,0.11979865834643606,True,1.5890684495151168,0.2696841434807169,0.11979865834643606,0.6109136387572406
CRTAC1,-0.9521096928443322,0.0006023949139343903,0.327484756600402,0.00015073749189025367,0.007142857142857143,0.11979865834643606,False,0.9521096928443322,0.327484756600402,0.11979865834643606,0.610387045813586
USP54,0.6240551395886769,2.2820689009012553e-09,0.40284890688394626,5.789990292440127e-07,0.007142857142857143,0.11979865834643606,True,0.6240551395886769,0.40284890688394626,0.11979865834643606,0.6102553975776724
TONSL,0.6288166304146268,1.6916981610058913e-08,0.40245410596385867,0.0021162579911215133,0.007142857142857143,0.11979865834643606,True,0.6288166304146268,0.40245410596385867,0.11979865834643606,0.6102553975776724
PTPRN,-1.738274495036391,2.6058430230468734e-07,-0.26387803291984824,0.05603577650761806,0.007142857142857143,0.11979865834643606,True,1.738274495036391,0.26387803291984824,0.11979865834643606,0.6101237493417587
DST,0.11742131076517914,0.05181270353414404,0.35939640190607136,4.6741322552619535e-17,0.02142857142857143,0.7707690936040651,True,0.11742131076517914,0.35939640190607136,0.7707690936040651,0.6098604528699315
POTEI,-1.0588863812435778,0.0003970168413906375,0.0315496390493486,0.7052891532663634,0.014285714285714285,0.3827710261184941,False,1.0588863812435778,0.0315496390493486,0.3827710261184941,0.6094655081621906
SCARA5,-2.5881030581362277,5.360404842325221e-06,-0.2396626534135855,0.33239769262161994,0.007142857142857143,0.11979865834643606,True,2.5881030581362277,0.2396626534135855,0.11979865834643606,0.6094655081621906
INA,-1.2903154228487574,8.006537736149089e-05,0.28382094238120104,0.002227634227832254,0.007142857142857143,0.11979865834643606,False,1.2903154228487574,0.28382094238120104,0.11979865834643606,0.6090705634544497
KRT84,0.10987205204067328,0.1710218021142441,0.48002402110001086,0.04713380997311048,0.014285714285714285,0.3827710261184941,True,0.10987205204067328,0.48002402110001086,0.3827710261184941,0.608938915218536
PGM5,-1.1184183752432197,7.0092525182981114e-06,-0.2990466634206861,0.0007651339422714979,0.007142857142857143,0.11979865834643606,True,1.1184183752432197,0.2990466634206861,0.11979865834643606,0.6084123222748814
SLC15A4,0.3334398580177158,1.5062557916385166e-06,0.6610067193706151,1.1098575991031917e-09,0.007142857142857143,0.11979865834643606,True,0.3334398580177158,0.6610067193706151,0.11979865834643606,0.6082806740389678
VAV3,-0.9632416114647775,1.390893019275067e-11,-0.03697109224960471,0.6273417667174624,0.014285714285714285,0.3827710261184941,True,0.9632416114647775,0.03697109224960471,0.3827710261184941,0.607885729331227
RNASET2,0.5399857168068483,1.0578580093418931e-05,0.4323244585159891,4.853059097478985e-13,0.007142857142857143,0.11979865834643606,True,0.5399857168068483,0.4323244585159891,0.11979865834643606,0.6077540810953133
NEDD9,0.35592839466467296,0.03697952877493725,0.6144105295410363,8.146183773605132e-06,0.007142857142857143,0.11979865834643606,True,0.35592839466467296,0.6144105295410363,0.11979865834643606,0.6076224328593997
SEC16A,-0.35705506606054627,0.008337789312918625,-0.6114029117793862,2.7262889385304196e-19,0.007142857142857143,0.11979865834643606,True,0.35705506606054627,0.6114029117793862,0.11979865834643606,0.6070958399157451
ARID1A,-0.3759349727535035,0.00017696213832931026,-0.07598487648385799,0.024537573864149547,0.05714285714285714,4.000204659452193,True,0.3759349727535035,0.07598487648385799,4.000204659452193,0.6068983675618747
CASK,0.4219884705068502,6.136637772878242e-14,0.12474971988725159,0.005627109801426752,0.014285714285714285,0.3827710261184941,True,0.4219884705068502,0.12474971988725159,0.3827710261184941,0.6068325434439179
TMEM214,-0.21607941044977963,0.043831584418202375,-1.3888618691987986,1.339176994540866e-13,0.007142857142857143,0.11979865834643606,True,0.21607941044977963,1.3888618691987986,0.11979865834643606,0.6068325434439178
G6PD,0.2879365540459293,0.010872468396219317,0.7610018383160124,3.580995830450928e-20,0.007142857142857143,0.11979865834643606,True,0.2879365540459293,0.7610018383160124,0.11979865834643606,0.6068325434439178
ZNF469,0.5528879127657085,0.009597927049787394,-0.03469774322891439,0.8474937239196988,0.02857142857142857,1.2631321245564464,False,0.5528879127657085,0.03469774322891439,1.2631321245564464,0.6065034228541337
AGPAT1,0.2465992174782805,1.1768520027537003e-05,0.24576972630750404,0.00021106871477171335,0.014285714285714285,0.3827710261184941,True,0.2465992174782805,0.24576972630750404,0.3827710261184941,0.606437598736177
MAGEA4,0.504341286932409,0.00011309942573823629,-0.4460399711559866,0.016645651851198325,0.007142857142857143,0.11979865834643606,False,0.504341286932409,0.4460399711559866,0.11979865834643606,0.6060426540284359
SHF,0.38782469744766157,0.014989214957703953,0.558096534717258,4.9885110933683705e-06,0.007142857142857143,0.11979865834643606,True,0.38782469744766157,0.558096534717258,0.11979865834643606,0.6060426540284359
CTTNBP2,-1.6087695685295955,8.536676070356719e-12,-0.2542348272083501,0.11798062204336567,0.007142857142857143,0.11979865834643606,True,1.6087695685295955,0.2542348272083501,0.11979865834643606,0.6052527646129542
POTEE,0.34497908438401437,0.23470901496737154,0.1632908308673393,0.018751186012313605,0.014285714285714285,0.3827710261184941,True,0.34497908438401437,0.1632908308673393,0.3827710261184941,0.6052527646129542
SARM1,-0.8152466069769684,2.562199020768368e-10,0.047721083092476135,0.3134605644924998,0.014285714285714285,0.3827710261184941,False,0.8152466069769684,0.047721083092476135,0.3827710261184941,0.6052527646129542
GSE1,-0.6700812534189051,3.137804707169569e-05,-0.3662826189837922,2.1277904801369265e-05,0.007142857142857143,0.11979865834643606,True,0.6700812534189051,0.3662826189837922,0.11979865834643606,0.6052527646129542
FOXP2,-1.1904293988775159,2.928218782462093e-09,-0.2834340706717331,0.2543920943514047,0.007142857142857143,0.11979865834643606,True,1.1904293988775159,0.2834340706717331,0.11979865834643606,0.6047261716692997
NR1D2,-0.22438810692832512,0.20114612358562053,-1.1628905942778438,5.751493657786778e-05,0.007142857142857143,0.11979865834643606,True,0.22438810692832512,1.1628905942778438,0.11979865834643606,0.6045945234333859
TRADD,0.5990254027704047,4.597015387770939e-06,0.39756008445688806,2.9756933997062813e-13,0.007142857142857143,0.11979865834643606,True,0.5990254027704047,0.39756008445688806,0.11979865834643606,0.6043312269615586
FAM169A,-0.36072471573847764,0.013063338892009503,-0.592654182931053,5.478622621898146e-13,0.007142857142857143,0.11979865834643606,True,0.36072471573847764,0.592654182931053,0.11979865834643606,0.604199578725645
DMD,-0.9759356419522796,2.506527348648962e-07,-0.3070792840627661,2.6417440163011986e-06,0.007142857142857143,0.11979865834643606,True,0.9759356419522796,0.3070792840627661,0.11979865834643606,0.6039362822538178
ATP13A2,-0.49674130652270776,0.01753703071163832,-0.44176815906419975,0.00035371142986885876,0.007142857142857143,0.11979865834643606,True,0.49674130652270776,0.44176815906419975,0.11979865834643606,0.602751448130595
PDE8A,-0.42083007415578066,8.810127876721168e-05,-0.5029907771461026,1.684177063633925e-10,0.007142857142857143,0.11979865834643606,True,0.42083007415578066,0.5029907771461026,0.11979865834643606,0.6022248551869405
FZD1,0.28276890603548566,0.007339670221700816,0.737491738245101,2.2120750374928085e-17,0.007142857142857143,0.11979865834643606,True,0.28276890603548566,0.737491738245101,0.11979865834643606,0.6018299104791995
IBA57,-0.5053836830837408,4.146383215042491e-06,-0.4266531457850107,1.949117629044064e-09,0.007142857142857143,0.11979865834643606,True,0.5053836830837408,0.4266531457850107,0.11979865834643606,0.6018299104791995
ROBO1,0.19192588517415388,0.2553699499157353,0.2943252459361716,3.304407171773246e-05,0.014285714285714285,0.3827710261184941,True,0.19192588517415388,0.2943252459361716,0.3827710261184941,0.6010400210637177
NCAM2,0.17815634840093963,0.1070927342388893,-0.3124859686927408,0.008643292842411216,0.014285714285714285,0.3827710261184941,False,0.17815634840093963,0.3124859686927408,0.3827710261184941,0.6010400210637177
LRP6,-0.34259063432779513,0.0017055347054999725,-0.60694822959832,0.022181039216608075,0.007142857142857143,0.11979865834643606,True,0.34259063432779513,0.60694822959832,0.11979865834643606,0.6007767245918904
FOXN3,-0.44863947238069457,8.564939520054059e-07,-0.4655886799146636,0.07372379228071217,0.007142857142857143,0.11979865834643606,True,0.44863947238069457,0.4655886799146636,0.11979865834643606,0.6002501316482359
NDUFV2,0.2770802160557828,1.353048137388095e-05,-0.7466855449617782,4.91928632684756e-22,0.007142857142857143,0.11979865834643606,False,0.2770802160557828,0.7466855449617782,0.11979865834643606,0.6002501316482359
TMEM63B,0.7238471740457832,1.7584122398761256e-11,0.3448599367927656,0.00630575512216836,0.007142857142857143,0.11979865834643606,True,0.7238471740457832,0.3448599367927656,0.11979865834643606,0.6002501316482358
SLC8A2,-2.643495331689735,4.2519827321478885e-13,-0.2181569720036478,0.5287344899748784,0.007142857142857143,0.11979865834643606,True,2.643495331689735,0.2181569720036478,0.11979865834643606,0.5995918904686677
RPL22,-0.22737155185942015,0.026805172552800863,-1.0116399021477918,6.222571472591442e-20,0.007142857142857143,0.11979865834643606,True,0.22737155185942015,1.0116399021477918,0.11979865834643606,0.5994602422327541
TRAK2,-0.3878276222470092,9.372674384892334e-10,-0.524773175891589,0.058389193980785785,0.007142857142857143,0.11979865834643606,True,0.3878276222470092,0.524773175891589,0.11979865834643606,0.5994602422327541
CREB3L4,0.32421182358690714,0.0002624961016718434,-0.6299564608311741,3.9594046356931285e-06,0.007142857142857143,0.11979865834643606,False,0.32421182358690714,0.6299564608311741,0.11979865834643606,0.5991969457609267
SOD3,-1.1112256148611621,1.3557931577077865e-06,-0.2780324312899687,0.007027714755983652,0.007142857142857143,0.11979865834643606,True,1.1112256148611621,0.2780324312899687,0.11979865834643606,0.599065297525013
MGAM,-0.18797785490514318,0.3696455750361466,0.29492676402603735,0.04703267055485404,0.014285714285714285,0.3827710261184941,False,0.18797785490514318,0.29492676402603735,0.3827710261184941,0.5989336492890995
ATM,-0.35153152769425944,0.0006284457252807902,-0.14926455284936324,0.0004939840019375002,0.014285714285714285,0.3827710261184941,True,0.35153152769425944,0.14926455284936324,0.3827710261184941,0.5988020010531858
IL16,-0.11453460814233551,0.5123352238020503,0.430837020858597,4.648118275353082e-06,0.014285714285714285,0.3827710261184941,False,0.11453460814233551,0.430837020858597,0.3827710261184941,0.5986703528172722
RASSF6,0.7419086489636975,0.0007051346390841089,0.3345302070812046,0.0009414584782365476,0.007142857142857143,0.11979865834643606,True,0.7419086489636975,0.3345302070812046,0.11979865834643606,0.5986703528172722
YARS,0.006303475912647016,0.9570007718871985,-0.8873790713715728,4.075880428468531e-18,0.014285714285714285,0.3827710261184941,False,0.006303475912647016,0.8873790713715728,0.3827710261184941,0.5984070563454449
WDR62,1.5381013744624914,2.0306333301331822e-08,-0.24503204630518383,0.0939480386082891,0.007142857142857143,0.11979865834643606,False,1.5381013744624914,0.24503204630518383,0.11979865834643606,0.5980121116377041
CKAP5,0.35421851054294073,1.0253297553262194e-09,0.14342755129042928,1.6244968856444837e-08,0.014285714285714285,0.3827710261184941,True,0.35421851054294073,0.14342755129042928,0.3827710261184941,0.5978804634017905
SUMO2,0.30792307445314115,3.4095032257605785e-05,0.6452419475392261,1.658667970027099e-08,0.007142857142857143,0.11979865834643606,True,0.30792307445314115,0.6452419475392261,0.11979865834643606,0.5978804634017904
RPS15,-0.20922929484949826,0.046568661160442656,-1.1819196521214934,1.2113461685549348e-10,0.007142857142857143,0.11979865834643606,True,0.20922929484949826,1.1819196521214934,0.11979865834643606,0.5976171669299631
ZMPSTE24,0.3414491702051432,2.8482546921522474e-05,-0.597048546009681,2.9441134058467677e-09,0.007142857142857143,0.11979865834643606,False,0.3414491702051432,0.597048546009681,0.11979865834643606,0.5976171669299631
HSPG2,0.1420187877849255,0.2860486560199455,0.362763293301704,1.114323108271429e-11,0.014285714285714285,0.3827710261184941,True,0.1420187877849255,0.362763293301704,0.3827710261184941,0.5972222222222222
RPS5,-0.4577855059940763,0.0009058252473966172,-0.4457761374946969,2.1043675859341797e-06,0.007142857142857143,0.11979865834643606,True,0.4577855059940763,0.4457761374946969,0.11979865834643606,0.5970905739863085
HNRNPF,0.43397903714200226,2.991494420434529e-14,0.4655266267990683,6.38957451488674e-18,0.007142857142857143,0.11979865834643606,True,0.43397903714200226,0.4655266267990683,0.11979865834643606,0.5968272775144813
ARHGAP32,0.35385907736416655,0.01979205078351375,-0.14271174574558643,0.009978200007595186,0.014285714285714285,0.3827710261184941,False,0.35385907736416655,0.14271174574558643,0.3827710261184941,0.5966956292785677
SLC35A1,0.4704030330033184,7.0606404829415865e-12,-0.43217969309377935,0.00011362972133059026,0.007142857142857143,0.11979865834643606,False,0.4704030330033184,0.43217969309377935,0.11979865834643606,0.5964323328067404
WDTC1,-0.5834279229383377,7.805575115277657e-07,-0.37751621227695864,5.7394018679443995e-08,0.007142857142857143,0.11979865834643606,True,0.5834279229383377,0.37751621227695864,0.11979865834643606,0.596169036334913
OSMR,0.3783602449402341,0.00013503681648664126,0.5233032833056903,7.151846699615163e-05,0.007142857142857143,0.11979865834643606,True,0.3783602449402341,0.5233032833056903,0.11979865834643606,0.5959057398630858
POLQ,1.762690845782366,9.839719979561253e-11,0.23223089453652435,0.0819405508510883,0.007142857142857143,0.11979865834643606,True,1.762690845782366,0.23223089453652435,0.11979865834643606,0.5956424433912585
GGA2,-0.6438437503466314,1.0967209759220836e-07,-0.3518138069206742,3.824986132254498e-15,0.007142857142857143,0.11979865834643606,True,0.6438437503466314,0.3518138069206742,0.11979865834643606,0.5952474986835176
NAIP,-0.6325275580610672,1.8460503333395886e-08,0.35490638480847636,3.281823429387621e-05,0.007142857142857143,0.11979865834643606,False,0.6325275580610672,0.35490638480847636,0.11979865834643606,0.595115850447604
COX6C,0.36115960428400307,5.50557592420457e-08,0.5468121041663387,9.317253487481616e-05,0.007142857142857143,0.11979865834643606,True,0.36115960428400307,0.5468121041663387,0.11979865834643606,0.594720905739863
KANK1,-0.8731617526696205,6.016884787702375e-10,-0.3046914431992569,8.517850514872647e-09,0.007142857142857143,0.11979865834643606,True,0.8731617526696205,0.3046914431992569,0.11979865834643606,0.5944576092680358
PRDM11,-0.9012785381054851,6.504634386228733e-12,-0.30138715335870714,0.05211781304064633,0.007142857142857143,0.11979865834643606,True,0.9012785381054851,0.30138715335870714,0.11979865834643606,0.5944576092680358
GJA1,0.31365077254373475,0.07934358115795839,0.6212342675610749,7.970214535147112e-06,0.007142857142857143,0.11979865834643606,True,0.31365077254373475,0.6212342675610749,0.11979865834643606,0.5940626645602949
CSMD2,-0.3572334472949166,0.053516128901418505,0.07027078884205551,0.49185894374183925,0.03571428571428571,1.843380729402277,False,0.3572334472949166,0.07027078884205551,1.843380729402277,0.5924828857293312
AHNAK,0.0870080296022877,0.4949410750662835,0.3752709744962992,1.0286255137225919e-07,0.02142857142857143,0.7707690936040651,True,0.0870080296022877,0.3752709744962992,0.7707690936040651,0.592219589257504
EPHB6,-0.7382183172492933,0.0017335150367229527,-0.03840916576137232,0.8443164474750047,0.014285714285714285,0.3827710261184941,True,0.7382183172492933,0.03840916576137232,0.3827710261184941,0.5919562927856766
GALC,0.34927530708263177,6.534801901690344e-06,0.5567922973088599,6.220034941300002e-14,0.007142857142857143,0.11979865834643606,True,0.34927530708263177,0.5567922973088599,0.11979865834643606,0.591824644549763
TM9SF2,0.25345397211215115,0.012022640657912203,-0.7467409637164977,3.1690460516412776e-11,0.007142857142857143,0.11979865834643606,False,0.25345397211215115,0.7467409637164977,0.11979865834643606,0.591824644549763
PPP3CA,0.4811507062072078,1.834769529424829e-06,0.4108949015045802,3.3252053527134394e-19,0.007142857142857143,0.11979865834643606,True,0.4811507062072078,0.4108949015045802,0.11979865834643606,0.5915613480779357
HYOU1,-0.2603595161588341,0.1490859184548677,-0.714746639164467,3.144152535961235e-16,0.007142857142857143,0.11979865834643606,True,0.2603595161588341,0.714746639164467,0.11979865834643606,0.5912980516061085
FUCA1,0.16139405410275032,0.037179656826272445,0.3156429360623001,7.281750967840199e-08,0.014285714285714285,0.3827710261184941,True,0.16139405410275032,0.3156429360623001,0.3827710261184941,0.5906398104265402
ANKRD36C,0.21003410865233896,0.018474137818881985,1.0122843126102268,0.0037036141788845916,0.007142857142857143,0.11979865834643606,True,0.21003410865233896,1.0122843126102268,0.11979865834643606,0.5906398104265402
PDZRN4,0.07129475346613301,0.8477250427087278,0.5179562268594999,0.3246224310031047,0.014285714285714285,0.3827710261184941,True,0.07129475346613301,0.5179562268594999,0.3827710261184941,0.5905081621906265
ZSCAN18,-0.7909119523320527,1.2431488479835852e-09,-0.3080464799358893,1.3990156633209497e-06,0.007142857142857143,0.11979865834643606,True,0.7909119523320527,0.3080464799358893,0.11979865834643606,0.5899815692469721
PDE1C,-1.0003012403984783,2.1158296110686174e-06,-0.27280197491552016,0.1681778105936713,0.007142857142857143,0.11979865834643606,True,1.0003012403984783,0.27280197491552016,0.11979865834643606,0.589981569246972
ANGPTL4,0.36009097245875843,0.24715852579352185,0.526551806091625,1.423633763596749e-05,0.007142857142857143,0.11979865834643606,True,0.36009097245875843,0.526551806091625,0.11979865834643606,0.5895866245392312
ACBD5,0.27987446950768025,8.488148085178696e-08,0.6544177417830426,1.0013327244579e-21,0.007142857142857143,0.11979865834643606,True,0.27987446950768025,0.6544177417830426,0.11979865834643606,0.5893233280674038
PTGFR,-0.9979813864580773,0.00023309384468222366,0.2718143374841855,0.6213100621057823,0.007142857142857143,0.11979865834643606,False,0.9979813864580773,0.2718143374841855,0.11979865834643606,0.5890600315955766
LRP5,0.2461365743393813,0.09464518742348907,-0.2100278239215072,0.3679344394987807,0.014285714285714285,0.3827710261184941,False,0.2461365743393813,0.2100278239215072,0.3827710261184941,0.5886650868878356
MAP7D1,0.5059297235003211,0.00010242340901270335,0.39234694986088314,2.2338441921559111e-10,0.007142857142857143,0.11979865834643606,True,0.5059297235003211,0.39234694986088314,0.11979865834643606,0.5884017904160084
ADAMTS4,0.053858224648918096,0.7928248497448049,0.5592020731959018,3.126152562279788e-08,0.014285714285714285,0.3827710261184941,True,0.053858224648918096,0.5592020731959018,0.3827710261184941,0.5882701421800948
MMP2,0.20229144812359934,0.2875333914408754,1.0360014385457923,1.7386703922099417e-20,0.007142857142857143,0.11979865834643606,True,0.20229144812359934,1.0360014385457923,0.11979865834643606,0.588138493944181
HCLS1,-0.2641609614514824,0.1812897483076065,0.6874852504669313,2.2248998703372777e-10,0.007142857142857143,0.11979865834643606,False,0.2641609614514824,0.6874852504669313,0.11979865834643606,0.5880068457082674
FILIP1L,-0.262569995781309,0.03456494296719672,0.6912275981964235,4.463648239894032e-18,0.007142857142857143,0.11979865834643606,False,0.262569995781309,0.6912275981964235,0.11979865834643606,0.5880068457082674
LOX,0.5716279563602544,0.014800457753095785,0.35690716567691894,1.7044269584582695e-07,0.007142857142857143,0.11979865834643606,True,0.5716279563602544,0.35690716567691894,0.11979865834643606,0.5880068457082674
CHORDC1,0.4201199079448088,0.00020605158330350718,0.45094803404753137,8.202282695221061e-18,0.007142857142857143,0.11979865834643606,True,0.4201199079448088,0.45094803404753137,0.11979865834643606,0.5877435492364402
C11orf95,-0.5255876002180848,1.042876879339234e-16,0.38285564156900165,0.06765749079699107,0.007142857142857143,0.11979865834643606,False,0.5255876002180848,0.38285564156900165,0.11979865834643606,0.5877435492364402
PLCB3,0.7829895067447907,1.1974865581070966e-12,0.30523395761628436,4.286342869135359e-14,0.007142857142857143,0.11979865834643606,True,0.7829895067447907,0.30523395761628436,0.11979865834643606,0.5877435492364401
TBC1D9B,-0.1937182717460164,0.0007970763984800323,0.17737018835618557,1.688144492800367e-06,0.02857142857142857,1.2631321245564464,False,0.1937182717460164,0.17737018835618557,1.2631321245564464,0.5875460768825698
CAMSAP2,0.37645839269456083,0.00048675974400311163,0.4857757914837748,3.102506663116215e-14,0.007142857142857143,0.11979865834643606,True,0.37645839269456083,0.4857757914837748,0.11979865834643606,0.5869536598209584
SHE,-0.7093933774696932,2.1980739702446965e-05,-0.31653663918655894,0.024061337781673586,0.007142857142857143,0.11979865834643606,True,0.7093933774696932,0.31653663918655894,0.11979865834643606,0.5869536598209584
CBX6,-0.9264792804456423,1.6608189539188943e-14,-0.2787251028955744,0.0009418296051764359,0.007142857142857143,0.11979865834643606,True,0.9264792804456423,0.2787251028955744,0.11979865834643606,0.5868220115850447
RGPD3,-0.21813759516932762,0.17568811593845834,0.8825399586881986,1.3757234786235034e-07,0.007142857142857143,0.11979865834643606,False,0.21813759516932762,0.8825399586881986,0.11979865834643606,0.5864270668773038
FIGNL1,0.4078113822801015,2.8550015277065105e-06,-0.45643188264275736,0.0012371718585816927,0.007142857142857143,0.11979865834643606,False,0.4078113822801015,0.45643188264275736,0.11979865834643606,0.5864270668773038
DYNC2H1,0.1303085522518188,0.17589259140302635,-0.35795113428760317,3.165775372010981e-05,0.014285714285714285,0.3827710261184941,False,0.1303085522518188,0.35795113428760317,0.3827710261184941,0.5862954186413902
ATP7B,0.20227137531630923,0.13946325008803515,-0.9982768126747104,2.3564547058794578e-14,0.007142857142857143,0.11979865834643606,False,0.20227137531630923,0.9982768126747104,0.11979865834643606,0.5859004739336493
PRKAA1,0.47448959326148277,4.0620630916589213e-07,0.40100587907760143,1.2683357320958209e-17,0.007142857142857143,0.11979865834643606,True,0.47448959326148277,0.40100587907760143,0.11979865834643606,0.5857688256977356
ENGASE,-0.0503591662022469,0.5810627914798742,-0.5598664450801394,7.521806170075583e-15,0.014285714285714285,0.3827710261184941,True,0.0503591662022469,0.5598664450801394,0.3827710261184941,0.5851105845181674
ELP5,-0.3250913510755229,1.0228605756630312e-07,-0.5669712284558699,2.2770189027738557e-16,0.007142857142857143,0.11979865834643606,True,0.3250913510755229,0.5669712284558699,0.11979865834643606,0.5847156398104265
ZNF512B,-0.47268589693133123,1.3451655385524532e-08,-0.3993590046559774,1.6974402475097566e-10,0.007142857142857143,0.11979865834643606,True,0.47268589693133123,0.3993590046559774,0.11979865834643606,0.5845839915745129
DPM1,0.25290684183357826,0.000606523754746058,-0.691820477347914,5.32380655878876e-09,0.007142857142857143,0.11979865834643606,False,0.25290684183357826,0.691820477347914,0.11979865834643606,0.5843206951026856
FMR1,0.15761809489059253,0.07932724090377863,0.3069744531852301,2.0391137066733142e-14,0.014285714285714285,0.3827710261184941,True,0.15761809489059253,0.3069744531852301,0.3827710261184941,0.584189046866772
KIF18B,0.4510700037856932,1.1642891481201462e-05,-0.07704284003774653,0.8446676513073418,0.014285714285714285,0.3827710261184941,False,0.4510700037856932,0.07704284003774653,0.3827710261184941,0.5839257503949447
RAB3GAP2,0.17460255492535381,7.249082461578878e-05,0.27903589072504076,8.186467796475078e-13,0.014285714285714285,0.3827710261184941,True,0.17460255492535381,0.27903589072504076,0.3827710261184941,0.5839257503949447
ATP11A,0.08203173961518928,0.3708114136546799,0.3572599432558796,2.739324682280198e-07,0.02142857142857143,0.7707690936040651,True,0.08203173961518928,0.3572599432558796,0.7707690936040651,0.5835308056872037
SPARCL1,-0.5580357373976774,0.0026602984381173603,0.3529105593766495,9.526396952632413e-06,0.007142857142857143,0.11979865834643606,False,0.5580357373976774,0.3529105593766495,0.11979865834643606,0.5828725645076356
GRN,0.2592082272257965,0.01055201516051403,0.6558590865754255,2.3099749812691693e-25,0.007142857142857143,0.11979865834643606,True,0.2592082272257965,0.6558590865754255,0.11979865834643606,0.582345971563981
ZBP1,0.7669242621149985,0.004159164734912605,-0.29470630513623597,0.06312133667666615,0.007142857142857143,0.11979865834643606,False,0.7669242621149985,0.29470630513623597,0.11979865834643606,0.5823459715639809
BICD1,0.6603914443008492,5.7757778807302195e-06,0.31300628979481004,0.0010153498070905036,0.007142857142857143,0.11979865834643606,True,0.6603914443008492,0.31300628979481004,0.11979865834643606,0.5822143233280673
TMEM163,-0.4395584253397651,0.018397845704931828,-0.4099674228360186,0.001850737481768681,0.007142857142857143,0.11979865834643606,True,0.4395584253397651,0.4099674228360186,0.11979865834643606,0.5820826750921537
CELF2,-0.427081184055206,0.03182348535467192,0.41687719987756466,1.7859845619334812e-05,0.007142857142857143,0.11979865834643606,False,0.427081184055206,0.41687719987756466,0.11979865834643606,0.5820826750921537
SASH1,-0.6059607345263238,2.4480982984378515e-05,0.04191345846438921,0.4142559692069672,0.014285714285714285,0.3827710261184941,False,0.6059607345263238,0.04191345846438921,0.3827710261184941,0.5818193786203265
MYO1F,-0.2508219757796777,0.1507799572090557,0.6816609634586186,4.377718639987992e-15,0.007142857142857143,0.11979865834643606,False,0.2508219757796777,0.6816609634586186,0.11979865834643606,0.5818193786203265
TXNDC16,-0.5015694109255939,2.144520464351032e-06,0.3731662574062682,0.17305263169682872,0.007142857142857143,0.11979865834643606,False,0.5015694109255939,0.3731662574062682,0.11979865834643606,0.5815560821484992
CYBA,0.36138755988431903,0.005352530552657945,0.4867459985493596,1.0708597358824946e-06,0.007142857142857143,0.11979865834643606,True,0.36138755988431903,0.4867459985493596,0.11979865834643606,0.5814244339125855
ETFA,0.3141469184411889,6.590838805374291e-05,-0.566260076776512,1.888478477319985e-12,0.007142857142857143,0.11979865834643606,False,0.3141469184411889,0.566260076776512,0.11979865834643606,0.5810294892048447
EP300,-0.17612908368015212,0.03168178816300968,0.2041220835644637,6.709497843244352e-07,0.02142857142857143,0.7707690936040651,False,0.17612908368015212,0.2041220835644637,0.7707690936040651,0.5807661927330174
KLF5,1.9401681505960227,5.398881090125245e-12,0.19328364082732108,0.09447047264508755,0.007142857142857143,0.11979865834643606,True,1.9401681505960227,0.19328364082732108,0.11979865834643606,0.5807661927330173
GOLGA8K,0.18182212718485324,0.6665382519648202,-1.104970055983129,0.00711933842885501,0.007142857142857143,0.11979865834643606,False,0.18182212718485324,1.104970055983129,0.11979865834643606,0.5802395997893628
GLI2,0.450679175469741,0.03629571851352376,-0.07223553979472896,0.7655445943654133,0.014285714285714285,0.3827710261184941,False,0.450679175469741,0.07223553979472896,0.3827710261184941,0.5801079515534492
SUMF2,-0.33499553657666503,0.0025138596656549828,0.1279176009274785,0.007414018715982856,0.014285714285714285,0.3827710261184941,False,0.33499553657666503,0.1279176009274785,0.3827710261184941,0.5798446550816219
IRF9,0.45450602533777307,3.0340128386244712e-09,0.39290064276920944,1.3571027039291773e-11,0.007142857142857143,0.11979865834643606,True,0.45450602533777307,0.39290064276920944,0.11979865834643606,0.5789231174302264
TLR5,-0.33913143338620166,0.007115318995799457,0.5116795601998305,0.0877903005369462,0.007142857142857143,0.11979865834643606,False,0.33913143338620166,0.5116795601998305,0.11979865834643606,0.5785281727224855
FAM98B,-0.2973872507442703,0.013518432669653609,-0.14566394635842528,5.780389708228311e-08,0.014285714285714285,0.3827710261184941,True,0.2973872507442703,0.14566394635842528,0.3827710261184941,0.5785281727224855
INPP5F,0.481986462088134,2.1269668260082563e-06,0.3720280242326517,1.5048612676056405e-13,0.007142857142857143,0.11979865834643606,True,0.481986462088134,0.3720280242326517,0.11979865834643606,0.5780015797788309
SYVN1,-0.4144252047976327,0.005731967480072051,-0.41521034967223613,0.00034024123013991746,0.007142857142857143,0.11979865834643606,True,0.4144252047976327,0.41521034967223613,0.11979865834643606,0.5773433385992627
TCERG1,0.3290118116868985,1.9070928430459298e-08,0.12711438636866035,4.3232231990971486e-05,0.014285714285714285,0.3827710261184941,True,0.3290118116868985,0.12711438636866035,0.3827710261184941,0.5770800421274355
LILRA6,0.460200645661458,0.060983839593227875,-0.3818107215031663,0.04738031965525496,0.007142857142857143,0.11979865834643606,False,0.460200645661458,0.3818107215031663,0.11979865834643606,0.5765534491837809
PODXL2,-0.22800624320892915,0.11836662683567677,-0.7192692105290703,0.017574846621579855,0.007142857142857143,0.11979865834643606,True,0.22800624320892915,0.7192692105290703,0.11979865834643606,0.5762901527119536
KAT6B,-0.5703899977672702,2.2979386632365348e-07,-0.32828759289783704,0.13314572338896896,0.007142857142857143,0.11979865834643606,True,0.5703899977672702,0.32828759289783704,0.11979865834643606,0.5762901527119536
PIEZO1,0.45147511746426794,6.025828865585365e-05,0.016615325607993725,0.871302318288923,0.02857142857142857,1.2631321245564464,True,0.45147511746426794,0.016615325607993725,1.2631321245564464,0.5762243285939969
ITPR2,-0.5797998841917682,3.2488346780861377e-09,-0.325343176359425,1.8506091793900273e-07,0.007142857142857143,0.11979865834643606,True,0.5797998841917682,0.325343176359425,0.11979865834643606,0.5760268562401263
EEF1E1,0.19194541010699062,0.014853271867345974,-0.929931558076941,3.260575009480696e-19,0.007142857142857143,0.11979865834643606,False,0.19194541010699062,0.929931558076941,0.11979865834643606,0.5758952080042127
CXCL1,0.5416226867016665,0.05804202806162529,0.337612954407863,0.054343184225382105,0.007142857142857143,0.11979865834643606,True,0.5416226867016665,0.337612954407863,0.11979865834643606,0.5758952080042127
CFHR1,-1.082038632163316,0.0067006344710053385,0.23383594229367333,0.004556222577086838,0.007142857142857143,0.11979865834643606,False,1.082038632163316,0.23383594229367333,0.11979865834643606,0.5756319115323855
CHPF,0.14114555840938436,0.2127206883569209,0.3134182316793108,5.188369646903341e-05,0.014285714285714285,0.3827710261184941,True,0.14114555840938436,0.3134182316793108,0.3827710261184941,0.5756319115323854
PCNT,-0.195930741563636,0.0019570174331832732,-0.23542678979284304,2.3932993253484026e-11,0.014285714285714285,0.3827710261184941,True,0.195930741563636,0.23542678979284304,0.3827710261184941,0.5753686150605581
SP110,0.36739703836008,0.0018730075213580107,0.4572917159654608,3.887631700005235e-11,0.007142857142857143,0.11979865834643606,True,0.36739703836008,0.4572917159654608,0.11979865834643606,0.5751053185887309
RASAL2,0.3666336039891309,0.00019055337085514018,0.45797201124476317,5.315770354355076e-12,0.007142857142857143,0.11979865834643606,True,0.3666336039891309,0.45797201124476317,0.11979865834643606,0.5751053185887308
BDP1,0.03591552817449539,0.5121225421424296,-0.5639007099559201,0.022865810769029455,0.014285714285714285,0.3827710261184941,False,0.03591552817449539,0.5639007099559201,0.3827710261184941,0.5749736703528172
ACTL8,0.5750586085247665,0.0021473208098337715,-0.3243602277102724,0.15959412116778282,0.007142857142857143,0.11979865834643606,False,0.5750586085247665,0.3243602277102724,0.11979865834643606,0.5748420221169036
PLEKHG4,-0.4255760141731919,0.0002722717941974881,-0.40022597220233536,0.2075403697507211,0.007142857142857143,0.11979865834643606,True,0.4255760141731919,0.40022597220233536,0.11979865834643606,0.5745787256450763
KRT10,0.1382076535273118,0.05301159902094866,0.24544407795209366,0.058166087563810635,0.02142857142857143,0.7707690936040651,True,0.1382076535273118,0.24544407795209366,0.7707690936040651,0.5744470774091627
PLEKHA8,0.2883990733622799,0.00018020844762857172,0.5721815941677448,0.016214804150413327,0.007142857142857143,0.11979865834643606,True,0.2883990733622799,0.5721815941677448,0.11979865834643606,0.5744470774091627
ITLN1,0.5377969562989922,0.29325543635057794,0.3363362226173656,0.0522688100814822,0.007142857142857143,0.11979865834643606,True,0.5377969562989922,0.3363362226173656,0.11979865834643606,0.5743154291732491
SF3B4,0.497125049575164,5.3545575102586704e-11,-0.35323776359852843,8.312186058854187e-08,0.007142857142857143,0.11979865834643606,False,0.497125049575164,0.35323776359852843,0.11979865834643606,0.5739204844655081
NAV3,-0.18838225509888318,0.37568213824579993,0.24056360103260843,0.12282026494882158,0.014285714285714285,0.3827710261184941,False,0.18838225509888318,0.24056360103260843,0.3827710261184941,0.5739204844655081
SYDE1,0.3147773232780171,0.02776430551765734,0.5279121450106388,6.327396755149922e-12,0.007142857142857143,0.11979865834643606,True,0.3147773232780171,0.5279121450106388,0.11979865834643606,0.5737888362295945
PCK1,-0.9722383983016298,0.024699795323486283,-0.24269050934631764,0.10742998730104904,0.007142857142857143,0.11979865834643606,True,0.9722383983016298,0.24269050934631764,0.11979865834643606,0.5736571879936808
PSMD8,0.43368231086848397,1.163157963346327e-11,0.390441638467685,6.85063181831495e-11,0.007142857142857143,0.11979865834643606,True,0.43368231086848397,0.390441638467685,0.11979865834643606,0.5727356503422854
CPXM2,0.005620307720780815,0.9784992450129547,0.6508399116321009,5.2223815558222247e-14,0.014285714285714285,0.3827710261184941,True,0.005620307720780815,0.6508399116321009,0.3827710261184941,0.5727356503422854
GABPB1,0.42058593839958824,1.3768298675690604e-06,0.40020791580688453,4.2227951616239585e-06,0.007142857142857143,0.11979865834643606,True,0.42058593839958824,0.40020791580688453,0.11979865834643606,0.5726040021063717
PPP1R13B,-0.44597177625959716,5.526999802521603e-05,-0.38220690169758953,2.6816035737300667e-08,0.007142857142857143,0.11979865834643606,True,0.44597177625959716,0.38220690169758953,0.11979865834643606,0.5723407056345444
HSPD1,0.32931793558045364,0.003718803493141244,-0.5057298123814853,2.5039429386979515e-14,0.007142857142857143,0.11979865834643606,False,0.32931793558045364,0.5057298123814853,0.11979865834643606,0.5722090573986308
SLF1,-0.0010629281220424502,0.9906966381508839,0.6765683197828416,1.9014482624120583e-06,0.014285714285714285,0.3827710261184941,False,0.0010629281220424502,0.6765683197828416,0.3827710261184941,0.5720774091627172
AHCYL1,-0.5213495666845578,1.9213878292144598e-07,-0.3347682008710855,1.7025144080999956e-10,0.007142857142857143,0.11979865834643606,True,0.5213495666845578,0.3347682008710855,0.11979865834643606,0.5715508162190627
ACTN4,0.5839419702998274,8.348580038445731e-11,0.31021745063102557,4.983797248404876e-18,0.007142857142857143,0.11979865834643606,True,0.5839419702998274,0.31021745063102557,0.11979865834643606,0.5712875197472354
HELLS,1.0402756346125344,1.8369157670435184e-11,0.23089455646302426,0.052111245131624837,0.007142857142857143,0.11979865834643606,True,1.0402756346125344,0.23089455646302426,0.11979865834643606,0.5712875197472354
KRT1,-0.3406186398594033,0.38906157550927745,-0.4777564590151009,1.9758648791527054e-06,0.007142857142857143,0.11979865834643606,True,0.3406186398594033,0.4777564590151009,0.11979865834643606,0.5711558715113217
SLIRP,0.3452715612345152,7.37345199932435e-07,-0.47250177096584167,2.690664155121285e-10,0.007142857142857143,0.11979865834643606,False,0.3452715612345152,0.47250177096584167,0.11979865834643606,0.571024223275408
SYT7,-1.2207341400590632,1.38438803084395e-05,-0.2101522547633934,0.034476000231550695,0.007142857142857143,0.11979865834643606,True,1.2207341400590632,0.2101522547633934,0.11979865834643606,0.5708925750394944
SHPRH,-0.3648514551302462,1.7708821728147517e-06,-0.4446003493814352,2.018303769444779e-07,0.007142857142857143,0.11979865834643606,True,0.3648514551302462,0.4446003493814352,0.11979865834643606,0.5708925750394944
ABCA6,-0.6130600367157903,0.0030671545397071656,-0.3020041539912093,0.0018055122261869277,0.007142857142857143,0.11979865834643606,True,0.6130600367157903,0.3020041539912093,0.11979865834643606,0.5708925750394944
C1QTNF5,0.237042762069402,0.22149079237732494,0.6447360454618156,9.016835255308415e-13,0.007142857142857143,0.11979865834643606,True,0.237042762069402,0.6447360454618156,0.11979865834643606,0.5703659820958399
VPS51,-0.7584910144237771,4.842892972418402e-06,-0.27041262189619175,1.757186906454627e-10,0.007142857142857143,0.11979865834643606,True,0.7584910144237771,0.27041262189619175,0.11979865834643606,0.5702343338599263
TENM3,-0.12955317239501518,0.34433510705409676,0.32080132574496645,0.004972348336536973,0.014285714285714285,0.3827710261184941,False,0.12955317239501518,0.32080132574496645,0.3827710261184941,0.5699710373880991
VASN,-0.20393787672220753,0.0813741090917055,0.21556858761354647,0.0025890302366344564,0.014285714285714285,0.3827710261184941,False,0.20393787672220753,0.21556858761354647,0.3827710261184941,0.5695760926803581
SLC25A5,-0.2511077079219941,0.1124005275033486,-0.1583654968614212,0.14380232570785156,0.014285714285714285,0.3827710261184941,True,0.2511077079219941,0.1583654968614212,0.3827710261184941,0.5693127962085307
DET1,-0.37512164717038843,1.2464305188094298e-08,0.42265832724240937,0.12025888628904496,0.007142857142857143,0.11979865834643606,False,0.37512164717038843,0.42265832724240937,0.11979865834643606,0.5691811479726171
PTPRZ1,-0.2270113107801759,0.2998100786270435,-0.6768426778179677,0.1983223997994813,0.007142857142857143,0.11979865834643606,True,0.2270113107801759,0.6768426778179677,0.11979865834643606,0.5689178515007899
MB21D2,0.3859157280671255,0.006597469314906481,0.4112982898374291,7.769291600733443e-06,0.007142857142857143,0.11979865834643606,True,0.3859157280671255,0.4112982898374291,0.11979865834643606,0.5687862032648763
IRX4,-0.07176001410866328,0.7658626422239176,0.42659425666895956,0.41159077106376685,0.014285714285714285,0.3827710261184941,False,0.07176001410866328,0.42659425666895956,0.3827710261184941,0.568522906793049
SMPD1,-0.3632765720501929,1.1712518906602897e-05,0.43390766518427526,7.471884413608728e-08,0.007142857142857143,0.11979865834643606,False,0.3632765720501929,0.43390766518427526,0.11979865834643606,0.5683912585571353
PNPT1,0.078856232773866,0.34850934138143513,-0.41269637322742625,1.0650172353343245e-08,0.014285714285714285,0.3827710261184941,False,0.078856232773866,0.41269637322742625,0.3827710261184941,0.5679963138493944
PLEKHA4,-0.33470610414237356,0.03175585298285106,-0.4761301268065061,0.0003507026533650287,0.007142857142857143,0.11979865834643606,True,0.33470610414237356,0.4761301268065061,0.11979865834643606,0.5673380726698262
DNAJC21,-0.01315652989081606,0.8502961527510293,-0.6056463644497612,1.0633614370481205e-18,0.014285714285714285,0.3827710261184941,True,0.01315652989081606,0.6056463644497612,0.3827710261184941,0.5672064244339126
MACROD2,0.4320983617660197,0.005989863728098532,-0.36903402997509005,0.0003672897010565499,0.007142857142857143,0.11979865834643606,False,0.4320983617660197,0.36903402997509005,0.11979865834643606,0.567074776197999
FARS2,-0.22995772149351446,2.8097816690886365e-05,-0.6497222959444997,1.6633033131562624e-18,0.007142857142857143,0.11979865834643606,True,0.22995772149351446,0.6497222959444997,0.11979865834643606,0.5670747761979988
HLTF,-0.029286131946420824,0.7007157286042215,-0.5498982383771072,4.008969305896991e-17,0.014285714285714285,0.3827710261184941,True,0.029286131946420824,0.5498982383771072,0.3827710261184941,0.5669431279620853
ETV4,1.0666785224301334,4.775548472720899e-06,0.21660887964968722,0.16669198730804904,0.007142857142857143,0.11979865834643606,True,1.0666785224301334,0.21660887964968722,0.11979865834643606,0.5665481832543443
ARHGAP21,0.2653331029849273,0.00018437188433316953,0.14580536279770584,0.0018819113368873132,0.014285714285714285,0.3827710261184941,True,0.2653331029849273,0.14580536279770584,0.3827710261184941,0.5662848867825171
BCKDHA,-0.17607099267781834,0.029112898155770905,-0.9325336670063606,2.149012229701879e-23,0.007142857142857143,0.11979865834643606,True,0.17607099267781834,0.9325336670063606,0.11979865834643606,0.5661532385466035
CSPP1,-0.2365380914700559,0.002144248362925656,-0.6295499905915918,0.01021439892273168,0.007142857142857143,0.11979865834643606,True,0.2365380914700559,0.6295499905915918,0.11979865834643606,0.5661532385466035
FOXK1,-0.29477601531295505,0.0007806842068326446,0.5219958240612002,2.2078624202393143e-10,0.007142857142857143,0.11979865834643606,False,0.29477601531295505,0.5219958240612002,0.11979865834643606,0.5653633491311216
AUTS2,-0.1986204593478984,0.08590264524708859,0.2105746748568258,0.0298664711268712,0.014285714285714285,0.3827710261184941,False,0.1986204593478984,0.2105746748568258,0.3827710261184941,0.5649684044233807
HM13,-0.1561923406267507,0.21254951838322506,-1.1915209511179796,3.7314419600635847e-17,0.007142857142857143,0.11979865834643606,True,0.1561923406267507,1.1915209511179796,0.11979865834643606,0.5648367561874671
DAPK1,-0.3838953681698616,3.358049551326709e-07,0.40360350930149735,5.34578787450803e-10,0.007142857142857143,0.11979865834643606,False,0.3838953681698616,0.40360350930149735,0.11979865834643606,0.5644418114797262
PIK3CG,-0.08722035467864231,0.6081919347390068,0.30290561923989756,0.00023319419991185727,0.02142857142857143,0.7707690936040651,False,0.08722035467864231,0.30290561923989756,0.7707690936040651,0.5640468667719852
DHX15,0.23301508336145815,1.7641808092448232e-06,0.16579789168727999,2.502281066299856e-10,0.014285714285714285,0.3827710261184941,True,0.23301508336145815,0.16579789168727999,0.3827710261184941,0.5635202738283307
FASN,-0.14785953809487928,0.288152567731523,0.2733453168969078,2.000195142783386e-06,0.014285714285714285,0.3827710261184941,False,0.14785953809487928,0.2733453168969078,0.3827710261184941,0.563388625592417
RNASE3,0.41921155116717834,0.07707468859830932,0.3735701914366203,0.0007237277429899484,0.007142857142857143,0.11979865834643606,True,0.41921155116717834,0.3735701914366203,0.11979865834643606,0.563388625592417
STAB1,-0.4438164638031292,0.017922583794824188,0.35453619147319415,7.506882340192742e-08,0.007142857142857143,0.11979865834643606,False,0.4438164638031292,0.35453619147319415,0.11979865834643606,0.563388625592417
TNS1,-0.7249085928709089,1.6270748310733583e-06,0.2634367893486598,4.963044638543441e-07,0.007142857142857143,0.11979865834643606,False,0.7249085928709089,0.2634367893486598,0.11979865834643606,0.5631253291205898
PIK3R5,-0.21241936476597623,0.2898313357740108,0.18820362423447534,0.6539083740197215,0.014285714285714285,0.3827710261184941,False,0.21241936476597623,0.18820362423447534,0.3827710261184941,0.5620721432332807
MRC1,0.2375474059811271,0.22317064942232098,0.6090213976894105,4.565550289877766e-14,0.007142857142857143,0.11979865834643606,True,0.2375474059811271,0.6090213976894105,0.11979865834643606,0.5620721432332806
EEF1A2,-0.2869769009330625,0.23419608174730594,-0.5195864027065156,3.5844272529990416e-17,0.007142857142857143,0.11979865834643606,True,0.2869769009330625,0.5195864027065156,0.11979865834643606,0.5618088467614534
ZNF407,-0.34923277496410776,1.0111859604528192e-08,0.08981886928384597,0.6213565039940309,0.014285714285714285,0.3827710261184941,False,0.34923277496410776,0.08981886928384597,0.3827710261184941,0.561545550289626
KIFC1,2.04678144913104,7.210413208252818e-11,0.15118532734700096,0.16915219945090784,0.007142857142857143,0.11979865834643606,True,2.04678144913104,0.15118532734700096,0.11979865834643606,0.561545550289626
VPS13B,-0.11236427860070997,0.03557048489465428,-0.25576302753917446,9.332387050864351e-05,0.02142857142857143,0.7707690936040651,True,0.11236427860070997,0.25576302753917446,0.7707690936040651,0.5611506055818851
AMER1,-0.39448655796818066,0.0008089218573401436,-0.38820985027155075,2.4592848587718253e-05,0.007142857142857143,0.11979865834643606,True,0.39448655796818066,0.38820985027155075,0.11979865834643606,0.5610189573459715
RAB11FIP4,-0.2826130411355283,0.12415838930785832,-0.5224617018573277,6.496753970244743e-06,0.007142857142857143,0.11979865834643606,True,0.2826130411355283,0.5224617018573277,0.11979865834643606,0.5608873091100579
LNX2,-0.232910762801815,0.16005279872246594,-0.6161014174727608,0.020041812451574898,0.007142857142857143,0.11979865834643606,True,0.232910762801815,0.6161014174727608,0.11979865834643606,0.5606240126382306
TFE3,0.12269278535067762,0.16042899244380535,0.3057991534298061,1.5375832637801315e-05,0.014285714285714285,0.3827710261184941,True,0.12269278535067762,0.3057991534298061,0.3827710261184941,0.5591758820431806
HS6ST1,-0.862271759504571,2.5716970063004096e-08,-0.23263564566069306,0.0156331692948251,0.007142857142857143,0.11979865834643606,True,0.862271759504571,0.23263564566069306,0.11979865834643606,0.5590442338072669
SP100,0.24472153023945964,3.576235938015212e-05,0.5836295907331426,1.8017515383926266e-20,0.007142857142857143,0.11979865834643606,True,0.24472153023945964,0.5836295907331426,0.11979865834643606,0.558649289099526
IRF2BP1,-0.32466092125738655,0.0018209123711783216,-0.45813282046653825,3.367671276946596e-20,0.007142857142857143,0.11979865834643606,True,0.32466092125738655,0.45813282046653825,0.11979865834643606,0.5585176408636124
MRPS5,0.2989416672630014,5.004402646547385e-13,-0.48431349433915116,1.0347251473186062e-11,0.007142857142857143,0.11979865834643606,False,0.2989416672630014,0.48431349433915116,0.11979865834643606,0.5583859926276987
BUD31,0.37837374938371404,2.757115486275169e-08,0.3920311325306436,7.08780145242274e-08,0.007142857142857143,0.11979865834643606,True,0.37837374938371404,0.3920311325306436,0.11979865834643606,0.5581226961558715
ENTPD1,0.1916846271738315,0.020471540071226348,0.7306985382017466,1.2890705455615437e-22,0.007142857142857143,0.11979865834643606,True,0.1916846271738315,0.7306985382017466,0.11979865834643606,0.5581226961558714
ABHD3,0.6496978108949332,1.0852392823173713e-09,-0.2659930187794117,0.06458042582879436,0.007142857142857143,0.11979865834643606,False,0.6496978108949332,0.2659930187794117,0.11979865834643606,0.5579910479199579
BRAF,-0.35945685000459626,6.487712627716292e-05,-0.40918810353532464,1.752541717066509e-08,0.007142857142857143,0.11979865834643606,True,0.35945685000459626,0.40918810353532464,0.11979865834643606,0.5579910479199578
PLCL1,-0.2552320210620209,0.06681450390492472,-0.13779559501123728,0.3082136751964613,0.014285714285714285,0.3827710261184941,True,0.2552320210620209,0.13779559501123728,0.3827710261184941,0.5574644549763033
CPNE8,0.5689800511244716,1.0363698603103344e-05,0.2869765352786864,1.867713096031064e-07,0.007142857142857143,0.11979865834643606,True,0.5689800511244716,0.2869765352786864,0.11979865834643606,0.5574644549763033
NABP1,0.3739444575334794,0.016474758835122328,-0.07043459586640566,0.798138644258447,0.014285714285714285,0.3827710261184941,False,0.3739444575334794,0.07043459586640566,0.3827710261184941,0.5573328067403897
OXNAD1,-0.17621971209639042,0.004212704359468166,-0.8168058855267759,9.578740407397207e-13,0.007142857142857143,0.11979865834643606,True,0.17621971209639042,0.8168058855267759,0.11979865834643606,0.557201158504476
TRIM58,-0.11414229600903347,0.1752426477864312,0.31647977766309765,0.31864097257613355,0.014285714285714285,0.3827710261184941,False,0.11414229600903347,0.31647977766309765,0.3827710261184941,0.5569378620326488
TBC1D16,-0.5362800184741765,2.3836907276928512e-07,0.2983749691913289,0.01207108102808515,0.007142857142857143,0.11979865834643606,False,0.5362800184741765,0.2983749691913289,0.11979865834643606,0.5569378620326487
HLA-DOA,-0.34622702019855645,0.07947489704372744,-0.41883217106965986,0.14771274392878478,0.007142857142857143,0.11979865834643606,True,0.34622702019855645,0.41883217106965986,0.11979865834643606,0.5569378620326487
CHST15,0.35824315095614345,9.31238790142216e-05,0.4058401006203276,0.017795190448807854,0.007142857142857143,0.11979865834643606,True,0.35824315095614345,0.4058401006203276,0.11979865834643606,0.5566745655608214
LRRK2,-0.6358626494902175,3.2826696388599224e-08,-0.2655655330102995,6.678829320949214e-05,0.007142857142857143,0.11979865834643606,True,0.6358626494902175,0.2655655330102995,0.11979865834643606,0.5561479726171669
USP22,-0.35646656536274435,1.8728688606407007e-13,0.40728180198009056,2.3010929343115604e-05,0.007142857142857143,0.11979865834643606,False,0.35646656536274435,0.40728180198009056,0.11979865834643606,0.5560163243812533
AIMP2,0.4999644655991755,5.545393952802294e-09,0.3079260568018469,4.912253529391301e-06,0.007142857142857143,0.11979865834643606,True,0.4999644655991755,0.3079260568018469,0.11979865834643606,0.5560163243812533
HOXD9,1.1867857267813626,0.00036994638878480227,0.17758589156155935,0.22722650651692303,0.007142857142857143,0.11979865834643606,True,1.1867857267813626,0.17758589156155935,0.11979865834643606,0.5557530279094259
SCPEP1,-0.1782469664350277,0.12408450201387884,0.7848282589804505,5.242764736822089e-19,0.007142857142857143,0.11979865834643606,False,0.1782469664350277,0.7848282589804505,0.11979865834643606,0.5550947867298578
HRC,-0.589305448232369,0.005712308324061561,-0.2729012926268375,0.020753897962064404,0.007142857142857143,0.11979865834643606,True,0.589305448232369,0.2729012926268375,0.11979865834643606,0.5549631384939442
FAT4,-0.3300543210269282,0.03387342114890344,-0.03371101713271685,0.6734092972621424,0.05,3.220427308632819,True,0.3300543210269282,0.03371101713271685,3.220427308632819,0.554699842022117
MAP1B,-0.3236313573861018,0.07230854997397707,0.09405934309361896,0.2190973794531479,0.014285714285714285,0.3827710261184941,False,0.3236313573861018,0.09405934309361896,0.3827710261184941,0.5545681937862033
ROMO1,0.25630744449973797,4.1157168039700636e-05,-0.5374314784690846,4.405831620983433e-07,0.007142857142857143,0.11979865834643606,False,0.25630744449973797,0.5374314784690846,0.11979865834643606,0.5545681937862031
BCORL1,-0.19362003692937435,0.05778657346296083,-0.13171104293443392,0.1433842549006026,0.02142857142857143,0.7707690936040651,True,0.19362003692937435,0.13171104293443392,0.7707690936040651,0.5543048973143759
EEF2,-0.8903091260515534,2.9535920466380014e-05,-0.21697856607883992,6.6851840318732894e-06,0.007142857142857143,0.11979865834643606,True,0.8903091260515534,0.21697856607883992,0.11979865834643606,0.5540416008425487
PARD3,-0.27978761684160247,0.012967002430265226,-0.11693044014744558,0.008776740120919316,0.014285714285714285,0.3827710261184941,True,0.27978761684160247,0.11693044014744558,0.3827710261184941,0.5540416008425486
SLIT2,-0.5598075625136669,0.0017280781224372622,0.015299703210057913,0.7866467242771978,0.014285714285714285,0.3827710261184941,False,0.5598075625136669,0.015299703210057913,0.3827710261184941,0.5540416008425486
TP53,0.03439074331982894,0.5552804869100714,0.3336037653861439,0.012388586111488067,0.75,176.57126423175646,True,0.03439074331982894,0.3336037653861439,176.57126423175646,0.5538441284886781
NUFIP1,-0.03175219246125316,0.6142252887313358,-0.4847379835164656,0.018731223613552006,0.014285714285714285,0.3827710261184941,True,0.03175219246125316,0.4847379835164656,0.3827710261184941,0.5535150078988942
EFL1,0.28953090601416775,2.6383639606565413e-08,-0.10822583969357424,0.004486816177476396,0.014285714285714285,0.3827710261184941,False,0.28953090601416775,0.10822583969357424,0.3827710261184941,0.5533833596629805
ATP11B,0.35404211104665606,6.688017342377876e-06,0.07488969049598282,0.3282346059923859,0.014285714285714285,0.3827710261184941,True,0.35404211104665606,0.07488969049598282,0.3827710261184941,0.5532517114270669
CC2D2A,-0.19848809559463199,0.002274139120695485,-0.670359099032293,1.0431320032266149e-05,0.007142857142857143,0.11979865834643606,True,0.19848809559463199,0.670359099032293,0.11979865834643606,0.5529884149552395
PIGA,0.3332799372602562,0.00032120204591970866,-0.42392846845894283,0.00631484472200301,0.007142857142857143,0.11979865834643606,False,0.3332799372602562,0.42392846845894283,0.11979865834643606,0.5528567667193259
CYP1B1,-0.23683743119329215,0.28163846419633487,0.5709817937646413,2.820936291246572e-10,0.007142857142857143,0.11979865834643606,False,0.23683743119329215,0.5709817937646413,0.11979865834643606,0.5528567667193259
PIGR,0.14128368659778445,0.5882469663492056,1.1053218945355283,4.892120489397978e-18,0.007142857142857143,0.11979865834643606,True,0.14128368659778445,1.1053218945355283,0.11979865834643606,0.5523301737756714
TTR,-2.849767660695628,6.161499871294222e-08,0.12382054717149771,0.2068849979937911,0.007142857142857143,0.11979865834643606,False,2.849767660695628,0.12382054717149771,0.11979865834643606,0.5521985255397577
NFIX,-0.4888767669285503,0.0007581638888655927,-0.30351412347146933,1.770849326624751e-10,0.007142857142857143,0.11979865834643606,True,0.4888767669285503,0.30351412347146933,0.11979865834643606,0.5521985255397577
ICAM3,0.0001670209045023796,0.9992386453353089,0.5822879319837462,2.6409181571734733e-06,0.014285714285714285,0.3827710261184941,True,0.0001670209045023796,0.5822879319837462,0.3827710261184941,0.5520668773038441
RAC1,0.6136380694003218,4.71019970078633e-15,0.2606281857749124,0.0003126500149267831,0.007142857142857143,0.11979865834643606,True,0.6136380694003218,0.2606281857749124,0.11979865834643606,0.5520668773038441
TPR,0.21750231665041753,1.0365315571956794e-05,0.1045708494671338,0.0002529039236301294,0.02142857142857143,0.7707690936040651,True,0.21750231665041753,0.1045708494671338,0.7707690936040651,0.5512769878883623
ATAD2,0.917697787245686,2.0449036037005136e-12,0.20747799863235272,0.011058726491963397,0.007142857142857143,0.11979865834643606,True,0.917697787245686,0.20747799863235272,0.11979865834643606,0.5512769878883622
ALPI,0.6429465290531742,0.19005234902251777,-0.2514080224531128,0.4809665430676244,0.007142857142857143,0.11979865834643606,False,0.6429465290531742,0.2514080224531128,0.11979865834643606,0.5511453396524486
A1BG,-0.4795477610205614,0.01250689587897128,0.3030703960412069,0.00020944651808646155,0.007142857142857143,0.11979865834643606,False,0.4795477610205614,0.3030703960412069,0.11979865834643606,0.5503554502369669
MYCBP2,-0.3696405860250209,7.18500871556731e-06,-0.06185811813348607,0.014477594987011459,0.014285714285714285,0.3827710261184941,True,0.3696405860250209,0.06185811813348607,0.3827710261184941,0.5491706161137441
STXBP5,-0.34924439794688134,5.740540055898504e-05,-0.3976547846414391,7.455437603841902e-17,0.007142857142857143,0.11979865834643606,True,0.34924439794688134,0.3976547846414391,0.11979865834643606,0.5491706161137441
DENND2A,-0.32426401746973355,2.145762655924185e-06,0.4207489982203718,0.120210040453888,0.007142857142857143,0.11979865834643606,False,0.32426401746973355,0.4207489982203718,0.11979865834643606,0.5491706161137441
PENK,-1.1855689594638417,0.005763766937193498,-0.1639644015804187,0.5037146275485469,0.007142857142857143,0.11979865834643606,True,1.1855689594638417,0.1639644015804187,0.11979865834643606,0.5490389678778305
GPC1,0.2634252675090938,0.016089061797350396,0.5049224398188485,2.350628742717561e-12,0.007142857142857143,0.11979865834643606,True,0.2634252675090938,0.5049224398188485,0.11979865834643606,0.5490389678778304
PLEKHG1,0.4078653071274392,0.0052410203237758515,0.33740576707880976,0.0001152796048707327,0.007142857142857143,0.11979865834643606,True,0.4078653071274392,0.33740576707880976,0.11979865834643606,0.5489073196419167
L2HGDH,-0.16408909944703787,0.03492061097884326,-0.8154172761839469,5.479401442335557e-19,0.007142857142857143,0.11979865834643606,True,0.16408909944703787,0.8154172761839469,0.11979865834643606,0.5489073196419167
FBXO44,-0.43438446112615736,5.917423711394113e-07,-0.32164638033520276,0.0014124805668839387,0.007142857142857143,0.11979865834643606,True,0.43438446112615736,0.32164638033520276,0.11979865834643606,0.5483807266982622
KCNK1,1.7215074558764325,4.659259083766462e-12,0.13642029868625727,0.3381059141190018,0.007142857142857143,0.11979865834643606,True,1.7215074558764325,0.13642029868625727,0.11979865834643606,0.5477224855186941
TSPYL1,-0.27512403316731593,3.875104461322799e-06,0.4780542623316215,0.0001071764445222884,0.007142857142857143,0.11979865834643606,False,0.27512403316731593,0.4780542623316215,0.11979865834643606,0.5471958925750394
ATP1A1,-0.6051960700283789,0.013960417788744694,-0.2511284571706014,0.0019102220435355708,0.007142857142857143,0.11979865834643606,True,0.6051960700283789,0.2511284571706014,0.11979865834643606,0.5468009478672985
ITGAL,-0.2375532781676437,0.24014831903017783,0.5401510966752703,4.725926128265565e-09,0.007142857142857143,0.11979865834643606,False,0.2375532781676437,0.5401510966752703,0.11979865834643606,0.5466692996313849
ETHE1,0.8638056970769838,3.64922243690911e-09,0.2032553652393858,6.745258671242752e-05,0.007142857142857143,0.11979865834643606,True,0.8638056970769838,0.2032553652393858,0.11979865834643606,0.5460110584518167
ARL11,0.29790648151940236,0.17882245484483017,-0.4380823087167549,0.26659214680869325,0.007142857142857143,0.11979865834643606,False,0.29790648151940236,0.4380823087167549,0.11979865834643606,0.5456161137440758
MARK1,-0.4459594808641505,0.0026873839371882643,-0.3081523310292944,0.005269097755135709,0.007142857142857143,0.11979865834643606,True,0.4459594808641505,0.3081523310292944,0.11979865834643606,0.5453528172722485
COLEC11,-1.091497849643691,2.567103471973074e-06,-0.16525624707686504,0.029705738774033177,0.007142857142857143,0.11979865834643606,True,1.091497849643691,0.16525624707686504,0.11979865834643606,0.5450895208004212
CCT6B,-0.4760344119669826,5.858789807281779e-05,-0.021287976127304375,0.9245511166212792,0.014285714285714285,0.3827710261184941,True,0.4760344119669826,0.021287976127304375,0.3827710261184941,0.5446945760926803
ELMO2,-0.23646726907048787,0.00010673861315731147,0.5310378377117004,3.0782748539083864e-16,0.007142857142857143,0.11979865834643606,False,0.23646726907048787,0.5310378377117004,0.11979865834643606,0.5442996313849394
PRG4,0.016191235987784047,0.9556275856893341,0.4901470769193139,2.370294522604114e-06,0.014285714285714285,0.3827710261184941,True,0.016191235987784047,0.4901470769193139,0.3827710261184941,0.5441679831490258
GTF3C3,0.2168744118535546,3.161069150317356e-05,-0.14675692507955773,0.00019427835047599,0.014285714285714285,0.3827710261184941,False,0.2168744118535546,0.14675692507955773,0.3827710261184941,0.5437730384412849
KIF7,0.3541433403377656,0.015126505978179487,0.3731958418310768,0.002759579951606795,0.007142857142857143,0.11979865834643606,True,0.3541433403377656,0.3731958418310768,0.11979865834643606,0.5437730384412849
FZD7,0.20966338102184245,0.26741035859956747,0.5989381729845675,0.0008002361497185296,0.007142857142857143,0.11979865834643606,True,0.20966338102184245,0.5989381729845675,0.11979865834643606,0.5437730384412848
SCARF2,0.37546421538873354,0.07001117756148104,0.3501015872387079,1.8464131622554935e-05,0.007142857142857143,0.11979865834643606,True,0.37546421538873354,0.3501015872387079,0.11979865834643606,0.5436413902053712
RGS14,0.28953322976612483,0.020098387576576383,0.4428177931205113,7.438516189892367e-07,0.007142857142857143,0.11979865834643606,True,0.28953322976612483,0.4428177931205113,0.11979865834643606,0.5436413902053712
CBFA2T3,-1.8012914774528772,2.1332924935534032e-08,-0.12537838731092066,0.5214399488681714,0.007142857142857143,0.11979865834643606,True,1.8012914774528772,0.12537838731092066,0.11979865834643606,0.543378093733544
SLC22A18,0.8174507538789433,1.2595639836830735e-07,0.20592536683166074,0.04292466688971238,0.007142857142857143,0.11979865834643606,True,0.8174507538789433,0.20592536683166074,0.11979865834643606,0.543378093733544
TVP23B,0.19785777076458722,0.012146059145293452,-0.6171953415026685,5.7437533012855546e-08,0.007142857142857143,0.11979865834643606,False,0.19785777076458722,0.6171953415026685,0.11979865834643606,0.5425882043180621
PROX1,-1.8954149184280222,5.587077817891716e-09,0.12216854929700816,0.5590790147770481,0.007142857142857143,0.11979865834643606,False,1.8954149184280222,0.12216854929700816,0.11979865834643606,0.5425882043180621
PODXL,-0.2911859987392962,0.15979512356407805,0.4326039305727569,9.466678337655589e-05,0.007142857142857143,0.11979865834643606,False,0.2911859987392962,0.4326039305727569,0.11979865834643606,0.5425882043180621
LTN1,-0.06481804906290378,0.4260850248048418,-0.3642199363837051,2.8030282887967707e-10,0.014285714285714285,0.3827710261184941,True,0.06481804906290378,0.3642199363837051,0.3827710261184941,0.5424565560821485
PRKCSH,-0.20560881673508824,0.014372272448665796,-0.15464207815587727,4.6302005660454776e-05,0.014285714285714285,0.3827710261184941,True,0.20560881673508824,0.15464207815587727,0.3827710261184941,0.5423249078462349
NBEAL2,-0.09693015057641041,0.43882553500474486,0.30959381798566454,1.0782507509169352e-10,0.014285714285714285,0.3827710261184941,False,0.09693015057641041,0.30959381798566454,0.3827710261184941,0.5423249078462349
PALM2-AKAP2,0.263855692589523,0.14983233570147766,0.47548143847474833,2.305077411339513e-10,0.007142857142857143,0.11979865834643606,True,0.263855692589523,0.47548143847474833,0.11979865834643606,0.5423249078462349
RALGAPA1,-0.30119618619092847,2.5054503653740188e-05,-0.08676198798308477,0.021275050177112502,0.014285714285714285,0.3827710261184941,True,0.30119618619092847,0.08676198798308477,0.3827710261184941,0.5421932596103212
SSH3,0.5327454614157681,3.2075953201289284e-08,0.26679533618203166,4.766880485408177e-09,0.007142857142857143,0.11979865834643606,True,0.5327454614157681,0.26679533618203166,0.11979865834643606,0.5417983149025802
MEP1B,-0.34580953327014363,0.31643110559426324,-0.3769331891200167,0.016461347010276125,0.007142857142857143,0.11979865834643606,True,0.34580953327014363,0.3769331891200167,0.11979865834643606,0.541535018430753
NCAPD2,0.40902062996651445,1.1604483772906291e-08,0.3224606199907001,0.0006134929760942725,0.007142857142857143,0.11979865834643606,True,0.40902062996651445,0.3224606199907001,0.11979865834643606,0.5414033701948393
CDC42BPA,0.42452207849502344,3.4357868606118356e-06,0.3091622582386897,6.051069856999796e-18,0.007142857142857143,0.11979865834643606,True,0.42452207849502344,0.3091622582386897,0.11979865834643606,0.5410084254870984
ZFHX3,-0.40756666071498415,0.0007256994748437442,-0.03846048891109888,0.7307535603160067,0.014285714285714285,0.3827710261184941,True,0.40756666071498415,0.03846048891109888,0.3827710261184941,0.5408767772511849
SAE1,0.4774211376135593,8.18156062242422e-12,0.281681609685311,3.0695538108018606e-12,0.007142857142857143,0.11979865834643606,True,0.4774211376135593,0.281681609685311,0.11979865834643606,0.5404818325434438
TEP1,0.30724524832150557,4.007092500047709e-06,0.4129355682271587,1.6339047186989295e-15,0.007142857142857143,0.11979865834643606,True,0.30724524832150557,0.4129355682271587,0.11979865834643606,0.5403501843075302
ASPN,0.15645902354178176,0.4599708782689062,0.7871661877526428,2.6761438446753113e-12,0.007142857142857143,0.11979865834643606,True,0.15645902354178176,0.7871661877526428,0.11979865834643606,0.5399552395997893
TXNIP,0.1620308337554235,0.21862316076948746,0.7301869492129214,1.1682787292038315e-18,0.007142857142857143,0.11979865834643606,True,0.1620308337554235,0.7301869492129214,0.11979865834643606,0.5392969984202212
DVL3,0.12326418617611701,0.022600421235321792,0.2621825220390299,0.0006525656351371514,0.014285714285714285,0.3827710261184941,True,0.12326418617611701,0.2621825220390299,0.3827710261184941,0.5387704054765665
CLSTN1,0.16013426247615214,0.07998694422614376,0.7420405535600629,8.765339741471597e-25,0.007142857142857143,0.11979865834643606,True,0.16013426247615214,0.7420405535600629,0.11979865834643606,0.5387704054765665
HOMER3,0.2245615521269535,0.09775470807263556,0.5382578663574797,1.6635344782275413e-12,0.007142857142857143,0.11979865834643606,True,0.2245615521269535,0.5382578663574797,0.11979865834643606,0.5385071090047393
FAM111B,1.9622750009357954,3.3027691943651397e-10,-0.11442966561651602,0.6168035313118977,0.007142857142857143,0.11979865834643606,False,1.9622750009357954,0.11442966561651602,0.11979865834643606,0.5381121642969984
GORASP2,0.2543155042849907,0.00010600521867476005,-0.10580792905886227,0.04784754469837388,0.014285714285714285,0.3827710261184941,False,0.2543155042849907,0.10580792905886227,0.3827710261184941,0.5378488678251712
TGFBR2,-0.2172919095049597,0.01340189435173597,0.07046472517830082,0.28860343758176876,0.03571428571428571,1.843380729402277,False,0.2172919095049597,0.07046472517830082,1.843380729402277,0.5374539231174302
VANGL2,-0.19585866349071068,0.19390828789461545,0.6031677785222698,0.0033672424861972,0.007142857142857143,0.11979865834643606,False,0.19585866349071068,0.6031677785222698,0.11979865834643606,0.5374539231174301
PLA2G12B,0.23483343842849025,0.33077350323625404,-0.5067410500223346,0.10388390471632283,0.007142857142857143,0.11979865834643606,False,0.23483343842849025,0.5067410500223346,0.11979865834643606,0.5373222748815166
EPB42,-0.5913582411498999,0.10565544598062382,-0.23497187846967904,0.06847833573435225,0.007142857142857143,0.11979865834643606,True,0.5913582411498999,0.23497187846967904,0.11979865834643606,0.5370589784096893
TDRP,-0.9011182640748405,7.114234225760647e-11,-0.17606506775858577,0.0704876988859552,0.007142857142857143,0.11979865834643606,True,0.9011182640748405,0.17606506775858577,0.11979865834643606,0.536795681937862
MON1A,0.0905593604457291,0.24840887653937888,0.3080077212929915,0.02967076228264356,0.014285714285714285,0.3827710261184941,True,0.0905593604457291,0.3080077212929915,0.3827710261184941,0.5366640337019484
CLTC,0.10821901573096859,0.05655402677642134,0.2789760604299616,7.002483330714252e-14,0.014285714285714285,0.3827710261184941,True,0.10821901573096859,0.2789760604299616,0.3827710261184941,0.5366640337019484
NFATC2,-0.8598874699252796,1.0981747037226268e-06,-0.1824141922305671,1.1595007660432057e-05,0.007142857142857143,0.11979865834643606,True,0.8598874699252796,0.1824141922305671,0.11979865834643606,0.5366640337019484
IL7R,0.11897196264657772,0.6852335301104058,-1.124484505277941,1.2168761678554402e-05,0.007142857142857143,0.11979865834643606,False,0.11897196264657772,1.124484505277941,0.11979865834643606,0.5365323854660348
ALDH9A1,-0.2435818547254609,0.0016300978302202732,-0.48442750117116873,1.89418806733577e-11,0.007142857142857143,0.11979865834643606,True,0.2435818547254609,0.48442750117116873,0.11979865834643606,0.5365323854660347
LTB4R,-0.14276340257482545,0.07548569377671246,0.8337265582486566,0.05504929659742114,0.007142857142857143,0.11979865834643606,False,0.14276340257482545,0.8337265582486566,0.11979865834643606,0.536400737230121
CHRD,-0.8252381603278884,5.15544312450028e-08,0.18726249792095118,0.03269808585902187,0.007142857142857143,0.11979865834643606,False,0.8252381603278884,0.18726249792095118,0.11979865834643606,0.5360057925223801
RGPD8,-0.736297018142098,0.002831293937761628,-0.20083199943183772,0.23995709221726846,0.007142857142857143,0.11979865834643606,True,0.736297018142098,0.20083199943183772,0.11979865834643606,0.5357424960505529
LARS,-0.20743900393063086,0.013085401779365288,-0.5664939979809844,4.477264956667414e-16,0.007142857142857143,0.11979865834643606,True,0.20743900393063086,0.5664939979809844,0.11979865834643606,0.5356108478146393
NLRC5,0.3886706588815301,0.0075084985738606376,0.31866081959868353,0.28085029491043767,0.007142857142857143,0.11979865834643606,True,0.3886706588815301,0.31866081959868353,0.11979865834643606,0.5352159031068984
OGT,-0.2578782150803711,0.010208355214625509,0.09824225039655587,0.001466399857266859,0.014285714285714285,0.3827710261184941,False,0.2578782150803711,0.09824225039655587,0.3827710261184941,0.5349526066350712
KDM7A,0.13211238122475422,0.05789891706538009,-0.9215408559644551,0.00663687263790566,0.007142857142857143,0.11979865834643606,False,0.13211238122475422,0.9215408559644551,0.11979865834643606,0.5348209583991574
PLXNB2,0.14924051852499431,0.11124884456992543,0.13378554301294088,6.075084808516904e-06,0.02857142857142857,1.2631321245564464,True,0.14924051852499431,0.13378554301294088,1.2631321245564464,0.534228541337546
AK5,0.35981680845375674,0.02283396782281755,0.3393485905045175,0.12212859852988726,0.007142857142857143,0.11979865834643606,True,0.35981680845375674,0.3393485905045175,0.11979865834643606,0.5341627172195892
PGR,-0.5106317658686823,0.03239014704206741,-0.2553041578948232,0.10843640866119147,0.007142857142857143,0.11979865834643606,True,0.5106317658686823,0.2553041578948232,0.11979865834643606,0.5341627172195892
SH2B1,-0.3431417420614391,3.0382165776285873e-06,-0.3561945827554531,2.6953792200837953e-05,0.007142857142857143,0.11979865834643606,True,0.3431417420614391,0.3561945827554531,0.11979865834643606,0.5340310689836756
DRAP1,0.43703021109665485,4.4900912399046836e-07,0.286383900713183,0.0006031133904750302,0.007142857142857143,0.11979865834643606,True,0.43703021109665485,0.286383900713183,0.11979865834643606,0.5333728278041074
ADGRG3,0.22192856103000125,0.3891597745725242,0.5215152998156292,0.03479800388237288,0.007142857142857143,0.11979865834643606,True,0.22192856103000125,0.5215152998156292,0.11979865834643606,0.5333728278041073
EP400,-0.26354138305442376,0.009900251688586314,-0.040658310860671065,0.19251892760567738,0.02857142857142857,1.2631321245564464,True,0.26354138305442376,0.040658310860671065,1.2631321245564464,0.5330437072143233
ZMYND11,-0.306551013634758,0.00017585208262146094,-0.3951220950235417,3.0658532252291626e-13,0.007142857142857143,0.11979865834643606,True,0.306551013634758,0.3951220950235417,0.11979865834643606,0.5328462348604528
ANKRD2,-0.2915001992756512,0.07929126207305592,-0.4044076291751715,0.027077093394350802,0.007142857142857143,0.11979865834643606,True,0.2915001992756512,0.4044076291751715,0.11979865834643606,0.5327145866245392
TMEM26,0.9199934862039001,0.004280063687327257,0.1620177486308485,0.5135206455190788,0.007142857142857143,0.11979865834643606,True,0.9199934862039001,0.1620177486308485,0.11979865834643606,0.5323196419167983
ROR2,0.294808927753202,0.12933772962143672,0.40224392072371984,1.6818384966353246e-05,0.007142857142857143,0.11979865834643606,True,0.294808927753202,0.40224392072371984,0.11979865834643606,0.5321879936808847
KIAA1551,0.4205311709819224,0.00021459496975689122,0.29329647512503243,0.13441795598921955,0.007142857142857143,0.11979865834643606,True,0.4205311709819224,0.29329647512503243,0.11979865834643606,0.532056345444971
CCPG1,-0.18510512644288113,0.11402667447009085,-0.6047919757800244,3.210357448181814e-11,0.007142857142857143,0.11979865834643606,True,0.18510512644288113,0.6047919757800244,0.11979865834643606,0.5317930489731437
PBRM1,-0.1524117315555511,0.002861487311631085,0.20150565857813874,8.010174811561337e-06,0.014285714285714285,0.3827710261184941,False,0.1524117315555511,0.20150565857813874,0.3827710261184941,0.5313981042654028
GALNT12,0.560384681624182,0.0004996592223679134,0.23531675759344495,0.0011022823528357662,0.007142857142857143,0.11979865834643606,True,0.560384681624182,0.23531675759344495,0.11979865834643606,0.5313981042654028
XPC,-0.31911919707823166,4.701699749850049e-11,-0.37527201371977625,5.2727217257543176e-12,0.007142857142857143,0.11979865834643606,True,0.31911919707823166,0.37527201371977625,0.11979865834643606,0.5312664560294892
STK38L,0.4522019297227384,0.0002505080892341231,0.2719378793946774,2.5131077235163223e-14,0.007142857142857143,0.11979865834643606,True,0.4522019297227384,0.2719378793946774,0.11979865834643606,0.5311348077935756
GALNT6,0.8065156236907249,3.3175763874677792e-06,-0.1776494349557325,0.07877736947944203,0.007142857142857143,0.11979865834643606,False,0.8065156236907249,0.1776494349557325,0.11979865834643606,0.5311348077935756
HECTD4,-0.43000528238937363,2.0189294079579683e-06,-0.2840982541270378,6.095487678716134e-10,0.007142857142857143,0.11979865834643606,True,0.43000528238937363,0.2840982541270378,0.11979865834643606,0.5310031595576619
KNTC1,0.624976244771867,1.0564887215173756e-09,0.2141496016117017,0.005997310842713008,0.007142857142857143,0.11979865834643606,True,0.624976244771867,0.2141496016117017,0.11979865834643606,0.5310031595576619
HGD,-0.12439708494161117,0.5725765294211778,-0.9330817161687541,1.540058335393756e-14,0.007142857142857143,0.11979865834643606,True,0.12439708494161117,0.9330817161687541,0.11979865834643606,0.5308715113217483
IGF2BP1,3.5428304648906583,9.928978697547331e-15,0.08765509305817076,0.48277644843365897,0.007142857142857143,0.11979865834643606,True,3.5428304648906583,0.08765509305817076,0.11979865834643606,0.530608214849921
C8A,0.15619524528078266,0.7036920893613696,0.6987010654136299,6.893232722038206e-14,0.007142857142857143,0.11979865834643606,True,0.15619524528078266,0.6987010654136299,0.11979865834643606,0.53021327014218
ITPKC,0.41877073829184575,0.0049951022355799336,0.2908712332530463,3.7855037055173053e-06,0.007142857142857143,0.11979865834643606,True,0.41877073829184575,0.2908712332530463,0.11979865834643606,0.5299499736703528
PDZD2,-0.11593269929149663,0.37953963422267833,0.18381992039817519,0.18913980645009576,0.02142857142857143,0.7707690936040651,False,0.11593269929149663,0.18381992039817519,0.7707690936040651,0.5295550289626119
OSBP2,-0.134299515750544,0.30421400423004014,-0.843994115315283,7.572266182868688e-06,0.007142857142857143,0.11979865834643606,True,0.134299515750544,0.843994115315283,0.11979865834643606,0.5294233807266983
DLG4,-0.33709520482377897,0.01754573506583601,-0.3518947335865459,0.4546924217394264,0.007142857142857143,0.11979865834643606,True,0.33709520482377897,0.3518947335865459,0.11979865834643606,0.5294233807266983
ZFP92,0.169174232632181,0.4466494774290478,-0.6300609827242916,0.2656884205344668,0.007142857142857143,0.11979865834643606,False,0.169174232632181,0.6300609827242916,0.11979865834643606,0.5292917324907846
ATP13A4,-1.5168650907294214,8.786187368590936e-06,-0.11213646188554804,0.5814213358252882,0.007142857142857143,0.11979865834643606,True,1.5168650907294214,0.11213646188554804,0.11979865834643606,0.5292917324907846
BRWD3,0.04501999956218761,0.42204455248504463,0.2726007851749159,0.22495128994338554,0.02857142857142857,1.2631321245564464,True,0.04501999956218761,0.2726007851749159,1.2631321245564464,0.5290942601369142
TGFBR1,0.26575883261741495,0.03363556401994035,0.042822637000885067,0.7537783894450627,0.02142857142857143,0.7707690936040651,True,0.26575883261741495,0.042822637000885067,0.7707690936040651,0.5286334913112164
LRRC40,0.21437129918474973,0.01936667903056783,0.5163393048522167,8.262556359753777e-15,0.007142857142857143,0.11979865834643606,True,0.21437129918474973,0.5163393048522167,0.11979865834643606,0.5285018430753028
ABCA7,0.20713504737948973,0.14981418284158374,-0.07019150718765133,0.7313809952871881,0.02857142857142857,1.2631321245564464,False,0.20713504737948973,0.07019150718765133,1.2631321245564464,0.5283043707214323
NHSL1,-0.21281805784641072,0.08042262419464638,-0.12419450375596952,0.0524067910629181,0.014285714285714285,0.3827710261184941,True,0.21281805784641072,0.12419450375596952,0.3827710261184941,0.5279752501316481
XPNPEP3,-0.12407815352008633,0.12591681234256705,-0.901488195840038,1.2422496554184907e-21,0.007142857142857143,0.11979865834643606,True,0.12407815352008633,0.901488195840038,0.11979865834643606,0.5278436018957345
TAF3,-0.2726733618311563,1.2752827292505235e-10,-0.41357195354558485,4.937712668009585e-07,0.007142857142857143,0.11979865834643606,True,0.2726733618311563,0.41357195354558485,0.11979865834643606,0.5277119536598209
ANKHD1-EIF4EBP3,-0.6541188421355084,0.0008717345293001308,-0.1996258253694876,1.0332692584687069e-12,0.007142857142857143,0.11979865834643606,True,0.6541188421355084,0.1996258253694876,0.11979865834643606,0.5274486571879936
CENPV,0.4113235132350681,0.006424961231126972,-0.28726599147016785,7.0174565198343584e-06,0.007142857142857143,0.11979865834643606,False,0.4113235132350681,0.28726599147016785,0.11979865834643606,0.52731700895208
SEC16B,-0.11200577821406377,0.4559809505420586,-1.0323050135610856,7.008046153849583e-19,0.007142857142857143,0.11979865834643606,True,0.11200577821406377,1.0323050135610856,0.11979865834643606,0.5269220642443391
CHEK2,0.5112533835611286,0.0007741761218158098,0.2400704755470251,2.735876096490015e-06,0.007142857142857143,0.11979865834643606,True,0.5112533835611286,0.2400704755470251,0.11979865834643606,0.5266587677725119
MEX3A,0.6196420983130926,0.0027583016338908386,0.20646588126964005,0.11098850972171379,0.007142857142857143,0.11979865834643606,True,0.6196420983130926,0.20646588126964005,0.11979865834643606,0.5266587677725117
CCDC9,-0.16839529838363276,0.04751846405100941,-0.6221251497789524,5.250564886257792e-19,0.007142857142857143,0.11979865834643606,True,0.16839529838363276,0.6221251497789524,0.11979865834643606,0.5263954713006845
FANCB,0.9959834336228246,2.438314149090444e-10,0.14208156917614723,0.3089664123449732,0.007142857142857143,0.11979865834643606,True,0.9959834336228246,0.14208156917614723,0.11979865834643606,0.5262638230647709
CLSTN2,-0.747548451666427,0.0013747650760138938,0.1766963241233448,0.5430810355983886,0.007142857142857143,0.11979865834643606,False,0.747548451666427,0.1766963241233448,0.11979865834643606,0.5262638230647709
WDR87,0.10126929794323164,0.4550412292146962,1.1978113082024073,3.428451401942482e-07,0.007142857142857143,0.11979865834643606,True,0.10126929794323164,1.1978113082024073,0.11979865834643606,0.5261321748288572
MACF1,0.06899123475938929,0.1364897422317795,0.3180000710479085,4.1872719040927413e-26,0.014285714285714285,0.3827710261184941,True,0.06899123475938929,0.3180000710479085,0.3827710261184941,0.5260005265929437
ADAMDEC1,1.3138221159150376,0.00037805563142072476,0.1165724894962743,0.3818839431181623,0.007142857142857143,0.11979865834643606,True,1.3138221159150376,0.1165724894962743,0.11979865834643606,0.5260005265929436
DCAF10,-0.32198212768739154,0.0010484651041114817,-0.35635816176506907,1.7491293787594366e-05,0.007142857142857143,0.11979865834643606,True,0.32198212768739154,0.35635816176506907,0.11979865834643606,0.5256055818852027
CDKL5,0.18652302508339424,0.017347230435138614,-0.1431556127783864,0.24141575665616735,0.014285714285714285,0.3827710261184941,False,0.18652302508339424,0.1431556127783864,0.3827710261184941,0.5256055818852027
SLC40A1,0.22417759305497142,0.01833005318533371,-0.48351114965492314,0.41609201913795685,0.007142857142857143,0.11979865834643606,False,0.22417759305497142,0.48351114965492314,0.11979865834643606,0.5253422854133755
KIF21A,-0.13781847382697876,0.1823156886069592,-0.7594473320477668,4.2212636235613013e-23,0.007142857142857143,0.11979865834643606,True,0.13781847382697876,0.7594473320477668,0.11979865834643606,0.5252106371774617
F8,-1.1347238208022823,2.622012447335113e-05,-0.12691618601608567,0.4074959861661295,0.007142857142857143,0.11979865834643606,True,1.1347238208022823,0.12691618601608567,0.11979865834643606,0.5246840442338072
MFSD6,0.3294292105894705,2.0210651136980553e-08,-0.34497582769375157,0.004952382205887087,0.007142857142857143,0.11979865834643606,False,0.3294292105894705,0.34497582769375157,0.11979865834643606,0.5245523959978936
MBD5,-0.17243864645689833,0.004590865707740246,-0.6045370957712564,0.3457665707261878,0.007142857142857143,0.11979865834643606,True,0.17243864645689833,0.6045370957712564,0.11979865834643606,0.5240258030542391
CST2,1.0127105451661098,0.027913274757986696,-0.1380831807551992,0.7711775041727493,0.007142857142857143,0.11979865834643606,False,1.0127105451661098,0.1380831807551992,0.11979865834643606,0.524025803054239
UBAC2,0.3294169232087363,4.846710225123276e-10,0.3434125001676662,5.887250135007111e-07,0.007142857142857143,0.11979865834643606,True,0.3294169232087363,0.3434125001676662,0.11979865834643606,0.5238941548183254
SPTLC3,-0.37296774395856325,2.2100518855109227e-06,0.3036282519493234,0.22428944300313675,0.007142857142857143,0.11979865834643606,False,0.37296774395856325,0.3036282519493234,0.11979865834643606,0.5237625065824117
ACOX1,-0.33394933283444495,0.013019293929559042,0.3393927961782097,1.7348971611895475e-11,0.007142857142857143,0.11979865834643606,False,0.33394933283444495,0.3393927961782097,0.11979865834643606,0.5236308583464981
TBC1D2B,-0.19030246452159894,0.002082298813116797,0.553337085073256,4.447977715070773e-19,0.007142857142857143,0.11979865834643606,False,0.19030246452159894,0.553337085073256,0.11979865834643606,0.5234992101105845
MAGI2,-0.35762705185291566,0.011706661585047835,-0.03500781520027374,0.8204859452509421,0.014285714285714285,0.3827710261184941,True,0.35762705185291566,0.03500781520027374,0.3827710261184941,0.5233675618746709
ANGPTL1,-1.0793662966666489,1.592318688849022e-09,-0.13000933283843707,0.22947336529577644,0.007142857142857143,0.11979865834643606,True,1.0793662966666489,0.13000933283843707,0.11979865834643606,0.5232359136387572
HSP90AA1,0.4045877552080466,0.0009174740040211663,0.28482206521499265,2.4640313220639965e-14,0.007142857142857143,0.11979865834643606,True,0.4045877552080466,0.28482206521499265,0.11979865834643606,0.5229726171669299
SNTB1,-0.10596731558083938,0.5628194943785687,-1.0352764025024612,3.2942309872100146e-21,0.007142857142857143,0.11979865834643606,True,0.10596731558083938,1.0352764025024612,0.11979865834643606,0.522577672459189
CSF1R,-0.49212844742174333,0.002170589798161715,0.23901273557888558,0.014112516302462214,0.007142857142857143,0.11979865834643606,False,0.49212844742174333,0.23901273557888558,0.11979865834643606,0.5221827277514481
PYURF,-0.15705714607785737,0.0004996267705966111,0.6386626360769441,6.91853351461926e-05,0.007142857142857143,0.11979865834643606,False,0.15705714607785737,0.6386626360769441,0.11979865834643606,0.5219194312796208
MTPAP,0.0019996077853594585,0.9740407297090716,-0.44966082255624684,1.5794593141412215e-10,0.014285714285714285,0.3827710261184941,False,0.0019996077853594585,0.44966082255624684,0.3827710261184941,0.5216561348077935
SEZ6L2,-0.33571290271005516,0.086400421603891,-0.3328713252829161,0.00011848566593106757,0.007142857142857143,0.11979865834643606,True,0.33571290271005516,0.3328713252829161,0.11979865834643606,0.5215244865718799
COCH,-0.7836591348230337,0.026875289702683366,-0.16023982659468672,0.33258786528579676,0.007142857142857143,0.11979865834643606,True,0.7836591348230337,0.16023982659468672,0.11979865834643606,0.5213928383359663
HBM,-0.21593283541968233,0.17910646830469318,-0.4806318459408061,0.07813177668563152,0.007142857142857143,0.11979865834643606,True,0.21593283541968233,0.4806318459408061,0.11979865834643606,0.5212611901000526
TNRC6A,-0.3722378895904086,1.9977408723589493e-06,0.3010535644569856,0.003821157359134883,0.007142857142857143,0.11979865834643606,False,0.3722378895904086,0.3010535644569856,0.11979865834643606,0.521129541864139
FRYL,0.30761931484747507,8.101593685409457e-09,0.3552805641674581,4.838202161469673e-15,0.007142857142857143,0.11979865834643606,True,0.30761931484747507,0.3552805641674581,0.11979865834643606,0.5208662453923117
CPNE1,0.12764387467017535,0.0376756390313178,0.7942605336305135,1.5868493475183484e-17,0.007142857142857143,0.11979865834643606,True,0.12764387467017535,0.7942605336305135,0.11979865834643606,0.5206029489204844
TAPBP,0.15893492713571433,0.013265598782247584,0.6289059797191143,6.747010994956907e-11,0.007142857142857143,0.11979865834643606,True,0.15893492713571433,0.6289059797191143,0.11979865834643606,0.5203396524486572
HGSNAT,-0.338633354404994,1.7279554707605973e-06,0.3264214651731905,0.12127691216750598,0.007142857142857143,0.11979865834643606,False,0.338633354404994,0.3264214651731905,0.11979865834643606,0.5202080042127435
PURA,-0.2085533761021452,0.03997991435862035,-0.49022697470763177,1.8218337914250549e-25,0.007142857142857143,0.11979865834643606,True,0.2085533761021452,0.49022697470763177,0.11979865834643606,0.5200763559768299
TEPSIN,-0.24524051868772823,0.011917801764052426,-0.4217121268322721,0.05697114131632702,0.007142857142857143,0.11979865834643606,True,0.24524051868772823,0.4217121268322721,0.11979865834643606,0.5200763559768299
ZNF521,0.04548206624280304,0.8150100076740522,0.26853580609195404,0.08438267230838455,0.02142857142857143,0.7707690936040651,True,0.04548206624280304,0.26853580609195404,0.7707690936040651,0.5199447077409163
PDHX,0.16414285432447073,0.033980004750607584,-0.6076925339913934,2.7433300660558637e-18,0.007142857142857143,0.11979865834643606,False,0.16414285432447073,0.6076925339913934,0.11979865834643606,0.5198130595050026
ISCA1,-0.20489277338421097,0.0018209139106926306,-0.49869460062065585,3.5942187676735706e-10,0.007142857142857143,0.11979865834643606,True,0.20489277338421097,0.49869460062065585,0.11979865834643606,0.5195497630331753
TCIRG1,-0.49551270635752687,0.024355647473610166,0.23279892674906932,0.00027746238489440657,0.007142857142857143,0.11979865834643606,False,0.49551270635752687,0.23279892674906932,0.11979865834643606,0.519286466561348
COPS3,-0.28450224500448407,6.012328181778147e-07,-0.3732193841447433,8.717328749807182e-19,0.007142857142857143,0.11979865834643606,True,0.28450224500448407,0.3732193841447433,0.11979865834643606,0.5187598736176935
SATB1,-0.6011834788664014,6.975849577238033e-06,-0.19263857474940949,0.2717271092479407,0.007142857142857143,0.11979865834643606,True,0.6011834788664014,0.19263857474940949,0.11979865834643606,0.5183649289099526
COMMD9,-0.22059240944816771,0.00017030462910332027,0.46401271150556767,3.4424233641314022e-09,0.007142857142857143,0.11979865834643606,False,0.22059240944816771,0.46401271150556767,0.11979865834643606,0.518233280674039
GZMK,-0.23539453093794283,0.46783059444233877,0.4305947469601996,0.0027596261368190256,0.007142857142857143,0.11979865834643606,False,0.23539453093794283,0.4305947469601996,0.11979865834643606,0.5179699842022116
FBXW11,-0.17193036631482173,0.0007788030540021729,-0.14501664963378857,0.028567551320609463,0.014285714285714285,0.3827710261184941,True,0.17193036631482173,0.14501664963378857,0.3827710261184941,0.5175750394944707
RHBDF1,0.6077735364153583,4.446030827141063e-06,0.18833523072242286,0.07315075131942025,0.007142857142857143,0.11979865834643606,True,0.6077735364153583,0.18833523072242286,0.11979865834643606,0.5175750394944707
CNTLN,-0.15212681348973334,0.056579157836625246,-0.16858727428989795,0.5259563561877243,0.014285714285714285,0.3827710261184941,True,0.15212681348973334,0.16858727428989795,0.3827710261184941,0.5175750394944707
MMP19,-0.5001054457999938,0.05075721055974689,0.2261501443991598,0.001909073621332931,0.007142857142857143,0.11979865834643606,False,0.5001054457999938,0.2261501443991598,0.11979865834643606,0.5170484465508162
SMARCA2,-0.5904223147318923,4.018702816737904e-12,-0.19098004266081858,5.891262433866329e-12,0.007142857142857143,0.11979865834643606,True,0.5904223147318923,0.19098004266081858,0.11979865834643606,0.516785150078989
TRDMT1,-0.3817585439875728,6.837424679501471e-06,-0.2805198327624865,0.01701744388459944,0.007142857142857143,0.11979865834643606,True,0.3817585439875728,0.2805198327624865,0.11979865834643606,0.516785150078989
NFKBIL1,-0.23270016819439832,0.0018053375638624124,-0.4311278346008365,0.022985023047966107,0.007142857142857143,0.11979865834643606,True,0.23270016819439832,0.4311278346008365,0.11979865834643606,0.5165218536071616
MMP25,-0.4256327497602479,0.05497575810380813,0.2541019278794323,0.18961842783720623,0.007142857142857143,0.11979865834643606,False,0.4256327497602479,0.2541019278794323,0.11979865834643606,0.516390205371248
SOX1,0.12040871495041461,0.1639722778409837,-0.8124201962309989,0.4507542030888521,0.007142857142857143,0.11979865834643606,False,0.12040871495041461,0.8124201962309989,0.11979865834643606,0.516390205371248
AGFG2,-0.4012590082444909,0.006486413050615651,-0.2716592325500393,1.7781205617423065e-07,0.007142857142857143,0.11979865834643606,True,0.4012590082444909,0.2716592325500393,0.11979865834643606,0.5162585571353343
DIS3,0.2738356459845601,5.563307406124349e-05,0.06517902385973784,0.037088177320186475,0.014285714285714285,0.3827710261184941,True,0.2738356459845601,0.06517902385973784,0.3827710261184941,0.5161269088994207
PLXNC1,0.1688816717056163,0.2963908330155434,0.5733553729075922,8.45990269216701e-15,0.007142857142857143,0.11979865834643606,True,0.1688816717056163,0.5733553729075922,0.11979865834643606,0.5154686677198526
EML2,0.40035849337554197,1.5720371318579768e-05,0.007335260204023086,0.8814496537514132,0.014285714285714285,0.3827710261184941,True,0.40035849337554197,0.007335260204023086,0.3827710261184941,0.5148104265402844
HNRNPK,0.043086051176720375,0.37768413859513567,-0.33396869641356375,4.9678499160737355e-18,0.014285714285714285,0.3827710261184941,False,0.043086051176720375,0.33396869641356375,0.3827710261184941,0.5148104265402844
ZFP37,-0.2156679388092133,0.02865279259694969,-0.4609224262408844,0.040786195933935475,0.007142857142857143,0.11979865834643606,True,0.2156679388092133,0.4609224262408844,0.11979865834643606,0.5148104265402843
CDAN1,-0.38468367122774616,2.972464977764985e-06,0.27579630563230495,0.12718822084893697,0.007142857142857143,0.11979865834643606,False,0.38468367122774616,0.27579630563230495,0.11979865834643606,0.5148104265402843
DNM2,0.36372967720098615,1.3249147707417543e-05,0.29021746886493816,2.1278116251697447e-22,0.007142857142857143,0.11979865834643606,True,0.36372967720098615,0.29021746886493816,0.11979865834643606,0.5146787783043707
SEPT8,0.23488406890571412,0.011544023528267274,0.4189115535506289,2.969534193648891e-11,0.007142857142857143,0.11979865834643606,True,0.23488406890571412,0.4189115535506289,0.11979865834643606,0.514547130068457
C6orf132,0.9356005076352485,0.00014767561784855384,0.13092700472994068,0.03424420048871324,0.007142857142857143,0.11979865834643606,True,0.9356005076352485,0.13092700472994068,0.11979865834643606,0.5144154818325434
EFS,0.2145280704011121,0.29210048747117195,0.054059757937810815,0.6241497316223859,0.02142857142857143,0.7707690936040651,True,0.2145280704011121,0.054059757937810815,0.7707690936040651,0.5141521853607162
RAD52,-0.1516971720810325,0.00794135287818319,-0.6191863858231041,0.13574886258654384,0.007142857142857143,0.11979865834643606,True,0.1516971720810325,0.6191863858231041,0.11979865834643606,0.5140205371248024
LRPAP1,-0.3738070532872726,0.0004256199684290566,0.28020433463758465,3.5160381230741654e-07,0.007142857142857143,0.11979865834643606,False,0.3738070532872726,0.28020433463758465,0.11979865834643606,0.5137572406529752
MAP3K1,-0.13766462802988322,0.09499813528801443,-0.6743627931624481,0.18827623248179134,0.007142857142857143,0.11979865834643606,True,0.13766462802988322,0.6743627931624481,0.11979865834643606,0.5137572406529752
BTBD7,-0.2618305231321987,8.606441404604041e-05,-0.385550614330489,0.2103568590485013,0.007142857142857143,0.11979865834643606,True,0.2618305231321987,0.385550614330489,0.11979865834643606,0.5136255924170616
ERP44,-0.17481559525291424,0.06793219980998051,-0.5470318923498283,3.785164035169561e-12,0.007142857142857143,0.11979865834643606,True,0.17481559525291424,0.5470318923498283,0.11979865834643606,0.5132306477093207
MAP7D2,-0.5467906687806305,0.017217210294362004,-0.2015924622700105,0.5035936457978475,0.007142857142857143,0.11979865834643606,True,0.5467906687806305,0.2015924622700105,0.11979865834643606,0.5129673512374934
ARHGEF28,-0.24787519227426458,0.1424291916356057,-0.39882804869726485,3.6175008523033435e-08,0.007142857142857143,0.11979865834643606,True,0.24787519227426458,0.39882804869726485,0.11979865834643606,0.5125724065297524
FGD3,-0.6570719393344522,1.0763583268332168e-06,0.1620350589079962,0.014807380341410546,0.007142857142857143,0.11979865834643606,False,0.6570719393344522,0.1620350589079962,0.11979865834643606,0.5124407582938388
LACC1,0.41806216856520706,0.0016946797352763619,0.25198832210480404,0.002585753951298479,0.007142857142857143,0.11979865834643606,True,0.41806216856520706,0.25198832210480404,0.11979865834643606,0.5123091100579252
AHCTF1,0.112418945844599,0.07367222531780128,-0.22361924573390013,3.8728780208199485e-11,0.014285714285714285,0.3827710261184941,False,0.112418945844599,0.22361924573390013,0.3827710261184941,0.5121774618220116
DBNL,0.27812750249768925,0.0006508699716436516,0.3585313335446223,1.3033499837102664e-13,0.007142857142857143,0.11979865834643606,True,0.27812750249768925,0.3585313335446223,0.11979865834643606,0.5120458135860979
HEG1,-0.38526409069502776,2.5812368690934807e-05,-0.008190720460557799,0.9445669889638534,0.014285714285714285,0.3827710261184941,True,0.38526409069502776,0.008190720460557799,0.3827710261184941,0.5119141653501843
SNRK,-0.36285061269267693,0.00011073930383992387,-0.2865525823139379,3.3428379989645787e-05,0.007142857142857143,0.11979865834643606,True,0.36285061269267693,0.2865525823139379,0.11979865834643606,0.5119141653501843
UBAP2L,0.14675031904152291,0.0001105854015265169,0.1657954430873474,1.2756486759591931e-05,0.014285714285714285,0.3827710261184941,True,0.14675031904152291,0.1657954430873474,0.3827710261184941,0.5117825171142707
CEP112,-0.42182899375340277,1.278350919349963e-07,-0.2490505838578585,0.003420680226572047,0.007142857142857143,0.11979865834643606,True,0.42182899375340277,0.2490505838578585,0.11979865834643606,0.5117825171142706
SHROOM4,-0.09511411709560313,0.41457843353651497,-0.24784413513592085,0.10982534711717563,0.014285714285714285,0.3827710261184941,True,0.09511411709560313,0.24784413513592085,0.3827710261184941,0.511650868878357
DNAAF5,0.17737441843411794,0.0029371640315550025,0.12807021055985857,0.008040188124543353,0.014285714285714285,0.3827710261184941,True,0.17737441843411794,0.12807021055985857,0.3827710261184941,0.5111242759347024
PDE1B,-0.2233250338159829,0.24638332541929892,-0.08952345664031824,0.47567230945825506,0.014285714285714285,0.3827710261184941,True,0.2233250338159829,0.08952345664031824,0.3827710261184941,0.5109926276987888
NDUFA10,-0.13198654953490596,0.07861844658762566,-0.682803035259699,1.4126216023322762e-21,0.007142857142857143,0.11979865834643606,True,0.13198654953490596,0.682803035259699,0.11979865834643606,0.5108609794628751
SH3RF1,0.33958591593148313,0.0006482249548616162,-0.02820736626375364,0.5516912582203837,0.014285714285714285,0.3827710261184941,False,0.33958591593148313,0.02820736626375364,0.3827710261184941,0.5105976829910479
PQLC3,-0.16745702182944555,0.03813901377293317,-0.5582029495161471,0.06267691942824871,0.007142857142857143,0.11979865834643606,True,0.16745702182944555,0.5582029495161471,0.11979865834643606,0.5104660347551343
NENF,-0.38683849911282664,2.5130815075609858e-06,-0.26630064695186917,5.2917016892449765e-06,0.007142857142857143,0.11979865834643606,True,0.38683849911282664,0.26630064695186917,0.11979865834643606,0.510202738283307
P4HA2,-0.09954179715377087,0.5144503823827209,0.8995009094212563,2.3125064621862534e-27,0.007142857142857143,0.11979865834643606,False,0.09954179715377087,0.8995009094212563,0.11979865834643606,0.5088862559241706
ZKSCAN8,-0.36895051339487495,3.1731218033951555e-05,-0.27322306116662887,0.04289751210618694,0.007142857142857143,0.11979865834643606,True,0.36895051339487495,0.27322306116662887,0.11979865834643606,0.5088862559241706
MCM5,0.21044488807005912,0.006244687477955717,0.4467877934071609,2.629313134536027e-10,0.007142857142857143,0.11979865834643606,True,0.21044488807005912,0.4467877934071609,0.11979865834643606,0.5088862559241706
ZNF516,-0.4251062780955408,5.777554159153185e-08,0.2403571027477689,0.105008547137627,0.007142857142857143,0.11979865834643606,False,0.4251062780955408,0.2403571027477689,0.11979865834643606,0.508754607688257
PIGH,-0.1918305835838705,0.000313378990292656,-0.4839639204826973,1.0282064535904235e-05,0.007142857142857143,0.11979865834643606,True,0.1918305835838705,0.4839639204826973,0.11979865834643606,0.5087546076882569
PLAC9,-0.8513532443755416,0.006369182032463911,0.13270280714941762,0.300594162187056,0.007142857142857143,0.11979865834643606,False,0.8513532443755416,0.13270280714941762,0.11979865834643606,0.5086229594523433
ST3GAL2,0.1382862656173831,0.24272391822414877,0.6342783220264145,0.11710775317260388,0.007142857142857143,0.11979865834643606,True,0.1382862656173831,0.6342783220264145,0.11979865834643606,0.5084913112164297
GSDMA,-0.15061959594664476,0.19177116302050298,-0.1555990166633201,0.2339156246923252,0.014285714285714285,0.3827710261184941,True,0.15061959594664476,0.1555990166633201,0.3827710261184941,0.508359662980516
KCTD10,0.2430549035906484,0.018731883388712234,0.3936240389853829,1.1758833643590103e-07,0.007142857142857143,0.11979865834643606,True,0.2430549035906484,0.3936240389853829,0.11979865834643606,0.5080963665086887
ESYT2,0.3621650405583683,1.4601884669507683e-07,0.277912900457121,8.400954863016722e-11,0.007142857142857143,0.11979865834643606,True,0.3621650405583683,0.277912900457121,0.11979865834643606,0.5080963665086887
NOA1,-0.19632009802191241,0.009859027809407768,-0.47188390992769413,2.2182014103025525e-08,0.007142857142857143,0.11979865834643606,True,0.19632009802191241,0.47188390992769413,0.11979865834643606,0.5080963665086887
PLXDC2,0.11481880698584312,0.4951863938658464,0.7534593929190052,3.5397112939668335e-15,0.007142857142857143,0.11979865834643606,True,0.11481880698584312,0.7534593929190052,0.11979865834643606,0.5078330700368615
PLD1,-0.5411496149300472,0.0022560419700459002,-0.19086570862010177,0.001348344193457536,0.007142857142857143,0.11979865834643606,True,0.5411496149300472,0.19086570862010177,0.11979865834643606,0.5078330700368615
KIAA1217,0.2529511540195628,0.019998393800081834,0.37981418149853496,3.179047735409482e-14,0.007142857142857143,0.11979865834643606,True,0.2529511540195628,0.37981418149853496,0.11979865834643606,0.5078330700368615
CTGF,-0.12071081479630053,0.5951407054299926,0.7153318406522402,1.3275065844404463e-16,0.007142857142857143,0.11979865834643606,False,0.12071081479630053,0.7153318406522402,0.11979865834643606,0.5078330700368614
IARS2,0.3275898920215603,1.7884087965431958e-07,-0.3069869847944169,2.3996674841797194e-09,0.007142857142857143,0.11979865834643606,False,0.3275898920215603,0.3069869847944169,0.11979865834643606,0.5077014218009478
NPTXR,-0.8574056920043498,4.202126081072384e-09,0.12899044534845316,0.42243996230636105,0.007142857142857143,0.11979865834643606,False,0.8574056920043498,0.12899044534845316,0.11979865834643606,0.5074381253291206
PARVA,-0.14544775112073616,0.171768477481074,0.6105967649646082,6.7154506975379564e-18,0.007142857142857143,0.11979865834643606,False,0.14544775112073616,0.6105967649646082,0.11979865834643606,0.5073064770932069
MAN2A1,-0.2824472798951785,0.013155944789014721,-0.34233693969883916,1.5530095384784354e-07,0.007142857142857143,0.11979865834643606,True,0.2824472798951785,0.34233693969883916,0.11979865834643606,0.5071748288572933
MIEN1,0.45170101594268175,6.385948022549577e-07,-0.22197866670457955,0.000939827080500503,0.007142857142857143,0.11979865834643606,False,0.45170101594268175,0.22197866670457955,0.11979865834643606,0.5067798841495523
NAF1,-0.22994265664391111,0.003067883393086515,-0.40662162001200386,1.3350458304920491e-08,0.007142857142857143,0.11979865834643606,True,0.22994265664391111,0.40662162001200386,0.11979865834643606,0.5067798841495523
TMEM19,0.254799797521585,8.805620517162177e-05,-0.36692426988278726,0.014007508826577456,0.007142857142857143,0.11979865834643606,False,0.254799797521585,0.36692426988278726,0.11979865834643606,0.5059899947340705
PFAS,-0.40521701725170445,4.098961586040878e-08,-0.2472941842339047,2.543304180664738e-19,0.007142857142857143,0.11979865834643606,True,0.40521701725170445,0.2472941842339047,0.11979865834643606,0.5057266982622433
KALRN,-0.48564158617212705,4.2098456146209355e-05,0.20638454753402868,0.002159061335164208,0.007142857142857143,0.11979865834643606,False,0.48564158617212705,0.20638454753402868,0.11979865834643606,0.5057266982622433
ARHGAP29,-0.37516925931415024,0.000771064450523136,-0.2641113482711006,0.0008944878875891375,0.007142857142857143,0.11979865834643606,True,0.37516925931415024,0.2641113482711006,0.11979865834643606,0.5055950500263297
AVL9,0.29616058654868205,4.896108518712582e-06,0.03983467620031078,0.353112766803097,0.014285714285714285,0.3827710261184941,True,0.29616058654868205,0.03983467620031078,0.3827710261184941,0.5048051606108478
UBA3,0.2875379153040445,0.0005598059788924803,0.33117016184793613,9.278109612175145e-10,0.007142857142857143,0.11979865834643606,True,0.2875379153040445,0.33117016184793613,0.11979865834643606,0.5046735123749341
NPC1L1,0.6647103683327504,0.022035704110889922,-0.14716339002223933,0.5918760870319206,0.007142857142857143,0.11979865834643606,False,0.6647103683327504,0.14716339002223933,0.11979865834643606,0.5042785676671933
USP45,-0.0972652525862383,0.34215475422586084,0.8630388539362954,0.005943645758446141,0.007142857142857143,0.11979865834643606,False,0.0972652525862383,0.8630388539362954,0.11979865834643606,0.5042785676671933
ZNF746,-0.14749861264838593,0.004984981481929293,0.5942879926005702,0.25198181304931205,0.007142857142857143,0.11979865834643606,False,0.14749861264838593,0.5942879926005702,0.11979865834643606,0.5042785676671931
TBC1D9,-0.3259495096828058,1.8454920499236963e-05,-0.027619031238334202,0.8239054449448963,0.014285714285714285,0.3827710261184941,True,0.3259495096828058,0.027619031238334202,0.3827710261184941,0.504015271195366
ANKRD35,0.2244374354880314,0.3965613047510829,-0.4084895398358057,0.0527090453017923,0.007142857142857143,0.11979865834643606,False,0.2244374354880314,0.4084895398358057,0.11979865834643606,0.5038836229594523
AHI1,-0.44685976839359043,7.02914550105162e-07,-0.21971061752253718,0.22156706634286683,0.007142857142857143,0.11979865834643606,True,0.44685976839359043,0.21971061752253718,0.11979865834643606,0.5038836229594523
TLE4,-0.3714011784545299,6.025743087210117e-05,-0.2636484531606236,0.016710297531485518,0.007142857142857143,0.11979865834643606,True,0.3714011784545299,0.2636484531606236,0.11979865834643606,0.5033570300157978
CACNA2D1,0.1667192044603496,0.40153741009934685,0.5269946053097634,9.61997822039326e-12,0.007142857142857143,0.11979865834643606,True,0.1667192044603496,0.5269946053097634,0.11979865834643606,0.5032253817798841
HSPA12A,-0.2136163101716786,0.1548287096342722,0.08508615818572096,0.25057746748842713,0.014285714285714285,0.3827710261184941,False,0.2136163101716786,0.08508615818572096,0.3827710261184941,0.5030937335439705
SLC38A1,0.23421998905539,0.011542755232170647,-0.3922411763538811,0.007023116961947398,0.007142857142857143,0.11979865834643606,False,0.23421998905539,0.3922411763538811,0.11979865834643606,0.5030937335439705
PHLDA1,0.654746962517498,0.0005363362625682752,0.14740696254078145,0.02739381865233568,0.007142857142857143,0.11979865834643606,True,0.654746962517498,0.14740696254078145,0.11979865834643606,0.5028304370721431
KIF13B,0.37444787722249195,5.246656815192871e-05,0.25768530862708516,1.926869976632967e-11,0.007142857142857143,0.11979865834643606,True,0.37444787722249195,0.25768530862708516,0.11979865834643606,0.5026987888362295
LAMA1,0.09606506095002132,0.6051535498969597,-0.22793444606027435,0.044473447072174065,0.014285714285714285,0.3827710261184941,False,0.09606506095002132,0.22793444606027435,0.3827710261184941,0.5024354923644023
RTN1,-0.8196460644990822,0.0008431802378408537,0.1245842314122605,0.09876838373310472,0.007142857142857143,0.11979865834643606,False,0.8196460644990822,0.1245842314122605,0.11979865834643606,0.5020405476566614
NGEF,0.8979152419824485,1.989324612589543e-05,-0.11573627578032131,0.13620943310370254,0.007142857142857143,0.11979865834643606,False,0.8979152419824485,0.11573627578032131,0.11979865834643606,0.5020405476566614
NPR1,-1.3758337349112129,2.135047776006891e-08,-0.07617696595695378,0.8384286539220287,0.007142857142857143,0.11979865834643606,True,1.3758337349112129,0.07617696595695378,0.11979865834643606,0.5019088994207478
PDE4B,0.27751218683025947,0.22101680397622214,0.33297003870639585,0.0819979820370772,0.007142857142857143,0.11979865834643606,True,0.27751218683025947,0.33297003870639585,0.11979865834643606,0.5011190100052659
ARFGEF2,-0.11167198920394661,0.23022917959073996,-0.71275134899793,9.592348800802048e-16,0.007142857142857143,0.11979865834643606,True,0.11167198920394661,0.71275134899793,0.11979865834643606,0.5009873617693522
CLTB,1.0003839878117269,1.551031640116746e-10,0.09954231425927418,0.032170939788976734,0.007142857142857143,0.11979865834643606,True,1.0003839878117269,0.09954231425927418,0.11979865834643606,0.500724065297525
PRPF8,-0.46279227382345844,7.23119734150864e-07,0.2044460588907846,4.905493117329183e-11,0.007142857142857143,0.11979865834643606,False,0.46279227382345844,0.2044460588907846,0.11979865834643606,0.500724065297525
CDC27,0.20553395069088332,0.013326113611206607,0.044808994615419095,0.258622413022413,0.02142857142857143,0.7707690936040651,True,0.20553395069088332,0.044808994615419095,0.7707690936040651,0.5005924170616114
RALGAPA2,-0.27941829981166144,0.007766871359135599,-0.3286336095196525,2.1426508740938883e-09,0.007142857142857143,0.11979865834643606,True,0.27941829981166144,0.3286336095196525,0.11979865834643606,0.5004607688256977
METRNL,0.2058403109039766,0.09400198579841752,0.423211672976997,2.004387878216265e-05,0.007142857142857143,0.11979865834643606,True,0.2058403109039766,0.423211672976997,0.11979865834643606,0.5003291205897841
TUBA3C,0.0708391365562644,0.0013613553368649193,-1.0476700439945148,0.01897039942711785,0.007142857142857143,0.11979865834643606,False,0.0708391365562644,1.0476700439945148,0.11979865834643606,0.5001974723538704
A4GNT,-0.6884707777671375,0.06228431541259393,-0.13781197204867723,0.4689056823206601,0.007142857142857143,0.11979865834643606,True,0.6884707777671375,0.13781197204867723,0.11979865834643606,0.5000658241179567
ASB1,-0.1799925305205985,0.0018994211428577244,0.472862566942748,0.013227899472170743,0.007142857142857143,0.11979865834643606,False,0.1799925305205985,0.472862566942748,0.11979865834643606,0.4994075829383886
USP19,-0.3372470248800088,6.947931713334888e-08,0.013849536185272626,0.8194005477002443,0.014285714285714285,0.3827710261184941,False,0.3372470248800088,0.013849536185272626,0.3827710261184941,0.49914428646656134
RAVER2,-0.29272083804218596,0.0017402374112918675,-0.3126240581418962,1.8219706986466084e-05,0.007142857142857143,0.11979865834643606,True,0.29272083804218596,0.3126240581418962,0.11979865834643606,0.4990126382306477
DOCK9,0.28972331378935934,0.0003964205700768114,0.3152869159268761,1.6823050382391426e-18,0.007142857142857143,0.11979865834643606,True,0.28972331378935934,0.3152869159268761,0.11979865834643606,0.4990126382306477
EIF2B4,-0.15075406272781144,0.00360911484768494,-0.5591586334035235,1.925637880387539e-14,0.007142857142857143,0.11979865834643606,True,0.15075406272781144,0.5591586334035235,0.11979865834643606,0.49888098999473396
NTN4,-0.5798734110576209,0.004002031232933364,-0.1564468423068739,0.16495142916145342,0.007142857142857143,0.11979865834643606,True,0.5798734110576209,0.1564468423068739,0.11979865834643606,0.49861769352290675
ELN,-0.8047663769514433,3.119436378718072e-05,0.12179762421037665,0.20530584152249412,0.007142857142857143,0.11979865834643606,False,0.8047663769514433,0.12179762421037665,0.11979865834643606,0.49861769352290675
BBOX1,0.27237128005732636,0.35328609837787056,0.3319129412925612,0.3068795468583743,0.007142857142857143,0.11979865834643606,True,0.27237128005732636,0.3319129412925612,0.11979865834643606,0.4982227488151658
TRIM28,-0.04327516891996197,0.5343704468596167,0.2964249701745203,1.6634971079435926e-13,0.014285714285714285,0.3827710261184941,False,0.04327516891996197,0.2964249701745203,0.3827710261184941,0.4982227488151658
ZNF213,-0.20446940041836026,0.03351616550598095,-0.4191230957121306,0.522962569305269,0.007142857142857143,0.11979865834643606,True,0.20446940041836026,0.4191230957121306,0.11979865834643606,0.4976961558715113
RASSF4,-0.4276616718543025,0.0007585293435418029,0.21520438562635036,0.046098158151543375,0.007142857142857143,0.11979865834643606,False,0.4276616718543025,0.21520438562635036,0.11979865834643606,0.4975645076355977
MYH10,-0.19817277702099467,0.132778369204407,0.42563880273536014,1.2347754807944848e-10,0.007142857142857143,0.11979865834643606,False,0.19817277702099467,0.42563880273536014,0.11979865834643606,0.49716956292785675
KIAA0930,0.1880110701635438,0.04916317842114244,0.451013859297948,1.2371134485982422e-10,0.007142857142857143,0.11979865834643606,True,0.1880110701635438,0.451013859297948,0.11979865834643606,0.49703791469194314
DTWD2,-0.14325932422092613,0.17213128415693388,-0.5700610322452846,1.1422202044937704e-12,0.007142857142857143,0.11979865834643606,True,0.14325932422092613,0.5700610322452846,0.11979865834643606,0.49703791469194303
ANKS1A,-0.2882420143319777,0.000149261624898694,0.03242481780244688,0.31740550953416613,0.014285714285714285,0.3827710261184941,False,0.2882420143319777,0.03242481780244688,0.3827710261184941,0.4966429699842022
REEP4,0.4638358039622812,5.316637544694261e-05,0.19438625988959757,0.21177136805596725,0.007142857142857143,0.11979865834643606,True,0.4638358039622812,0.19438625988959757,0.11979865834643606,0.4963796735123749
CSNK1G3,0.23712638915676543,0.005953425322642964,0.35981957660957775,0.00011124429332083292,0.007142857142857143,0.11979865834643606,True,0.23712638915676543,0.35981957660957775,0.11979865834643606,0.4963796735123749
RASSF5,-0.22811383752572034,0.0164615150493883,0.3815476910051885,2.5634577059503514e-07,0.007142857142857143,0.11979865834643606,False,0.22811383752572034,0.3815476910051885,0.11979865834643606,0.49598472880463396
CHST4,-0.7361640877733144,0.020237238566096747,0.1239402550720321,0.2826016228067145,0.007142857142857143,0.11979865834643606,False,0.7361640877733144,0.1239402550720321,0.11979865834643606,0.49585308056872035
FZD8,-0.24747980354025856,0.01156069072224444,-0.34831485998176603,0.006955896990294697,0.007142857142857143,0.11979865834643606,True,0.24747980354025856,0.34831485998176603,0.11979865834643606,0.495589784096893
CAPNS1,0.31762231439349975,2.2515348298025072e-05,0.2870442988455544,3.354049199166352e-10,0.007142857142857143,0.11979865834643606,True,0.31762231439349975,0.2870442988455544,0.11979865834643606,0.4954581358609794
CCDC25,-0.3044963921259676,2.540790409132263e-05,-0.29733371039186807,0.0014502393609746303,0.007142857142857143,0.11979865834643606,True,0.3044963921259676,0.29733371039186807,0.11979865834643606,0.4954581358609794
ABR,0.14052474395055192,0.1671735187953761,0.5746574499491537,1.7661777941494848e-23,0.007142857142857143,0.11979865834643606,True,0.14052474395055192,0.5746574499491537,0.11979865834643606,0.4954581358609794
AARS,-0.12772329561312112,0.1951716257496511,-0.6131244633208475,1.002846761754535e-13,0.007142857142857143,0.11979865834643606,True,0.12772329561312112,0.6131244633208475,0.11979865834643606,0.4949315429173249
MAP2K7,-0.22482389085495136,0.003812306839126502,0.0656778555401587,0.1732779030653513,0.014285714285714285,0.3827710261184941,False,0.22482389085495136,0.0656778555401587,0.3827710261184941,0.4947998946814113
LMBRD2,0.11774575220310446,0.06010084631499281,-0.6445324179292626,1.1932892830905617e-11,0.007142857142857143,0.11979865834643606,False,0.11774575220310446,0.6445324179292626,0.11979865834643606,0.49479989468141117
PRR16,0.5460113179312209,0.009185224224734119,0.15858748949147028,0.5241552739737952,0.007142857142857143,0.11979865834643606,True,0.5460113179312209,0.15858748949147028,0.11979865834643606,0.49466824644549756
CSK,0.1029115942586909,0.35363228565481647,0.7114706153181487,2.9690375235886894e-18,0.007142857142857143,0.11979865834643606,True,0.1029115942586909,0.7114706153181487,0.11979865834643606,0.49453659820958396
STAG2,0.05640162553702055,0.41266959667148506,0.26672956390316926,1.7313129788799923e-07,0.014285714285714285,0.3827710261184941,True,0.05640162553702055,0.26672956390316926,0.3827710261184941,0.49440494997367035
LFNG,0.3073508769245219,0.08477840391972923,0.29196298069098603,0.0012174623937906378,0.007142857142857143,0.11979865834643606,True,0.3073508769245219,0.29196298069098603,0.11979865834643606,0.49427330173775674
KPNA4,0.28489450628753765,0.00015410228349301366,0.3085952128938132,8.791687474776971e-14,0.007142857142857143,0.11979865834643606,True,0.28489450628753765,0.3085952128938132,0.11979865834643606,0.49427330173775674
MOSPD2,0.3952749456620914,3.587489847661335e-05,0.22865098513523563,4.006894978562815e-05,0.007142857142857143,0.11979865834643606,True,0.3952749456620914,0.22865098513523563,0.11979865834643606,0.494141653501843
NPEPL1,-0.2911626027951293,0.005455503834382959,-0.02809768614040209,0.4739413948211315,0.014285714285714285,0.3827710261184941,True,0.2911626027951293,0.02809768614040209,0.3827710261184941,0.4938783570300158
EPB41L3,-0.2551330171093351,0.11790863436422518,-0.04505041272313548,0.437789454258998,0.014285714285714285,0.3827710261184941,True,0.2551330171093351,0.04505041272313548,0.3827710261184941,0.4938783570300158
TXNDC15,-0.10788518998830376,0.10035320714401684,-0.6823042514618649,0.005047172926440876,0.007142857142857143,0.11979865834643606,True,0.10788518998830376,0.6823042514618649,0.11979865834643606,0.4936150605581885
DACT1,0.2862429002263642,0.09684954449085574,0.306944960370906,0.22696764113598158,0.007142857142857143,0.11979865834643606,True,0.2862429002263642,0.306944960370906,0.11979865834643606,0.4936150605581885
TTK,2.1568413784386173,5.723618542472991e-15,-0.046477731407971845,0.727180160097462,0.007142857142857143,0.11979865834643606,False,2.1568413784386173,0.046477731407971845,0.11979865834643606,0.49282517114270674
ATP6V0A1,-0.09168208761144925,0.0851338769756158,0.2138302413221993,0.0002316967372715601,0.014285714285714285,0.3827710261184941,False,0.09168208761144925,0.2138302413221993,0.3827710261184941,0.4928251711427067
KIAA0040,0.1373854088578863,0.039932495443314196,-0.5745144606032895,0.0099640684672412,0.007142857142857143,0.11979865834643606,False,0.1373854088578863,0.5745144606032895,0.11979865834643606,0.49282517114270663
VPS35,0.26636736147089835,4.3062844034674514e-08,0.32275185613747226,1.3234566965081549e-14,0.007142857142857143,0.11979865834643606,True,0.26636736147089835,0.32275185613747226,0.11979865834643606,0.4925618746708794
LTC4S,-0.5606686889111998,0.0416722659771065,-0.1524138908007906,0.06411961692357565,0.007142857142857143,0.11979865834643606,True,0.5606686889111998,0.1524138908007906,0.11979865834643606,0.4924302264349657
RARS2,-0.07796862717428965,0.18684320617058953,-0.8772144157952404,5.316895265779849e-22,0.007142857142857143,0.11979865834643606,True,0.07796862717428965,0.8772144157952404,0.11979865834643606,0.4922985781990521
ATP4A,-2.4304611830071954,0.000564026250251368,-0.04247551582248832,0.7310610652896804,0.007142857142857143,0.11979865834643606,True,2.4304611830071954,0.04247551582248832,0.11979865834643606,0.4922985781990521
BRIP1,-0.05699533867349871,0.4066371124550073,0.26284776747703376,0.8156355731129459,0.014285714285714285,0.3827710261184941,False,0.05699533867349871,0.26284776747703376,0.3827710261184941,0.4921669299631385
TIPIN,0.2766761547839067,0.00017065828572683108,0.033826291101398454,0.8382281813732522,0.014285714285714285,0.3827710261184941,True,0.2766761547839067,0.033826291101398454,0.3827710261184941,0.4921669299631385
PKN2,0.23641752773519897,0.010867520090294906,0.052664553661966096,0.05527838915454679,0.014285714285714285,0.3827710261184941,True,0.23641752773519897,0.052664553661966096,0.3827710261184941,0.49164033701948395
EPN3,-0.0722529992713783,0.8246148469450855,-0.9035334160287434,2.8638081202325413e-11,0.007142857142857143,0.11979865834643606,True,0.0722529992713783,0.9035334160287434,0.11979865834643606,0.49137704054765663
GNAI2,0.2007000770762719,0.08069302305845232,0.40521537731533996,1.3320149223237486e-15,0.007142857142857143,0.11979865834643606,True,0.2007000770762719,0.40521537731533996,0.11979865834643606,0.491245392311743
RBM43,-0.22175143781502094,0.0032667170256773423,0.37629617910303637,0.024690946352652073,0.007142857142857143,0.11979865834643606,False,0.22175143781502094,0.37629617910303637,0.11979865834643606,0.491245392311743
MGAT2,0.11849711730560841,0.01539044633484163,-0.6278929818280155,2.3535324053142095e-07,0.007142857142857143,0.11979865834643606,False,0.11849711730560841,0.6278929818280155,0.11979865834643606,0.491245392311743
AGO4,-0.14796678547637399,0.0013248408487657429,0.5279259440124804,0.03672267763737535,0.007142857142857143,0.11979865834643606,False,0.14796678547637399,0.5279259440124804,0.11979865834643606,0.491245392311743
TUBG2,-0.4097895895988266,0.0003145732309382743,-0.21173644276057146,0.16008490325834962,0.007142857142857143,0.11979865834643606,True,0.4097895895988266,0.21173644276057146,0.11979865834643606,0.4911137440758293
SMPD3,0.6761288457440795,3.818028676221661e-06,0.12388914154340469,0.17287141377870496,0.007142857142857143,0.11979865834643606,True,0.6761288457440795,0.12388914154340469,0.11979865834643606,0.4911137440758293
RELA,0.21164867085643024,2.957753038527121e-05,0.39192178251562737,8.075445776589433e-14,0.007142857142857143,0.11979865834643606,True,0.21164867085643024,0.39192178251562737,0.11979865834643606,0.4908504476040021
PTPN6,0.12256364229934924,0.36022679131154395,0.6115085866356331,1.52518978884382e-16,0.007142857142857143,0.11979865834643606,True,0.12256364229934924,0.6115085866356331,0.11979865834643606,0.4908504476040021
ZBTB20,-0.6975665332535659,4.296573278991538e-08,-0.11988910968003452,0.0335825444156085,0.007142857142857143,0.11979865834643606,True,0.6975665332535659,0.11988910968003452,0.11979865834643606,0.49045550289626116
FAT2,0.04392017861082742,0.8131955197410429,-0.19353723472135798,0.4088238392920999,0.02857142857142857,1.2631321245564464,False,0.04392017861082742,0.19353723472135798,1.2631321245564464,0.4903896787783043
MYO9A,0.0805966572308563,0.31494604044421737,0.2244360783449686,0.006860976900899516,0.014285714285714285,0.3827710261184941,True,0.0805966572308563,0.2244360783449686,0.3827710261184941,0.49032385466034756
LRRK1,-0.14721058286043487,0.017004057890194105,-0.12861182898070211,0.31058477819416475,0.014285714285714285,0.3827710261184941,True,0.14721058286043487,0.12861182898070211,0.3827710261184941,0.49032385466034756
ARL13B,0.25718284237704125,0.005275501460305005,0.3243321765283973,0.38100589281616226,0.007142857142857143,0.11979865834643606,True,0.25718284237704125,0.3243321765283973,0.11979865834643606,0.49032385466034756
KDM4B,-0.22065607020076428,0.00683873261858532,0.06197607064697763,0.48648755505061764,0.014285714285714285,0.3827710261184941,False,0.22065607020076428,0.06197607064697763,0.3827710261184941,0.4901922064244339
OBSL1,-0.8749911340328449,1.3582460526822686e-07,-0.09839096048838414,0.07236052075873815,0.007142857142857143,0.11979865834643606,True,0.8749911340328449,0.09839096048838414,0.11979865834643606,0.49019220642443384
SYNPO2,-0.04418686944486794,0.8238120272292214,0.2772565042581121,0.0021417774018392993,0.014285714285714285,0.3827710261184941,False,0.04418686944486794,0.2772565042581121,0.3827710261184941,0.49006055818852023
HAUS8,0.3340048997255476,0.0015252231421389471,0.26609935258581885,0.00010586617320763329,0.007142857142857143,0.11979865834643606,True,0.3340048997255476,0.26609935258581885,0.11979865834643606,0.48992890995260663
NKX2-5,0.009179705213680167,0.9642934598235242,-0.333919769602149,0.6069114359402085,0.014285714285714285,0.3827710261184941,False,0.009179705213680167,0.333919769602149,0.3827710261184941,0.48927066877303843
CIZ1,-0.2627939807385804,4.992268140082602e-05,-0.31759954319953465,1.720591255767551e-10,0.007142857142857143,0.11979865834643606,True,0.2627939807385804,0.31759954319953465,0.11979865834643606,0.4892706687730384
FTCD,-2.0615989814464895,5.6824895872109424e-05,0.04338197179640346,0.8840109091622882,0.007142857142857143,0.11979865834643606,False,2.0615989814464895,0.04338197179640346,0.11979865834643606,0.48900737230121116
SEPHS2,0.15328698751404524,0.24162726214900426,-0.501509120096177,1.0623522131895129e-12,0.007142857142857143,0.11979865834643606,False,0.15328698751404524,0.501509120096177,0.11979865834643606,0.4884807793575566
DYSF,0.1466816180115451,0.21355790101813077,0.07624645429960353,0.14773606787537116,0.02142857142857143,0.7707690936040651,True,0.1466816180115451,0.07624645429960353,0.7707690936040651,0.48848077935755657
IRF6,0.8627061907920641,0.00010287430739880481,-0.09675762110569508,0.17813843251182415,0.007142857142857143,0.11979865834643606,False,0.8627061907920641,0.09675762110569508,0.11979865834643606,0.4878225381779884
TMEM259,-0.08488345509093165,0.3399210797399049,-0.7753016131320756,0.01784388515810617,0.007142857142857143,0.11979865834643606,True,0.08488345509093165,0.7753016131320756,0.11979865834643606,0.48769088994207477
ZNF438,0.2621782652968907,0.006038356884446142,-0.3141868242131096,4.005987533630089e-07,0.007142857142857143,0.11979865834643606,False,0.2621782652968907,0.3141868242131096,0.11979865834643606,0.48755924170616105
KIF1C,-0.4252968185331749,0.00013957908376748606,-0.19533073100646092,3.544545087716255e-06,0.007142857142857143,0.11979865834643606,True,0.4252968185331749,0.19533073100646092,0.11979865834643606,0.48742759347024744
TCEA2,-0.23049044893025616,0.038785289614250526,-0.34974473976865994,0.0008520406563180979,0.007142857142857143,0.11979865834643606,True,0.23049044893025616,0.34974473976865994,0.11979865834643606,0.48729594523433384
SLC2A13,-0.3171383787849056,0.0019454872916660519,-0.26869651498058644,0.002322756591680833,0.007142857142857143,0.11979865834643606,True,0.3171383787849056,0.26869651498058644,0.11979865834643606,0.4866377040547656
KCTD16,-2.090866370948298,1.1061435478700839e-11,-0.04022492462143035,0.7301735799827698,0.007142857142857143,0.11979865834643606,True,2.090866370948298,0.04022492462143035,0.11979865834643606,0.486506055818852
TSPAN31,-0.06010516270781707,0.1919897728481216,-0.9506551955496043,1.1085476435274066e-11,0.007142857142857143,0.11979865834643606,True,0.06010516270781707,0.9506551955496043,0.11979865834643606,0.4863744075829384
NRGN,-0.13476537189690863,0.49205003958865995,0.5568608503904429,0.030046965613851794,0.007142857142857143,0.11979865834643606,False,0.13476537189690863,0.5568608503904429,0.11979865834643606,0.48637440758293826
RANBP10,-0.3392144911491837,0.0005653828334987358,-0.2501888873078073,5.892064650423203e-06,0.007142857142857143,0.11979865834643606,True,0.3392144911491837,0.2501888873078073,0.11979865834643606,0.48611111111111105
SPATA5,0.2047813709155566,0.00011954833764481566,-0.389037747715939,6.766141363035288e-13,0.007142857142857143,0.11979865834643606,False,0.2047813709155566,0.389037747715939,0.11979865834643606,0.48597946287519744
CD5,-0.2325381683488459,0.1772997990903337,0.3423544541526624,0.0003939106553232632,0.007142857142857143,0.11979865834643606,False,0.2325381683488459,0.3423544541526624,0.11979865834643606,0.48597946287519744
EGFLAM,0.08725626985958268,0.6255954921189741,0.7301186276808806,0.015705619279644686,0.007142857142857143,0.11979865834643606,True,0.08725626985958268,0.7301186276808806,0.11979865834643606,0.4857161664033701
ICAM5,1.2694437771319218,4.761249488142916e-06,-0.05967448254893526,0.8982379251914856,0.007142857142857143,0.11979865834643606,False,1.2694437771319218,0.05967448254893526,0.11979865834643606,0.4857161664033701
MAP1S,0.12437846937442743,0.15172008202833537,0.1474803068677346,7.906972855358072e-06,0.014285714285714285,0.3827710261184941,True,0.12437846937442743,0.1474803068677346,0.3827710261184941,0.4855845181674565
BCL2L14,1.1388558739466443,6.87994080534492e-05,0.06778748966486603,0.6433165114319898,0.007142857142857143,0.11979865834643606,True,1.1388558739466443,0.06778748966486603,0.11979865834643606,0.4855845181674565
EPS15L1,-0.14009251942377787,0.01836316805349968,0.12944613467255195,0.00021197617929026366,0.014285714285714285,0.3827710261184941,False,0.14009251942377787,0.12944613467255195,0.3827710261184941,0.4855845181674565
GALNT2,-0.4442429325890753,0.010513551510583856,-0.17954308041673528,0.02674265185734611,0.007142857142857143,0.11979865834643606,True,0.4442429325890753,0.17954308041673528,0.11979865834643606,0.4853212216956293
INTS1,-0.20833009913897627,0.08003849147884842,-0.06368207409537874,0.14190384221002292,0.014285714285714285,0.3827710261184941,True,0.20833009913897627,0.06368207409537874,0.3827710261184941,0.48518957345971564
FKBP5,-0.6489030866417504,0.018897387794406053,-0.11948171148048559,0.020185185509122267,0.007142857142857143,0.11979865834643606,True,0.6489030866417504,0.11948171148048559,0.11979865834643606,0.485057925223802
ROCK1,0.20494325942341973,0.009473738148124508,0.38440358068438485,1.2943882815843782e-18,0.007142857142857143,0.11979865834643606,True,0.20494325942341973,0.38440358068438485,0.11979865834643606,0.48479462875197477
DNMT1,0.3238626617552871,0.00021646813781318726,0.2615514622642614,6.781446861264266e-07,0.007142857142857143,0.11979865834643606,True,0.3238626617552871,0.2615514622642614,0.11979865834643606,0.4842680358083201
PID1,-0.6670838719095542,0.0010191110924438825,-0.1143756966746281,0.3328195526252054,0.007142857142857143,0.11979865834643606,True,0.6670838719095542,0.1143756966746281,0.11979865834643606,0.4842680358083201
TESK2,-0.30081695304530953,8.402545804772474e-06,0.009811921108028088,0.9607094705608639,0.014285714285714285,0.3827710261184941,False,0.30081695304530953,0.009811921108028088,0.3827710261184941,0.4840047393364929
CPVL,-0.11765810747458261,0.4225147420325227,0.6028921624006749,1.8208599714586028e-11,0.007142857142857143,0.11979865834643606,False,0.11765810747458261,0.6028921624006749,0.11979865834643606,0.4838730911005792
NNT,-0.13941800430663953,0.05410957554308617,-0.5233255656866866,1.7913580222542842e-07,0.007142857142857143,0.11979865834643606,True,0.13941800430663953,0.5233255656866866,0.11979865834643606,0.4837414428646656
ENPEP,-0.195542373390575,0.10158818203119441,0.07113916061342707,0.3321568094161422,0.014285714285714285,0.3827710261184941,False,0.195542373390575,0.07113916061342707,0.3827710261184941,0.4837414428646656
TPM3,0.4462386672650087,7.461012539029326e-08,0.1757522137825518,4.457699122468215e-05,0.007142857142857143,0.11979865834643606,True,0.4462386672650087,0.1757522137825518,0.11979865834643606,0.483609794628752
KIT,-0.3758209251425999,0.06892546053946774,-0.21559197430622135,0.19435313159697085,0.007142857142857143,0.11979865834643606,True,0.3758209251425999,0.21559197430622135,0.11979865834643606,0.48334649815692465
SMC6,0.49251144845717754,3.0219008014528346e-08,0.15560036582721537,0.0003986504494908994,0.007142857142857143,0.11979865834643606,True,0.49251144845717754,0.15560036582721537,0.11979865834643606,0.48334649815692465
NCKAP1L,-0.08419641622568719,0.6531067969832023,0.7287040556682953,1.0229884919166348e-15,0.007142857142857143,0.11979865834643606,False,0.08419641622568719,0.7287040556682953,0.11979865834643606,0.4829515534491837
OLFML2A,-0.299494901963806,0.01788784987238879,-0.2717817118172121,0.21862171053284005,0.007142857142857143,0.11979865834643606,True,0.299494901963806,0.2717817118172121,0.11979865834643606,0.4826882569773564
TLR9,0.12981350111131906,0.6319386910956353,0.5494668940522196,0.10356996823896068,0.007142857142857143,0.11979865834643606,True,0.12981350111131906,0.5494668940522196,0.11979865834643606,0.48203001579778826
IPO8,-0.16733296489221594,0.016422388872325003,-0.09275988106185906,0.05280542401582011,0.014285714285714285,0.3827710261184941,True,0.16733296489221594,0.09275988106185906,0.3827710261184941,0.4816350710900474
INPPL1,-0.06290483821810966,0.17428481484614314,0.23223828248686829,9.22106148670697e-12,0.014285714285714285,0.3827710261184941,False,0.06290483821810966,0.23223828248686829,0.3827710261184941,0.48163507109004733
ARHGAP26,0.2748028912303564,0.0011260904700110957,0.2898927241689435,3.463645702921834e-07,0.007142857142857143,0.11979865834643606,True,0.2748028912303564,0.2898927241689435,0.11979865834643606,0.4811084781463928
RFC3,0.3088300225265801,0.00010813297343699167,-0.26421631726874395,1.4346359062260025e-07,0.007142857142857143,0.11979865834643606,False,0.3088300225265801,0.26421631726874395,0.11979865834643606,0.4811084781463928
HEATR5B,-0.3383526364697307,4.3391623442480683e-05,-0.2404681826845767,3.664833811037401e-08,0.007142857142857143,0.11979865834643606,True,0.3383526364697307,0.2404681826845767,0.11979865834643606,0.4811084781463928
BCOR,-0.13265906324079602,0.056652207053897424,0.07911937980078321,0.35311832713699387,0.02142857142857143,0.7707690936040651,False,0.13265906324079602,0.07911937980078321,0.7707690936040651,0.4808451816745655
ANKIB1,0.24309445007411057,0.0006122989794421659,0.0351730786940756,0.4157229301052683,0.014285714285714285,0.3827710261184941,True,0.24309445007411057,0.0351730786940756,0.3827710261184941,0.4807135334386519
SLAMF1,-0.12382101225345377,0.5801955719960055,-0.5621708224862498,0.39085736854090536,0.007142857142857143,0.11979865834643606,True,0.12382101225345377,0.5621708224862498,0.11979865834643606,0.48071353343865186
TFAP2E,0.34875684072914037,0.0007055068803957165,0.23335505791267153,0.21357868627606788,0.007142857142857143,0.11979865834643606,True,0.34875684072914037,0.23335505791267153,0.11979865834643606,0.48071353343865186
VIL1,0.1870192113875806,0.49571274534136645,0.0724204755285669,0.4418449534508654,0.014285714285714285,0.3827710261184941,True,0.1870192113875806,0.0724204755285669,0.3827710261184941,0.48058188520273826
STARD10,-0.09444768147733384,0.5968754859728861,-0.6577987094058315,1.6788780203996297e-10,0.007142857142857143,0.11979865834643606,True,0.09444768147733384,0.6577987094058315,0.11979865834643606,0.48045023696682465
ACAD11,-0.3066956379806278,0.0004464301234790556,0.26514879027339333,0.06187883850931913,0.007142857142857143,0.11979865834643606,False,0.3066956379806278,0.26514879027339333,0.11979865834643606,0.48031858873091093
WDFY4,-0.36602812138762886,0.07316276098500188,0.21655819438817403,0.001173431788184147,0.007142857142857143,0.11979865834643606,False,0.36602812138762886,0.21655819438817403,0.11979865834643606,0.4801869404949973
SNRPA,0.3105628685203463,6.486638116766125e-06,0.26135125761275546,6.588223889964571e-06,0.007142857142857143,0.11979865834643606,True,0.3105628685203463,0.26135125761275546,0.11979865834643606,0.4801869404949973
CLN5,-0.0820843968605427,0.17090863444759355,0.7142884752227694,7.42565253303113e-18,0.007142857142857143,0.11979865834643606,False,0.0820843968605427,0.7142884752227694,0.11979865834643606,0.4800552922590837
CAPN1,0.25859027559694425,0.0015238374608244657,0.29942348514966,5.978968407752043e-10,0.007142857142857143,0.11979865834643606,True,0.25859027559694425,0.29942348514966,0.11979865834643606,0.4796603475513428
ADGRD1,-0.7755575600376048,1.0828891625352207e-05,-0.09367428994148597,0.7916382253358092,0.007142857142857143,0.11979865834643606,True,0.7755575600376048,0.09367428994148597,0.11979865834643606,0.4795286993154292
PHKB,-0.03774416105098766,0.6365070571097952,-0.2665766914420509,1.1179762376468292e-07,0.014285714285714285,0.3827710261184941,True,0.03774416105098766,0.2665766914420509,0.3827710261184941,0.4795286993154292
NT5C1A,-2.533576964598036,1.4568386530110118e-11,0.02649393931657329,0.8950189862347274,0.007142857142857143,0.11979865834643606,False,2.533576964598036,0.02649393931657329,0.11979865834643606,0.47926540284360186
NID1,0.19723103946950893,0.19246653487170495,0.06297197867536397,0.23670680875051656,0.014285714285714285,0.3827710261184941,True,0.19723103946950893,0.06297197867536397,0.3827710261184941,0.4787388098999473
PAPSS2,-0.5108017485344014,2.4681871551740242e-06,-0.14094337992306905,0.001054357728404187,0.007142857142857143,0.11979865834643606,True,0.5108017485344014,0.14094337992306905,0.11979865834643606,0.47847551342812
WDR41,-0.03270862301500621,0.590372547283389,-0.2716307377650651,3.133009458671052e-07,0.014285714285714285,0.3827710261184941,True,0.03270862301500621,0.2716307377650651,0.3827710261184941,0.4782122169562928
FAM210B,-0.1299990160885489,0.029816730882763934,-0.5273604323053185,2.5123060203083468e-05,0.007142857142857143,0.11979865834643606,True,0.1299990160885489,0.5273604323053185,0.11979865834643606,0.47755397577672454
PAK2,0.29317638694852555,5.482152912690641e-05,0.2663850193915458,3.0700536887964216e-14,0.007142857142857143,0.11979865834643606,True,0.29317638694852555,0.2663850193915458,0.11979865834643606,0.47742232754081093
RPAIN,-0.22500744601334688,1.2824522185773834e-10,-0.33151586324982674,1.2460781435654138e-05,0.007142857142857143,0.11979865834643606,True,0.22500744601334688,0.33151586324982674,0.11979865834643606,0.4771590310689836
LRCH2,0.1382111321131756,0.49136504141669635,0.4979212699059836,0.03824900281071383,0.007142857142857143,0.11979865834643606,True,0.1382111321131756,0.4979212699059836,0.11979865834643606,0.4771590310689836
FOXRED1,0.06797390606051046,0.38589820449444934,-0.786870845528373,1.3791643181150706e-16,0.007142857142857143,0.11979865834643606,False,0.06797390606051046,0.786870845528373,0.11979865834643606,0.47702738283307
PIK3CA,0.17060489604627627,0.07030811897858784,0.08358281955916169,0.08234434835464356,0.014285714285714285,0.3827710261184941,True,0.17060489604627627,0.08358281955916169,0.3827710261184941,0.47702738283307
ACSM5,-1.1487405334043421,1.3590492015880144e-05,0.05485426125808068,0.9240306818859112,0.007142857142857143,0.11979865834643606,False,1.1487405334043421,0.05485426125808068,0.11979865834643606,0.47702738283307
MOB3C,-0.5169942850264881,1.58259282547525e-07,-0.13817549922360328,0.21144002343068533,0.007142857142857143,0.11979865834643606,True,0.5169942850264881,0.13817549922360328,0.11979865834643606,0.4768957345971564
GRHL1,0.8063628439871469,3.936691367861169e-06,-0.08717190001872055,0.6806371947097296,0.007142857142857143,0.11979865834643606,False,0.8063628439871469,0.08717190001872055,0.11979865834643606,0.47663243812532907
PLXNA3,0.33535259707044673,0.0030747325531146987,-0.23478613418324912,0.45106481685941113,0.007142857142857143,0.11979865834643606,False,0.33535259707044673,0.23478613418324912,0.11979865834643606,0.47636914165350186
TIAM1,-0.2148566596787802,0.23072221145710126,0.04778789479048129,0.7621003403258961,0.014285714285714285,0.3827710261184941,False,0.2148566596787802,0.04778789479048129,0.3827710261184941,0.47610584518167454
JAK2,-0.09662312301809095,0.4142036667795811,0.16507431226585467,0.01050841907364198,0.014285714285714285,0.3827710261184941,False,0.09662312301809095,0.16507431226585467,0.3827710261184941,0.47531595576619273
NUB1,0.24695099849867752,8.475758358413772e-07,-0.02673969296455425,0.4933355485664364,0.014285714285714285,0.3827710261184941,False,0.24695099849867752,0.02673969296455425,0.3827710261184941,0.4749210110584518
ETAA1,-0.14328344673926807,0.1598268688264375,0.471767817918348,0.032939881054995186,0.007142857142857143,0.11979865834643606,False,0.14328344673926807,0.471767817918348,0.11979865834643606,0.47452606635071093
RNF111,0.10262306566901636,0.041225960000684764,-0.6058729351848839,0.015435682021143054,0.007142857142857143,0.11979865834643606,False,0.10262306566901636,0.6058729351848839,0.11979865834643606,0.4745260663507108
LRRC8A,0.8961250952322395,4.3510276030311015e-15,0.07365997039917715,0.3012489591213513,0.007142857142857143,0.11979865834643606,True,0.8961250952322395,0.07365997039917715,0.11979865834643606,0.4743944181147972
ITGB7,0.5676629443263099,0.015802742058709022,-0.11985346926397966,0.4381926554522019,0.007142857142857143,0.11979865834643606,False,0.5676629443263099,0.11985346926397966,0.11979865834643606,0.4742627698788836
CASS4,-0.3115736612223756,0.17287552868497827,0.2469039065768115,0.044315285687317366,0.007142857142857143,0.11979865834643606,False,0.3115736612223756,0.2469039065768115,0.11979865834643606,0.47413112164297
CHD9,-0.1195331377598361,0.12454213115853177,0.5459202327032457,0.044032182345350446,0.007142857142857143,0.11979865834643606,False,0.1195331377598361,0.5459202327032457,0.11979865834643606,0.47360452869931535
YLPM1,-0.3549369288275397,6.551963116915991e-06,-0.21121500863888087,8.943673684457688e-10,0.007142857142857143,0.11979865834643606,True,0.3549369288275397,0.21121500863888087,0.11979865834643606,0.47334123222748814
SP4,-0.1844885515433532,0.010686907047036657,0.0659533052723269,0.3358076237186863,0.014285714285714285,0.3827710261184941,False,0.1844885515433532,0.0659533052723269,0.3827710261184941,0.47334123222748814
GTF3C1,-0.2131262184433922,0.0015149737819606796,0.005160678563658649,0.8783151220304358,0.02142857142857143,0.7707690936040651,False,0.2131262184433922,0.005160678563658649,0.7707690936040651,0.4732095839915745
ALG13,0.03270998595592722,0.5720086564984781,-1.0871653383427073,2.140161988640797e-21,0.007142857142857143,0.11979865834643606,False,0.03270998595592722,1.0871653383427073,0.11979865834643606,0.4730779357556608
P3H3,-0.10895565420352682,0.4019865331629097,0.5760958368572098,2.0689212876192277e-14,0.007142857142857143,0.11979865834643606,False,0.10895565420352682,0.5760958368572098,0.11979865834643606,0.4730779357556608
PHKA2,-0.5005150343765798,2.997422519133146e-05,-0.13624624990055167,0.011412418165960815,0.007142857142857143,0.11979865834643606,True,0.5005150343765798,0.13624624990055167,0.11979865834643606,0.4728146392838336
PAGR1,-0.16371015898148578,0.0015316984141044764,-0.41568199860010324,0.000935694753248826,0.007142857142857143,0.11979865834643606,True,0.16371015898148578,0.41568199860010324,0.11979865834643606,0.4726829910479199
EEF2K,-0.31519128214935144,0.0008376285651353954,-0.23936095711809813,2.2499794069738856e-05,0.007142857142857143,0.11979865834643606,True,0.31519128214935144,0.23936095711809813,0.11979865834643606,0.47215639810426535
TRIOBP,0.0039334983020857806,0.9554322633173954,0.3032942556348672,3.943466082821696e-09,0.014285714285714285,0.3827710261184941,True,0.0039334983020857806,0.3032942556348672,0.3827710261184941,0.47215639810426535
KIF3A,0.11768875918566302,0.08010581395571621,-0.135968752316586,0.0007398874805137773,0.014285714285714285,0.3827710261184941,False,0.11768875918566302,0.135968752316586,0.3827710261184941,0.47202474986835175
RFX1,-0.31259124628524226,0.0018107417160032483,-0.24037363159861513,7.64653878481281e-08,0.007142857142857143,0.11979865834643606,True,0.31259124628524226,0.24037363159861513,0.11979865834643606,0.47202474986835175
RPAP1,-0.28237841660633123,0.0008606846634200677,0.005150316716097336,0.9584442845491877,0.014285714285714285,0.3827710261184941,False,0.28237841660633123,0.005150316716097336,0.3827710261184941,0.47176145339652453
MTCL1,0.17953939871286906,0.24553996995072,-0.06661149037114811,0.5459938624954007,0.014285714285714285,0.3827710261184941,False,0.17953939871286906,0.06661149037114811,0.3827710261184941,0.4714981569246972
HIST1H2BG,0.9350273356232517,4.7966029623536007e-05,-0.06621240452167143,0.22442321551738467,0.007142857142857143,0.11979865834643606,False,0.9350273356232517,0.06621240452167143,0.11979865834643606,0.4712348604528699
FLRT3,0.5800945714473258,0.0006693899741094215,0.11186730428854474,0.3469812336617917,0.007142857142857143,0.11979865834643606,True,0.5800945714473258,0.11186730428854474,0.11979865834643606,0.4711032122169563
SRGAP1,-0.43835950215244956,0.00021053848009614616,-0.1533323498190775,0.003653648253027297,0.007142857142857143,0.11979865834643606,True,0.43835950215244956,0.1533323498190775,0.11979865834643606,0.4709715639810427
REPS2,-0.0006539094387090216,0.9969373117159547,-0.3066228689594901,2.104184226331831e-10,0.014285714285714285,0.3827710261184941,True,0.0006539094387090216,0.3066228689594901,0.3827710261184941,0.47070826750921535
PTP4A1,-0.1665114992036134,0.289739435215902,-0.4063078882128899,5.717519971463624e-06,0.007142857142857143,0.11979865834643606,True,0.1665114992036134,0.4063078882128899,0.11979865834643606,0.47057661927330174
PSEN1,0.4229989497776714,3.3525448206144446e-13,-0.15765669785773895,0.08953656861690108,0.007142857142857143,0.11979865834643606,False,0.4229989497776714,0.15765669785773895,0.11979865834643606,0.47057661927330174
WDR35,-0.204843579861139,0.0003485681627233516,-0.341409399931873,1.5514511061102234e-07,0.007142857142857143,0.11979865834643606,True,0.204843579861139,0.341409399931873,0.11979865834643606,0.47057661927330163
CCT3,0.39334018273523874,4.2043106881731714e-08,0.17654033979860273,0.0003149438958575447,0.007142857142857143,0.11979865834643606,True,0.39334018273523874,0.17654033979860273,0.11979865834643606,0.4703133228014744
MANEA,0.17204021701086525,0.06212290126229134,-0.39511767809000986,0.00010970927961195886,0.007142857142857143,0.11979865834643606,False,0.17204021701086525,0.39511767809000986,0.11979865834643606,0.4700500263296471
ANKRD12,-0.16025075384987275,0.07139864913662745,-0.4158924608457326,3.4293027963524666e-09,0.007142857142857143,0.11979865834643606,True,0.16025075384987275,0.4158924608457326,0.11979865834643606,0.4700500263296471
ZNF302,-0.33705051777228157,0.001386702356732048,-0.2199676371259649,0.14933626552432464,0.007142857142857143,0.11979865834643606,True,0.33705051777228157,0.2199676371259649,0.11979865834643606,0.4700500263296471
DCN,-0.12144700514158657,0.579255790050928,0.5210282171825611,5.645962426837738e-06,0.007142857142857143,0.11979865834643606,False,0.12144700514158657,0.5210282171825611,0.11979865834643606,0.46952343338599256
DNAJC13,0.15863934537161484,0.0035932735188530063,0.41818300169638434,2.5945232040697292e-24,0.007142857142857143,0.11979865834643606,True,0.15863934537161484,0.41818300169638434,0.11979865834643606,0.46939178515007896
ZNF354A,0.020720483923373223,0.7532705987091567,1.2020863739971155,0.1642581362492825,0.007142857142857143,0.11979865834643606,True,0.020720483923373223,1.2020863739971155,0.11979865834643606,0.46926013691416535
ELFN1,-0.08551173828444902,0.6070390178835163,-0.6310949396155205,0.06320086582619386,0.007142857142857143,0.11979865834643606,True,0.08551173828444902,0.6310949396155205,0.11979865834643606,0.468996840442338
ACE,0.2563740389289251,0.01637550251920157,0.27644966033789586,2.115277163005363e-05,0.007142857142857143,0.11979865834643606,True,0.2563740389289251,0.27644966033789586,0.11979865834643606,0.468996840442338
RPGRIP1L,0.2945498783595806,1.3533135585269973e-05,-0.24711838586513224,0.1153827073528118,0.007142857142857143,0.11979865834643606,False,0.2945498783595806,0.24711838586513224,0.11979865834643606,0.4687335439705107
RGPD4,0.08622557300122224,0.6631985100172867,-0.6292943970274898,0.22955563143652352,0.007142857142857143,0.11979865834643606,False,0.08622557300122224,0.6292943970274898,0.11979865834643606,0.4686018957345971
SOWAHB,0.6078809642543783,0.014162352169304913,-0.09890487780879909,0.5883456454137247,0.007142857142857143,0.11979865834643606,False,0.6078809642543783,0.09890487780879909,0.11979865834643606,0.4682069510268563
TUBG1,0.36918392172331593,0.00018224839648360244,-0.18796187594042735,2.188781576677344e-07,0.007142857142857143,0.11979865834643606,False,0.36918392172331593,0.18796187594042735,0.11979865834643606,0.46807530279094256
DOCK6,0.14210598698941013,0.12772854640764744,0.45301673430476086,1.1544535934522541e-25,0.007142857142857143,0.11979865834643606,True,0.14210598698941013,0.45301673430476086,0.11979865834643606,0.46781200631911524
DGKZ,-0.3185724944722157,0.000504938548028099,-0.22860978677334742,1.153444928979346e-05,0.007142857142857143,0.11979865834643606,True,0.3185724944722157,0.22860978677334742,0.11979865834643606,0.467548709847288
FLOT1,0.19955731633210583,0.008728379446874632,0.33732852287424464,7.609897742107108e-10,0.007142857142857143,0.11979865834643606,True,0.19955731633210583,0.33732852287424464,0.11979865834643606,0.4672854133754607
PTN,-0.6364642338681401,0.0038289196504296442,-0.09303882519083473,0.35703008726692037,0.007142857142857143,0.11979865834643606,True,0.6364642338681401,0.09303882519083473,0.11979865834643606,0.4670221169036335
NMT1,0.15000282014034383,0.0004776478766550806,-0.4282638525446494,2.371394879642758e-16,0.007142857142857143,0.11979865834643606,False,0.15000282014034383,0.4282638525446494,0.11979865834643606,0.46675882043180617
HIPK1,-0.13535004189298583,0.01594444064207395,-0.4709290110366844,0.08892387057151796,0.007142857142857143,0.11979865834643606,True,0.13535004189298583,0.4709290110366844,0.11979865834643606,0.46675882043180617
SHQ1,-0.09150204254085459,0.010366431820038885,-0.6064558364285126,0.10183019021712497,0.007142857142857143,0.11979865834643606,True,0.09150204254085459,0.6064558364285126,0.11979865834643606,0.46649552395997895
SRSF2,0.09911521254448097,0.0038138364992988255,0.5822980137511209,1.538903348544618e-10,0.007142857142857143,0.11979865834643606,True,0.09911521254448097,0.5822980137511209,0.11979865834643606,0.46623222748815163
UBXN11,-0.07047696500208289,0.498672202867722,-0.1259937645167355,0.4452327590378799,0.02142857142857143,0.7707690936040651,True,0.07047696500208289,0.1259937645167355,0.7707690936040651,0.46623222748815163
TEC,0.20647578186488147,0.0033317873736870805,0.3285023207103279,0.034768941553011856,0.007142857142857143,0.11979865834643606,True,0.20647578186488147,0.3285023207103279,0.11979865834643606,0.46623222748815163
TOX2,0.19612727017318665,0.24343018223001556,0.047913811582214194,0.873675587993651,0.014285714285714285,0.3827710261184941,True,0.19612727017318665,0.047913811582214194,0.3827710261184941,0.46623222748815163
PPP2R3A,-0.35751407100334376,0.0005567361241488034,-0.1944341380916761,0.007783074779540114,0.007142857142857143,0.11979865834643606,True,0.35751407100334376,0.1944341380916761,0.11979865834643606,0.46623222748815163
PRRC2A,-0.19933240440528976,0.012200316373835306,-0.3352913961043633,1.272143225821506e-11,0.007142857142857143,0.11979865834643606,True,0.19933240440528976,0.3352913961043633,0.11979865834643606,0.466100579252238
MED16,-0.37790461748816107,0.00169614605017648,-0.174935900544547,0.00014795042888126185,0.007142857142857143,0.11979865834643606,True,0.37790461748816107,0.174935900544547,0.11979865834643606,0.46531068983675616
PPP1R26,0.023040438240458982,0.8209517884658709,-1.0442207106953507,0.04487835823747574,0.007142857142857143,0.11979865834643606,False,0.023040438240458982,1.0442207106953507,0.11979865834643606,0.46517904160084256
SPG7,-0.08284786728990312,0.16856757580593967,-0.6224994285722296,6.94654091867141e-15,0.007142857142857143,0.11979865834643606,True,0.08284786728990312,0.6224994285722296,0.11979865834643606,0.46504739336492884
CENPC,-0.426890516455364,0.00016800973405106591,-0.1481948302378413,0.0035841235474911998,0.007142857142857143,0.11979865834643606,True,0.426890516455364,0.1481948302378413,0.11979865834643606,0.46504739336492884
ITPKB,-0.3724771200390471,0.00034282691006171226,0.17674191386914373,0.0025985955604862663,0.007142857142857143,0.11979865834643606,False,0.3724771200390471,0.17674191386914373,0.11979865834643606,0.464652448657188
F13A1,-0.1077602381291225,0.6435771904624019,0.5435060107487999,2.1839114783948837e-10,0.007142857142857143,0.11979865834643606,False,0.1077602381291225,0.5435060107487999,0.11979865834643606,0.4643891521853607
PAPPA,0.17827193208042225,0.14872257115354032,0.016820234369948395,0.8491238847394428,0.02142857142857143,0.7707690936040651,True,0.17827193208042225,0.016820234369948395,0.7707690936040651,0.4641258557135334
CLPX,-0.04063658812866855,0.47052792009707683,-0.8598757385086309,1.0437548582281044e-22,0.007142857142857143,0.11979865834643606,True,0.04063658812866855,0.8598757385086309,0.11979865834643606,0.46399420747761977
SBDS,0.3296939161193695,9.278996491945022e-06,0.2124894006584377,0.0005740040325472179,0.007142857142857143,0.11979865834643606,True,0.3296939161193695,0.2124894006584377,0.11979865834643606,0.46399420747761977
BCL6,-0.1477208566641064,0.17465473541587312,0.42250523762696446,0.009573536868618532,0.007142857142857143,0.11979865834643606,False,0.1477208566641064,0.42250523762696446,0.11979865834643606,0.46373091100579245
TNPO3,0.19251676828522335,1.9664915918300954e-07,0.33829961195929314,1.2956696366902496e-20,0.007142857142857143,0.11979865834643606,True,0.19251676828522335,0.33829961195929314,0.11979865834643606,0.46373091100579245
CFHR4,0.2322940074954331,0.08106369087998432,0.29096213550304384,0.17195120963124239,0.007142857142857143,0.11979865834643606,True,0.2322940074954331,0.29096213550304384,0.11979865834643606,0.46346761453396523
NUDCD1,0.2647561987693319,0.0009345255414367129,0.0022799098215813274,0.9478436911166392,0.014285714285714285,0.3827710261184941,True,0.2647561987693319,0.0022799098215813274,0.3827710261184941,0.462809373354397
RNF168,0.38085619323803677,2.7695769695865004e-11,-0.16481701570470975,0.16563883779567792,0.007142857142857143,0.11979865834643606,False,0.38085619323803677,0.16481701570470975,0.11979865834643606,0.46241442864665616
FGD5,0.27421655054239835,0.02276238646051613,0.25045937427398357,1.7129919197151541e-06,0.007142857142857143,0.11979865834643606,True,0.27421655054239835,0.25045937427398357,0.11979865834643606,0.46228278041074244
EOGT,0.2266626415454862,0.004409291897673114,0.29471194562353276,1.1472645785901721e-08,0.007142857142857143,0.11979865834643606,True,0.2266626415454862,0.29471194562353276,0.11979865834643606,0.46201948393891523
SCAF8,-0.311291094809647,2.65803191338041e-06,-0.2213489456395088,3.236494454582556e-07,0.007142857142857143,0.11979865834643606,True,0.311291094809647,0.2213489456395088,0.11979865834643606,0.4620194839389151
USP32,0.10004093251343527,0.036085081966462686,0.13915304643981585,0.01144187604710471,0.014285714285714285,0.3827710261184941,True,0.10004093251343527,0.13915304643981585,0.3827710261184941,0.46188783570300157
AP4B1,0.16860984203851537,0.0004537809329519831,0.06301983267422173,0.2912016954427767,0.014285714285714285,0.3827710261184941,True,0.16860984203851537,0.06301983267422173,0.3827710261184941,0.46188783570300157
IGDCC4,-0.3517256558010615,0.13646529386522893,0.1892124253086358,0.09120710039439242,0.007142857142857143,0.11979865834643606,False,0.3517256558010615,0.1892124253086358,0.11979865834643606,0.4616245392311743
PCDH12,-0.10627702711681586,0.3927858426662505,-0.5324099582543074,0.004808697528899373,0.007142857142857143,0.11979865834643606,True,0.10627702711681586,0.5324099582543074,0.11979865834643606,0.4614928909952607
AGRN,0.4606517034166977,0.01361188171589454,0.12755097495550416,0.014802233382123059,0.007142857142857143,0.11979865834643606,True,0.4606517034166977,0.12755097495550416,0.11979865834643606,0.461361242759347
HSPBP1,0.19264543595306094,0.051854170572897096,0.332039769229155,1.3350429221390832e-06,0.007142857142857143,0.11979865834643606,True,0.19264543595306094,0.332039769229155,0.11979865834643606,0.46083464981569244
ZNF292,0.04080115960295494,0.5767468688688853,-0.2205239908957708,0.04082651641293207,0.014285714285714285,0.3827710261184941,False,0.04080115960295494,0.2205239908957708,0.3827710261184941,0.4604397051079515
PC,-0.2275679404915163,0.058364086990017654,-0.28983596575250914,1.340251347999251e-06,0.007142857142857143,0.11979865834643606,True,0.2275679404915163,0.28983596575250914,0.11979865834643606,0.4604397051079515
SLC52A2,0.582342111377308,1.0782403964880103e-06,-0.09392772707978381,0.4705511193941937,0.007142857142857143,0.11979865834643606,False,0.582342111377308,0.09392772707978381,0.11979865834643606,0.4604397051079515
JAK3,-0.1024165055709716,0.4966807249263225,0.5439123639754051,9.004993609936232e-05,0.007142857142857143,0.11979865834643606,False,0.1024165055709716,0.5439123639754051,0.11979865834643606,0.4604397051079515
ZFHX4,0.1528609831884591,0.45802708939903103,-0.019008848327228378,0.9537313330229572,0.05714285714285714,4.000204659452193,False,0.1528609831884591,0.019008848327228378,4.000204659452193,0.46024223275408105
MAP3K6,0.1563117049165612,0.32075444835888783,0.40019971701628876,2.9300908881093885e-08,0.007142857142857143,0.11979865834643606,True,0.1563117049165612,0.40019971701628876,0.11979865834643606,0.4601764086361242
SMG6,-0.38650032504354215,3.878575333412202e-08,-0.15712360722242735,0.00984848661551083,0.007142857142857143,0.11979865834643606,True,0.38650032504354215,0.15712360722242735,0.11979865834643606,0.459913112164297
CFHR5,0.18535255841170603,3.1644566719347216e-06,0.33847308386813424,0.0005126025984271434,0.007142857142857143,0.11979865834643606,True,0.18535255841170603,0.33847308386813424,0.11979865834643606,0.45964981569246965
FAM199X,0.05009939909572658,0.6432612834878098,-0.7228261093449166,0.02213211702336516,0.007142857142857143,0.11979865834643606,False,0.05009939909572658,0.7228261093449166,0.11979865834643606,0.45925487098472884
TUBB2B,-0.6340122969796491,0.0053492655368649784,0.0835964738395667,0.20824258011903865,0.007142857142857143,0.11979865834643606,False,0.6340122969796491,0.0835964738395667,0.11979865834643606,0.4592548709847287
THBS3,0.034133234822077085,0.6382842611865899,0.8567222038064912,6.88319398431035e-23,0.007142857142857143,0.11979865834643606,True,0.034133234822077085,0.8567222038064912,0.11979865834643606,0.4589915745129015
SUCLG2,-0.036527566156648206,0.6001469799693002,-0.832141359856049,2.9967505940998323e-13,0.007142857142857143,0.11979865834643606,True,0.036527566156648206,0.832141359856049,0.11979865834643606,0.4588599262769879
EPHB4,0.3970901784514371,9.960578185139995e-05,0.15236863718105198,0.07674431163144653,0.007142857142857143,0.11979865834643606,True,0.3970901784514371,0.15236863718105198,0.11979865834643606,0.4587282780410742
PECR,0.11268173887125776,0.16470602275470858,0.5014375249540635,8.602820067637182e-09,0.007142857142857143,0.11979865834643606,True,0.11268173887125776,0.5014375249540635,0.11979865834643606,0.4587282780410742
COL6A1,-0.0027378074907478123,0.9870655739131228,0.275949483056273,4.269883639970987e-05,0.014285714285714285,0.3827710261184941,False,0.0027378074907478123,0.275949483056273,0.3827710261184941,0.4587282780410742
FAM20B,0.19122661746418856,0.001186812258506543,-0.3299170464075303,9.963410336871082e-07,0.007142857142857143,0.11979865834643606,False,0.19122661746418856,0.3299170464075303,0.11979865834643606,0.458464981569247
HMGCR,0.3097563276225479,0.0001262443021620383,0.21420617843304157,0.37405038410090546,0.007142857142857143,0.11979865834643606,True,0.3097563276225479,0.21420617843304157,0.11979865834643606,0.45807003686150605
BHLHE41,0.2385883014328769,0.12081882339323673,-0.2705570789130256,0.34619823035306835,0.007142857142857143,0.11979865834643606,False,0.2385883014328769,0.2705570789130256,0.11979865834643606,0.45793838862559233
VSIG10,0.0617663771081034,0.6057310355156363,-0.17933605561884391,0.28955226158825975,0.014285714285714285,0.3827710261184941,False,0.0617663771081034,0.17933605561884391,0.3827710261184941,0.4576750921537651
ZNF7,0.06561471553463782,0.0745726650312559,0.17348839832605378,0.2785956275188279,0.014285714285714285,0.3827710261184941,True,0.06561471553463782,0.17348839832605378,0.3827710261184941,0.45741179568193785
ANKRD11,-0.04807988294299825,0.568334337018116,0.20215790345903528,0.04460258129487473,0.014285714285714285,0.3827710261184941,False,0.04807988294299825,0.20215790345903528,0.3827710261184941,0.4574117956819378
ZNF16,-0.2893563044492904,1.1903064928691213e-06,-0.22679052743293582,0.11489255466058468,0.007142857142857143,0.11979865834643606,True,0.2893563044492904,0.22679052743293582,0.11979865834643606,0.45688520273828326
C16orf45,-0.21034622107477574,0.035334864248570734,-0.30284103766986803,0.2194904073192369,0.007142857142857143,0.11979865834643606,True,0.21034622107477574,0.30284103766986803,0.11979865834643606,0.45688520273828326
TMEM17,-0.16743448598935018,0.038818728420359355,-0.36018296836886066,0.05415228982709085,0.007142857142857143,0.11979865834643606,True,0.16743448598935018,0.36018296836886066,0.11979865834643606,0.45675355450236965
ARID1B,-0.3726110934903488,3.678670708535687e-05,-0.15772843186063668,0.010756000201039695,0.007142857142857143,0.11979865834643606,True,0.3726110934903488,0.15772843186063668,0.11979865834643606,0.45662190626645605
KRT82,0.06008948452656518,0.2811980608139472,-0.6551297889318235,6.594354831860173e-05,0.007142857142857143,0.11979865834643606,False,0.06008948452656518,0.6551297889318235,0.11979865834643606,0.4563586097946287
ZFAT,-0.023884117234743485,0.6604998006766692,-0.8938531959331222,0.15975674459454295,0.007142857142857143,0.11979865834643606,True,0.023884117234743485,0.8938531959331222,0.11979865834643606,0.4558320168509742
WDR60,0.13393468095596361,0.03909267817650048,-0.4310390950206653,0.0005207683402197187,0.007142857142857143,0.11979865834643606,False,0.13393468095596361,0.4310390950206653,0.11979865834643606,0.45556872037914686
DPY19L1,0.9297403284539065,1.729501637501099e-11,-0.04635214440610369,0.6247818319358015,0.007142857142857143,0.11979865834643606,False,0.9297403284539065,0.04635214440610369,0.11979865834643606,0.4550421274354923
DDX11,0.35083310757297426,0.08709300319986187,0.17525549804689433,0.2151008976759695,0.007142857142857143,0.11979865834643606,True,0.35083310757297426,0.17525549804689433,0.11979865834643606,0.4550421274354923
MEFV,-0.14178944353303713,0.03981952243945252,0.4094931552907042,0.07918526216427696,0.007142857142857143,0.11979865834643606,False,0.14178944353303713,0.4094931552907042,0.11979865834643606,0.4549104791995787
NKTR,-0.1688175573706019,0.0064341930527151,-0.353327018701016,1.0886762703542731e-09,0.007142857142857143,0.11979865834643606,True,0.1688175573706019,0.353327018701016,0.11979865834643606,0.454778830963665
MERTK,-0.21575173806593284,0.1533430923057739,-0.2899812796804113,0.05287344127857946,0.007142857142857143,0.11979865834643606,True,0.21575173806593284,0.2899812796804113,0.11979865834643606,0.4546471827277514
CNTNAP1,-0.5032322694478459,5.645866291131983e-05,0.1035707034318456,0.34727643233722777,0.007142857142857143,0.11979865834643606,False,0.5032322694478459,0.1035707034318456,0.11979865834643606,0.45425223802001047
PRICKLE1,-0.1036135365816051,0.5658755875186564,0.5083319261968136,0.00033137942768311405,0.007142857142857143,0.11979865834643606,False,0.1036135365816051,0.5083319261968136,0.11979865834643606,0.45398894154818326
DOCK10,-0.10702773591075143,0.548833550573927,0.49464543849995835,1.86627310733103e-09,0.007142857142857143,0.11979865834643606,False,0.10702773591075143,0.49464543849995835,0.11979865834643606,0.45372564507635593
LATS1,-0.18840604600282873,0.006387616168211514,-0.038677056227609086,0.5792106522546174,0.014285714285714285,0.3827710261184941,True,0.18840604600282873,0.038677056227609086,0.3827710261184941,0.4535939968404423
ITIH2,-0.03414047925384356,0.8901859632320791,0.7890558536762811,5.634865394045454e-15,0.007142857142857143,0.11979865834643606,False,0.03414047925384356,0.7890558536762811,0.11979865834643606,0.453330700368615
SNX13,-0.06508672057679021,0.3764125511262182,-0.6250238507084269,2.7868584651341794e-07,0.007142857142857143,0.11979865834643606,True,0.06508672057679021,0.6250238507084269,0.11979865834643606,0.453330700368615
IFT140,-0.16305547651843177,0.05835658520640457,-0.35912809536380763,5.797503067554874e-09,0.007142857142857143,0.11979865834643606,True,0.16305547651843177,0.35912809536380763,0.11979865834643606,0.4530674038967878
PAPOLA,-0.0936978437506486,0.38083927776447984,-0.13224083409778586,4.241520850025579e-06,0.014285714285714285,0.3827710261184941,True,0.0936978437506486,0.13224083409778586,0.3827710261184941,0.45293575566087413
NCOA6,0.05667857792408171,0.3954495279444924,-0.11854483177272712,0.020162855109120595,0.02142857142857143,0.7707690936040651,False,0.05667857792408171,0.11854483177272712,0.7707690936040651,0.45267245918904686
ZNF423,-0.5516497499294815,4.208160510903529e-05,0.09189093094621015,0.7055591307582291,0.007142857142857143,0.11979865834643606,False,0.5516497499294815,0.09189093094621015,0.11979865834643606,0.45267245918904686
MCC,-0.052329108740162056,0.5010245218251345,-0.12239306025173491,0.09279649178534005,0.02142857142857143,0.7707690936040651,True,0.052329108740162056,0.12239306025173491,0.7707690936040651,0.45227751448130593
SLC30A6,0.10528317837766821,0.16220749242539267,-0.4953645248884442,1.3672536937315028e-10,0.007142857142857143,0.11979865834643606,False,0.10528317837766821,0.4953645248884442,0.11979865834643606,0.45227751448130593
CRYBG3,-0.16084992717452806,0.00996421479530891,-0.3609955831582212,3.667766050495102e-21,0.007142857142857143,0.11979865834643606,True,0.16084992717452806,0.3609955831582212,0.11979865834643606,0.4521458662453923
RAB11FIP1,0.20737651152222192,0.17474262086444503,0.29357941680333965,2.184674473710258e-09,0.007142857142857143,0.11979865834643606,True,0.20737651152222192,0.29357941680333965,0.11979865834643606,0.4517509215376514
SYNE2,-0.024676966387598753,0.7578012214214236,0.1556430109388991,0.00019163807980213481,0.02142857142857143,0.7707690936040651,False,0.024676966387598753,0.1556430109388991,0.7707690936040651,0.45161927330173773
WTIP,-0.08307929216896426,0.5571901878304957,0.5655902967496687,0.023218243024390243,0.007142857142857143,0.11979865834643606,False,0.08307929216896426,0.5655902967496687,0.11979865834643606,0.45148762506582407
CREBBP,-0.4486015565236201,0.00034986771985673777,-0.11751892836427302,0.012065304953210808,0.007142857142857143,0.11979865834643606,True,0.4486015565236201,0.11751892836427302,0.11979865834643606,0.45148762506582407
MTOR,-0.11538909842781919,0.02819930194419428,0.10324843071900602,0.0024144030557099157,0.014285714285714285,0.3827710261184941,False,0.11538909842781919,0.10324843071900602,0.3827710261184941,0.45135597682991047
DLC1,-0.3977902434841578,0.00611911440498758,-0.13918086771189664,0.18639066917662445,0.007142857142857143,0.11979865834643606,True,0.3977902434841578,0.13918086771189664,0.11979865834643606,0.45135597682991047
ELMSAN1,0.06976056166480937,0.3413181283293623,0.10215433720653166,0.0460709033530946,0.02142857142857143,0.7707690936040651,True,0.06976056166480937,0.10215433720653166,0.7707690936040651,0.4512243285939968
FADS2,0.15070100370444628,0.41739937597874915,0.06654041028730617,0.5695706956012389,0.014285714285714285,0.3827710261184941,True,0.15070100370444628,0.06654041028730617,0.3827710261184941,0.4510926803580832
CD69,-0.05505269017585768,0.8467492388476102,0.6398696374962682,0.011390054954765255,0.007142857142857143,0.11979865834643606,False,0.05505269017585768,0.6398696374962682,0.11979865834643606,0.45096103212216954
PLCD1,-0.21975757963676124,0.0011789228982083473,0.27764359126615545,9.158608412270887e-06,0.007142857142857143,0.11979865834643606,False,0.21975757963676124,0.27764359126615545,0.11979865834643606,0.45096103212216954
SLC16A2,-0.5180038289448134,2.7198150909712504e-05,0.09490461137689366,0.8167533181464873,0.007142857142857143,0.11979865834643606,False,0.5180038289448134,0.09490461137689366,0.11979865834643606,0.4506977356503423
ACO2,-0.050927088758729866,0.5487542497890192,-0.6524678315936541,6.751941565977971e-19,0.007142857142857143,0.11979865834643606,True,0.050927088758729866,0.6524678315936541,0.11979865834643606,0.4506977356503422
CDHR5,1.2273101515936435,8.182289966017947e-06,0.01766418282414861,0.9315695924399024,0.007142857142857143,0.11979865834643606,True,1.2273101515936435,0.01766418282414861,0.11979865834643606,0.4506977356503422
F2,0.12257247983959796,0.6377667843284791,0.43927240385060173,1.254586737410548e-07,0.007142857142857143,0.11979865834643606,True,0.12257247983959796,0.43927240385060173,0.11979865834643606,0.45003949447077407
DAP3,0.19563563760677027,7.01890636209085e-05,-0.30458598455148334,8.355582922952184e-08,0.007142857142857143,0.11979865834643606,False,0.19563563760677027,0.30458598455148334,0.11979865834643606,0.45003949447077407
SNX7,0.3606910217491599,1.570243463569357e-07,0.15601410824875828,0.0005516847273480059,0.007142857142857143,0.11979865834643606,True,0.3606910217491599,0.15601410824875828,0.11979865834643606,0.44990784623486046
SPRY1,-0.25480413230626553,0.13725821758339746,0.2396382826404313,0.07651060518875928,0.007142857142857143,0.11979865834643606,False,0.25480413230626553,0.2396382826404313,0.11979865834643606,0.44990784623486035
PTGIS,-0.17310231062381654,0.382182760525186,0.33381425946824805,5.9153776426516045e-05,0.007142857142857143,0.11979865834643606,False,0.17310231062381654,0.33381425946824805,0.11979865834643606,0.44964454976303314
IRAK1,0.2852554977980528,3.85984336233887e-05,0.2139010963834842,0.005748445226899655,0.007142857142857143,0.11979865834643606,True,0.2852554977980528,0.2139010963834842,0.11979865834643606,0.44951290152711953
TMEM106B,0.33036156600375044,0.005543581154186215,0.17784261468840512,0.002137961150361794,0.007142857142857143,0.11979865834643606,True,0.33036156600375044,0.17784261468840512,0.11979865834643606,0.4493812532912058
ADD1,-0.16908045256741033,0.007036337658154963,-0.3373108728876133,2.1245177420461783e-15,0.007142857142857143,0.11979865834643606,True,0.16908045256741033,0.3373108728876133,0.11979865834643606,0.4493812532912058
C15orf39,0.09353493492966791,0.21566026088008106,-0.5206650385624272,0.02708622579485594,0.007142857142857143,0.11979865834643606,False,0.09353493492966791,0.5206650385624272,0.11979865834643606,0.4488546603475513
TET2,-0.09212203577432021,0.08162162075282442,0.5207898768608601,0.11535059666733806,0.007142857142857143,0.11979865834643606,False,0.09212203577432021,0.5207898768608601,0.11979865834643606,0.44845971563981046
DPH2,0.1210807022635727,0.08172295958236113,-0.43736113604445137,3.173732777436409e-10,0.007142857142857143,0.11979865834643606,False,0.1210807022635727,0.43736113604445137,0.11979865834643606,0.44806477093206953
RAB36,-0.22317964159684323,0.0009546933628943873,-0.2694323034377568,0.24218642695072445,0.007142857142857143,0.11979865834643606,True,0.22317964159684323,0.2694323034377568,0.11979865834643606,0.44806477093206953
MAP7D3,-0.1738962369154109,0.06733764170331308,0.04209045957929192,0.5701294422381726,0.014285714285714285,0.3827710261184941,False,0.1738962369154109,0.04209045957929192,0.3827710261184941,0.4480647709320695
RAI2,-0.7312414767721869,1.139360584494864e-08,0.05381118188049783,0.7546739520953935,0.007142857142857143,0.11979865834643606,False,0.7312414767721869,0.05381118188049783,0.11979865834643606,0.4476698262243286
ZNF148,0.022502209737645273,0.7934639559177628,-0.22015409173341638,2.9837225620187155e-10,0.014285714285714285,0.3827710261184941,False,0.022502209737645273,0.22015409173341638,0.3827710261184941,0.4472748815165877
RBM10,-0.07171425914206431,0.14271903601822106,-0.07770899890807215,0.0016160850242770905,0.04285714285714286,2.499001158180372,True,0.07171425914206431,0.07770899890807215,2.499001158180372,0.447143233280674
DHX38,-0.0011755620013982337,0.9767415727072306,0.25279218963073546,1.1819203017163702e-11,0.014285714285714285,0.3827710261184941,False,0.0011755620013982337,0.25279218963073546,0.3827710261184941,0.4470115850447604
CCDC137,0.3147536796103836,0.00013208374925228724,0.18645276921144216,0.15967418629654712,0.007142857142857143,0.11979865834643606,True,0.3147536796103836,0.18645276921144216,0.11979865834643606,0.44701158504476035
ZNF48,-0.10336857374261577,0.18829468761807996,-0.4803624722270108,5.0236911096119e-07,0.007142857142857143,0.11979865834643606,True,0.10336857374261577,0.4803624722270108,0.11979865834643606,0.44701158504476035
WIPF3,-0.9580596144493283,1.4692773022543822e-08,-0.0324055951104576,0.7849916110738782,0.007142857142857143,0.11979865834643606,True,0.9580596144493283,0.0324055951104576,0.11979865834643606,0.44687993680884674
FAM117B,-0.47850846918054657,0.0005415518096134779,-0.09881192101838465,0.5073203517188729,0.007142857142857143,0.11979865834643606,True,0.47850846918054657,0.09881192101838465,0.11979865834643606,0.44674828857293314
GPRIN1,0.9168213667338616,0.0002102579081367317,0.03782452557445026,0.6355183289474746,0.007142857142857143,0.11979865834643606,True,0.9168213667338616,0.03782452557445026,0.11979865834643606,0.44674828857293314
HSD17B11,0.4311949705144684,1.2798655503495199e-06,0.11557171506716202,0.17294431086599332,0.007142857142857143,0.11979865834643606,True,0.4311949705144684,0.11557171506716202,0.11979865834643606,0.44674828857293314
AAGAB,0.32123958842256073,4.493613693255738e-07,0.17974274002070345,0.0006447060830611921,0.007142857142857143,0.11979865834643606,True,0.32123958842256073,0.17974274002070345,0.11979865834643606,0.4466166403370194
KIAA1324L,-0.8972636979466841,1.3525193917290774e-08,0.039732522013526506,0.8236312409895143,0.007142857142857143,0.11979865834643606,False,0.8972636979466841,0.039732522013526506,0.11979865834643606,0.4466166403370194
P4HA3,0.8486872557531173,0.0057757352058233295,0.04236094068021856,0.8108750953948406,0.007142857142857143,0.11979865834643606,True,0.8486872557531173,0.04236094068021856,0.11979865834643606,0.4460900473933649
SLC34A2,-1.0333923731404155,0.0013116166341609924,0.0252370668538191,0.8898263724482046,0.007142857142857143,0.11979865834643606,False,1.0333923731404155,0.0252370668538191,0.11979865834643606,0.4460900473933649
POR,0.18331873396714293,0.016295900502429957,0.3088008181428208,2.11328330151397e-15,0.007142857142857143,0.11979865834643606,True,0.18331873396714293,0.3088008181428208,0.11979865834643606,0.4458267509215377
ATN1,-0.24042234859265577,0.016321458364950095,-0.2438215785443596,4.2603212952698185e-05,0.007142857142857143,0.11979865834643606,True,0.24042234859265577,0.2438215785443596,0.11979865834643606,0.44582675092153756
SRA1,0.1974768011376966,2.2974529785833837e-06,-0.29146791883488987,7.207345473847404e-09,0.007142857142857143,0.11979865834643606,False,0.1974768011376966,0.29146791883488987,0.11979865834643606,0.44582675092153756
GOSR1,-0.22516254602512653,0.0009827088210755113,0.26361812768937654,0.006359074565202067,0.007142857142857143,0.11979865834643606,False,0.22516254602512653,0.26361812768937654,0.11979865834643606,0.44582675092153756
NUP62,0.4021687038126789,1.850072333635366e-10,-0.12835389077769221,7.326274783254641e-05,0.007142857142857143,0.11979865834643606,False,0.4021687038126789,0.12835389077769221,0.11979865834643606,0.44556345444971035
TRIP12,0.143109377104512,0.0020670235761271077,0.3814535097336069,2.0350825532426043e-25,0.007142857142857143,0.11979865834643606,True,0.143109377104512,0.3814535097336069,0.11979865834643606,0.44556345444971035
P3H2,0.45409603872584725,0.014721948615297293,0.10453935377563184,0.39515934834232613,0.007142857142857143,0.11979865834643606,True,0.45409603872584725,0.10453935377563184,0.11979865834643606,0.445300157977883
RASGRP4,-0.14145919156150644,0.029526528028321883,0.3851388966881846,0.12954046690676665,0.007142857142857143,0.11979865834643606,False,0.14145919156150644,0.3851388966881846,0.11979865834643606,0.4450368615060558
RSL1D1,-0.1353059955044138,0.1048815298489568,-0.07232127200553151,0.2224583059539634,0.014285714285714285,0.3827710261184941,True,0.1353059955044138,0.07232127200553151,0.3827710261184941,0.44490521327014215
NAXD,-0.24959431995194947,0.0002019233517722581,-0.23347511783769548,0.0013597350835722688,0.007142857142857143,0.11979865834643606,True,0.24959431995194947,0.23347511783769548,0.11979865834643606,0.4446419167983149
NUP93,0.25991804914039207,8.726464366553988e-08,0.22400032763101052,2.571690522215685e-08,0.007142857142857143,0.11979865834643606,True,0.25991804914039207,0.22400032763101052,0.11979865834643606,0.4445102685624013
TRIM37,0.12199061382791321,0.04494027569607559,0.42024621031449527,0.04454594844459323,0.007142857142857143,0.11979865834643606,True,0.12199061382791321,0.42024621031449527,0.11979865834643606,0.44424697209057395
RPTOR,-0.2958010042351624,0.0003477101946328891,-0.19341160151651593,2.62191917392296e-07,0.007142857142857143,0.11979865834643606,True,0.2958010042351624,0.19341160151651593,0.11979865834643606,0.44424697209057395
B3GLCT,0.24180117459131978,0.0007046890276473473,0.23891655640941423,0.0003578704965535959,0.007142857142857143,0.11979865834643606,True,0.24180117459131978,0.23891655640941423,0.11979865834643606,0.44411532385466035
EIF3B,0.10938624148573517,0.1505780693014867,-0.455235659296779,1.8306217494162962e-14,0.007142857142857143,0.11979865834643606,False,0.10938624148573517,0.455235659296779,0.11979865834643606,0.4437203791469194
MPO,-0.0477076163694643,0.8613611606506227,0.6321122255911007,3.399788007993421e-08,0.007142857142857143,0.11979865834643606,False,0.0477076163694643,0.6321122255911007,0.11979865834643606,0.4431937862032649
CNIH4,0.8005212824663275,6.546361840463113e-12,-0.04339685892988854,0.6611773568757672,0.007142857142857143,0.11979865834643606,False,0.8005212824663275,0.04339685892988854,0.11979865834643606,0.4431937862032649
TANK,0.37901899932791316,6.187595970559811e-05,0.1339312120390055,0.0013021938927240643,0.007142857142857143,0.11979865834643606,True,0.37901899932791316,0.1339312120390055,0.11979865834643606,0.4431937862032648
LYST,-0.10205713566308638,0.20339708461158218,-0.049573693794769724,0.3691376798506332,0.02857142857142857,1.2631321245564464,True,0.10205713566308638,0.049573693794769724,1.2631321245564464,0.443127962085308
SMYD5,-0.05059747496388489,0.3798558978789421,-0.16236290850015678,0.0050696137466423215,0.014285714285714285,0.3827710261184941,True,0.05059747496388489,0.16236290850015678,0.3827710261184941,0.44279884149552395
LCP2,0.057702345431088986,0.7483474644701933,0.5997621631636783,2.9008997045024133e-11,0.007142857142857143,0.11979865834643606,True,0.057702345431088986,0.5997621631636783,0.11979865834643606,0.4418773038441285
YTHDC2,-0.195078359611788,0.0004671148432343216,-0.017891910612146233,0.6954125275699007,0.014285714285714285,0.3827710261184941,True,0.195078359611788,0.017891910612146233,0.3827710261184941,0.4417456556082148
CALM1,0.0679818316555938,0.30877503891297986,0.5675187204299981,5.826295084888116e-14,0.007142857142857143,0.11979865834643606,True,0.0679818316555938,0.5675187204299981,0.11979865834643606,0.44161400737230116
PARP12,0.39074282185795184,7.8295414911501e-06,-0.12496707006897623,0.020872028761558616,0.007142857142857143,0.11979865834643606,False,0.39074282185795184,0.12496707006897623,0.11979865834643606,0.44148235913638756
GRHL2,0.16765978429834405,0.5446473615544247,-0.32404296894736007,0.0006581161969837913,0.007142857142857143,0.11979865834643606,False,0.16765978429834405,0.32404296894736007,0.11979865834643606,0.44135071090047395
NEDD4,0.3275649686966311,0.001491735771867647,0.16186931585134445,0.0007278393971104916,0.007142857142857143,0.11979865834643606,True,0.3275649686966311,0.16186931585134445,0.11979865834643606,0.4405608214849921
ZMYM4,-0.16750994496497462,0.0005866405031194733,0.32246789385567354,6.54676514486917e-08,0.007142857142857143,0.11979865834643606,False,0.16750994496497462,0.32246789385567354,0.11979865834643606,0.4404291732490784
RBM47,0.09941265858207693,0.4455344896391121,-0.47019509239297363,2.140699201746073e-15,0.007142857142857143,0.11979865834643606,False,0.09941265858207693,0.47019509239297363,0.11979865834643606,0.44016587677725116
ZNF146,0.34506369205618626,3.355383635627127e-08,-0.15001138400264225,0.1482619528212376,0.007142857142857143,0.11979865834643606,False,0.34506369205618626,0.15001138400264225,0.11979865834643606,0.44003422854133756
PIAS4,-0.22783615107644195,0.004272710331146984,0.24677509587368363,0.008645448312500595,0.007142857142857143,0.11979865834643606,False,0.22783615107644195,0.24677509587368363,0.11979865834643606,0.44003422854133745
GFRA1,-1.328925281703409,8.563099028707016e-06,-0.0011159453811231401,0.9902197227304428,0.007142857142857143,0.11979865834643606,True,1.328925281703409,0.0011159453811231401,0.11979865834643606,0.43990258030542395
TRAK1,0.4644432594527643,8.384514735260845e-08,-0.09220232070850187,0.6730423658988478,0.007142857142857143,0.11979865834643606,False,0.4644432594527643,0.09220232070850187,0.11979865834643606,0.43963928383359663
LCP1,0.03198703635644762,0.8602359033252609,0.6879381326058116,2.121986486981562e-11,0.007142857142857143,0.11979865834643606,True,0.03198703635644762,0.6879381326058116,0.11979865834643606,0.43963928383359663
MOCOS,0.9860125057230693,2.1779058126957948e-08,-0.019356149505071585,0.9037820662457506,0.007142857142857143,0.11979865834643606,False,0.9860125057230693,0.019356149505071585,0.11979865834643606,0.4395076355976829
ARIH2,-0.33884035504926224,1.676113642306539e-08,0.15287893760183024,0.0012955788832810327,0.007142857142857143,0.11979865834643606,False,0.33884035504926224,0.15287893760183024,0.11979865834643606,0.4395076355976829
MON2,-0.29969958033390753,0.00246769186009233,-0.17742997560187135,0.0014290491839617447,0.007142857142857143,0.11979865834643606,True,0.29969958033390753,0.17742997560187135,0.11979865834643606,0.4393759873617693
INCENP,0.5090406328001151,1.767360680696188e-10,0.0793408265992035,0.392266835203297,0.007142857142857143,0.11979865834643606,True,0.5090406328001151,0.0793408265992035,0.11979865834643606,0.4392443391258557
RASGRP2,-0.2520741074948898,0.31808865655300606,0.2186879359303795,0.014590969083993655,0.007142857142857143,0.11979865834643606,False,0.2520741074948898,0.2186879359303795,0.11979865834643606,0.439112690889942
PTPRC,0.05555905689727858,0.766512426353862,0.5919135168192469,5.7320461992251267e-11,0.007142857142857143,0.11979865834643606,True,0.05555905689727858,0.5919135168192469,0.11979865834643606,0.43871774618220116
SLC25A10,-0.06989778343544728,0.6912515675095535,-0.5452676461509718,2.7209816655521254e-08,0.007142857142857143,0.11979865834643606,True,0.06989778343544728,0.5452676461509718,0.11979865834643606,0.43871774618220116
DCUN1D5,0.2179025003209336,0.027350087213128652,-0.2515971995689874,8.453493136721701e-06,0.007142857142857143,0.11979865834643606,False,0.2179025003209336,0.2515971995689874,0.11979865834643606,0.43858609794628745
MARK2,0.06639092289808524,0.4193513039352771,0.1382550877734552,1.045260928697928e-05,0.014285714285714285,0.3827710261184941,True,0.06639092289808524,0.1382550877734552,0.3827710261184941,0.43832280147446023
MYO10,-0.11547421816686132,0.3767091095579726,-0.08389965103709329,0.17364457469352407,0.014285714285714285,0.3827710261184941,True,0.11547421816686132,0.08389965103709329,0.3827710261184941,0.4381911532385466
FGFR1OP2,0.18030252508821398,0.05737905580732122,0.29508509787429205,1.6493510781471508e-06,0.007142857142857143,0.11979865834643606,True,0.18030252508821398,0.29508509787429205,0.11979865834643606,0.4381911532385465
ABCE1,0.09023255822873466,0.31344962957386413,-0.4834969496603101,2.507266566980175e-12,0.007142857142857143,0.11979865834643606,False,0.09023255822873466,0.4834969496603101,0.11979865834643606,0.437664560294892
KIF5B,0.32500906893902837,9.660528258617804e-06,0.15760660429280549,7.151217760026285e-11,0.007142857142857143,0.11979865834643606,True,0.32500906893902837,0.15760660429280549,0.11979865834643606,0.4375329120589784
TARS2,0.2341738849044841,1.0077481938268512e-06,-0.23382781779673323,1.2149185962395173e-05,0.007142857142857143,0.11979865834643606,False,0.2341738849044841,0.23382781779673323,0.11979865834643606,0.4375329120589784
BRF1,-0.4822358541042018,1.1108729247369064e-05,-0.08482679231728696,0.3256671556547726,0.007142857142857143,0.11979865834643606,True,0.4822358541042018,0.08482679231728696,0.11979865834643606,0.43740126382306477
LGI2,-1.1950608406880132,1.3848265071525202e-05,0.003990155307526777,0.9921929654786893,0.007142857142857143,0.11979865834643606,False,1.1950608406880132,0.003990155307526777,0.11979865834643606,0.43713796735123744
EXOC6,-0.21185385335652285,0.006279330057082577,-0.2556084100398053,2.2152712807543933e-07,0.007142857142857143,0.11979865834643606,True,0.21185385335652285,0.2556084100398053,0.11979865834643606,0.43713796735123744
JUNB,0.11025953568601743,0.5777964853478164,0.4234538808609294,7.341588760490467e-06,0.007142857142857143,0.11979865834643606,True,0.11025953568601743,0.4234538808609294,0.11979865834643606,0.43713796735123744
RAPGEF6,-0.11917594634319428,0.032529781670735995,-0.03577045834183323,0.3321012426967671,0.02142857142857143,0.7707690936040651,True,0.11917594634319428,0.03577045834183323,0.7707690936040651,0.43700631911532384
CCT8,0.12741096537644303,0.009517885677297732,0.06943529236262336,0.10146180041760239,0.014285714285714285,0.3827710261184941,True,0.12741096537644303,0.06943529236262336,0.3827710261184941,0.43687467087941023
RIN3,0.06040853907478905,0.7526400507809289,0.5689148465864307,1.0466644967057886e-13,0.007142857142857143,0.11979865834643606,True,0.06040853907478905,0.5689148465864307,0.11979865834643606,0.4367430226434965
VSIG4,-0.038589583098096014,0.8581636505356526,0.6360439662270743,2.374744518157103e-08,0.007142857142857143,0.11979865834643606,False,0.038589583098096014,0.6360439662270743,0.11979865834643606,0.4364797261716693
ANKRD16,-0.2992196410475696,1.1182583572731721e-06,-0.1705521367880145,0.11977959311045641,0.007142857142857143,0.11979865834643606,True,0.2992196410475696,0.1705521367880145,0.11979865834643606,0.436216429699842
CSTF2,0.49076517843829137,1.7369475939529978e-16,-0.08084843981303536,0.04514798563899331,0.007142857142857143,0.11979865834643606,False,0.49076517843829137,0.08084843981303536,0.11979865834643606,0.43595313322801477
PCYOX1L,-0.054523133457266226,0.3992633126120486,-0.5786126447118498,1.8572250962368626e-14,0.007142857142857143,0.11979865834643606,True,0.054523133457266226,0.5786126447118498,0.11979865834643606,0.43582148499210105
SLC8A1,-0.21689605100674925,0.1318724015459756,0.24821170431928863,0.15878336289570205,0.007142857142857143,0.11979865834643606,False,0.21689605100674925,0.24821170431928863,0.11979865834643606,0.43568983675618744
RFX3,-0.6002832860289757,2.5561043996719773e-08,0.0550933743080968,0.5014507290015987,0.007142857142857143,0.11979865834643606,False,0.6002832860289757,0.0550933743080968,0.11979865834643606,0.43555818852027384
GIMAP8,-0.6212088451933031,0.00019154201062588996,-0.051803883133906936,0.3878020335785117,0.007142857142857143,0.11979865834643606,True,0.6212088451933031,0.051803883133906936,0.11979865834643606,0.4352948920484465
ZBTB48,-0.2549638905763043,0.0006935466596981849,-0.20840893342717948,0.011277049221285943,0.007142857142857143,0.11979865834643606,True,0.2549638905763043,0.20840893342717948,0.11979865834643606,0.4352948920484465
BIRC3,0.9741926201352111,8.854810706919896e-06,0.015060075538904982,0.9127151794945964,0.007142857142857143,0.11979865834643606,True,0.9741926201352111,0.015060075538904982,0.11979865834643606,0.4352948920484465
RHOT1,-0.06087363116444244,0.26996187182396436,-0.561154124209029,5.927308009594394e-16,0.007142857142857143,0.11979865834643606,True,0.06087363116444244,0.561154124209029,0.11979865834643606,0.4352948920484465
MOB4,0.47740929584952063,1.50451043345352e-05,0.08380718500590945,0.013347573751352853,0.007142857142857143,0.11979865834643606,True,0.47740929584952063,0.08380718500590945,0.11979865834643606,0.4352948920484465
EIF5B,0.09600322825954599,0.32379227496657353,-0.4606736110021359,3.991115249788995e-10,0.007142857142857143,0.11979865834643606,False,0.09600322825954599,0.4606736110021359,0.11979865834643606,0.4351632438125329
PLCH1,0.24851107018882246,0.12098437914597286,-0.21147609230599684,0.059911906723438886,0.007142857142857143,0.11979865834643606,False,0.24851107018882246,0.21147609230599684,0.11979865834643606,0.43424170616113744
LRRC47,-0.2501124822317262,0.00046387965251244495,-0.21110441163181903,1.69641962708443e-06,0.007142857142857143,0.11979865834643606,True,0.2501124822317262,0.21110441163181903,0.11979865834643606,0.43424170616113744
SHC4,0.08775782192705606,0.6935188830236946,-0.47354826794238214,0.06883087809165606,0.007142857142857143,0.11979865834643606,False,0.08775782192705606,0.47354826794238214,0.11979865834643606,0.43424170616113744
RIC8A,0.12228968843224841,0.005343352532171264,0.39426951735539717,2.015343498373856e-17,0.007142857142857143,0.11979865834643606,True,0.12228968843224841,0.39426951735539717,0.11979865834643606,0.4341100579252237
SLMAP,0.34761747003136634,2.8246517966107014e-07,0.13822527926701156,0.012879351063721763,0.007142857142857143,0.11979865834643606,True,0.34761747003136634,0.13822527926701156,0.11979865834643606,0.4339784096893101
FTSJ1,0.42852206840697704,3.4109513228678527e-10,-0.09657001376386987,0.07629858185731171,0.007142857142857143,0.11979865834643606,False,0.42852206840697704,0.09657001376386987,0.11979865834643606,0.4339784096893101
CDK5RAP2,-0.027154852505628213,0.559966327931336,-0.18357352235206648,0.0012302249546011358,0.014285714285714285,0.3827710261184941,True,0.027154852505628213,0.18357352235206648,0.3827710261184941,0.4338467614533965
FERMT2,0.07175419076757983,0.5462568819676556,0.5182251361595824,5.6003584541995965e-18,0.007142857142857143,0.11979865834643606,True,0.07175419076757983,0.5182251361595824,0.11979865834643606,0.4338467614533965
DCP2,0.1787574755500856,0.02081631416954846,0.2873224679533841,1.3922264838816025e-06,0.007142857142857143,0.11979865834643606,True,0.1787574755500856,0.2873224679533841,0.11979865834643606,0.4335834649815692
RRP8,-0.1309118849319546,0.0024327341517448825,-0.37184345707233035,2.7977004135541844e-10,0.007142857142857143,0.11979865834643606,True,0.1309118849319546,0.37184345707233035,0.11979865834643606,0.4334518167456556
RIC8B,-0.5581619839702956,2.3782706796756964e-10,-0.06275321505453846,0.65997220171996,0.007142857142857143,0.11979865834643606,True,0.5581619839702956,0.06275321505453846,0.11979865834643606,0.433320168509742
ZC3H6,-0.3403482424615536,0.00041288252730361787,-0.1392685242309284,0.36580321927550313,0.007142857142857143,0.11979865834643606,True,0.3403482424615536,0.1392685242309284,0.11979865834643606,0.4325302790942601
COPS5,0.2679157312644964,3.485181227142333e-10,0.19068383235786968,0.0014002266006809575,0.007142857142857143,0.11979865834643606,True,0.2679157312644964,0.19068383235786968,0.11979865834643606,0.4323986308583465
FOLH1,0.8022507736326228,0.00028236244252139055,-0.029926125919761404,0.7108343362330372,0.007142857142857143,0.11979865834643606,False,0.8022507736326228,0.029926125919761404,0.11979865834643606,0.4323986308583465
IRF3,0.24047665160427378,0.0004969585662787221,0.21620024850703246,0.0001149550350420471,0.007142857142857143,0.11979865834643606,True,0.24047665160427378,0.21620024850703246,0.11979865834643606,0.4323986308583464
ACIN1,-0.07612701569875036,0.1324372341509116,-0.058999117077775054,0.05045181433617701,0.02857142857142857,1.2631321245564464,True,0.07612701569875036,0.058999117077775054,1.2631321245564464,0.432201158504476
AGAP3,-0.106077318066232,0.13949440700909896,-0.41922115789256864,1.9484678935154812e-12,0.007142857142857143,0.11979865834643606,True,0.106077318066232,0.41922115789256864,0.11979865834643606,0.4321353343865192
TLE3,0.25176130666534746,0.0005296707305770653,0.20533024104274133,1.7084804253303375e-07,0.007142857142857143,0.11979865834643606,True,0.25176130666534746,0.20533024104274133,0.11979865834643606,0.4320036861506056
KLHL29,-0.12611679298903944,0.2990919194447486,-0.06325058925618166,0.726108538668594,0.014285714285714285,0.3827710261184941,True,0.12611679298903944,0.06325058925618166,0.3827710261184941,0.431872037914692
POLDIP3,-0.2136730209999005,7.184113396905543e-05,0.24370672821822126,1.3809204368273333e-05,0.007142857142857143,0.11979865834643606,False,0.2136730209999005,0.24370672821822126,0.11979865834643606,0.43187203791469186
CDK16,0.2646478371744525,4.649644810640143e-06,0.19097919690046083,0.004064092540419951,0.007142857142857143,0.11979865834643606,True,0.2646478371744525,0.19097919690046083,0.11979865834643606,0.43160874144286465
ATP13A3,0.19477295922824567,0.03484656221991233,0.2665621275497152,0.001969540549387496,0.007142857142857143,0.11979865834643606,True,0.19477295922824567,0.2665621275497152,0.11979865834643606,0.43134544497103733
PITHD1,-0.08052631520959785,0.05500303260204673,0.4813644174694751,2.688135320839301e-08,0.007142857142857143,0.11979865834643606,False,0.08052631520959785,0.4813644174694751,0.11979865834643606,0.4310821484992101
DCTN5,0.15870702613376153,0.001041426374607621,-0.31479524529268943,2.9411185135039274e-08,0.007142857142857143,0.11979865834643606,False,0.15870702613376153,0.31479524529268943,0.11979865834643606,0.4309505002632964
DOCK4,-0.2456688943336669,0.020116462696659874,0.2081448504876633,0.00024675893854745256,0.007142857142857143,0.11979865834643606,False,0.2456688943336669,0.2081448504876633,0.11979865834643606,0.43055555555555547
FSD1,0.8487714300933349,0.005817680324866141,0.02240986670808809,0.8816367502480663,0.007142857142857143,0.11979865834643606,True,0.8487714300933349,0.02240986670808809,0.11979865834643606,0.43042390731964186
CRMP1,-0.501700674798089,0.003956185918620707,0.0697880817141261,0.4035997021245386,0.007142857142857143,0.11979865834643606,False,0.501700674798089,0.0697880817141261,0.11979865834643606,0.43016061084781465
ZNF644,-0.003078864461192765,0.9628146617079515,-0.14757911542069735,0.08696399976858807,0.02142857142857143,0.7707690936040651,True,0.003078864461192765,0.14757911542069735,0.7707690936040651,0.4298973143759873
PARP1,-0.1362847300967438,0.10467612318368229,-0.3501450674290041,2.086174363653284e-10,0.007142857142857143,0.11979865834643606,True,0.1362847300967438,0.3501450674290041,0.11979865834643606,0.42963401790416
TOB1,0.03175375263760216,0.8996606445538449,-0.6298167611646797,0.03363476908181093,0.007142857142857143,0.11979865834643606,False,0.03175375263760216,0.6298167611646797,0.11979865834643606,0.4293707214323328
ERG,-0.3991448407324061,0.02624483808497452,0.10299966271515615,0.4965892502635731,0.007142857142857143,0.11979865834643606,False,0.3991448407324061,0.10299966271515615,0.11979865834643606,0.4293707214323328
GUCY2F,0.13925737394796722,0.3781657205036236,0.3417572599970704,0.2338989782648223,0.007142857142857143,0.11979865834643606,True,0.13925737394796722,0.3417572599970704,0.11979865834643606,0.4293707214323328
ATL2,0.2719552898135884,0.0005732205138414092,-0.18115344425196156,0.00175157113876435,0.007142857142857143,0.11979865834643606,False,0.2719552898135884,0.18115344425196156,0.11979865834643606,0.4292390731964192
SMARCA4,0.10115309237442283,0.11884590789254133,0.08679928464622222,0.02903713887637732,0.014285714285714285,0.3827710261184941,True,0.10115309237442283,0.08679928464622222,0.3827710261184941,0.4291074249605055
AKT2,-0.1279915432427554,0.02478674628054102,0.36051121831940236,3.601319337069093e-08,0.007142857142857143,0.11979865834643606,False,0.1279915432427554,0.36051121831940236,0.11979865834643606,0.42897577672459186
TRAF3IP3,-0.09431150635180963,0.6691867206106661,0.4375497102872927,0.00015904032224671254,0.007142857142857143,0.11979865834643606,False,0.09431150635180963,0.4375497102872927,0.11979865834643606,0.42858083201685093
ZFYVE19,0.2010258846189945,0.004729873379654314,0.25058126749171805,7.053489282466955e-06,0.007142857142857143,0.11979865834643606,True,0.2010258846189945,0.25058126749171805,0.11979865834643606,0.4284491837809373
TRMT2B,-0.14106378937210096,0.010864353473422085,-0.33575408779343263,0.1191574961356494,0.007142857142857143,0.11979865834643606,True,0.14106378937210096,0.33575408779343263,0.11979865834643606,0.4283175355450236
VCAM1,-0.08320919660591919,0.5265545715662142,0.46534661384217557,8.238744135216246e-09,0.007142857142857143,0.11979865834643606,False,0.08320919660591919,0.46534661384217557,0.11979865834643606,0.4280542390731964
GIGYF2,-0.14420338081709438,0.025437715992882172,-0.3282873885230906,1.1394745498731918e-10,0.007142857142857143,0.11979865834643606,True,0.14420338081709438,0.3282873885230906,0.11979865834643606,0.4280542390731964
CHIT1,0.07364150509384171,0.907255937734522,0.485199581601897,9.278024157089586e-05,0.007142857142857143,0.11979865834643606,True,0.07364150509384171,0.485199581601897,0.11979865834643606,0.4279225908372828
CDC40,-0.23303417734679677,0.00012037727037717977,-0.2148456593016732,4.607742539229554e-10,0.007142857142857143,0.11979865834643606,True,0.23303417734679677,0.2148456593016732,0.11979865834643606,0.4277909426013691
COX7A2L,0.03379113724053795,0.43307128580932236,-0.6139444603380291,6.284424456894041e-12,0.007142857142857143,0.11979865834643606,False,0.03379113724053795,0.6139444603380291,0.11979865834643606,0.42765929436545547
SARS2,-0.06649403196603743,0.42758550058534456,-0.5068460918031228,1.896340093204722e-16,0.007142857142857143,0.11979865834643606,True,0.06649403196603743,0.5068460918031228,0.11979865834643606,0.42752764612954186
TMX2,0.10766178516535696,0.012812260303646973,-0.4039056020643663,8.620031955370479e-06,0.007142857142857143,0.11979865834643606,False,0.10766178516535696,0.4039056020643663,0.11979865834643606,0.42752764612954186
PIK3R6,0.1901263922322407,0.31457483781391427,-0.004777588912510566,0.9829013995388463,0.014285714285714285,0.3827710261184941,False,0.1901263922322407,0.004777588912510566,0.3827710261184941,0.42752764612954186
KLF4,0.0958172462738105,0.6516044643156443,0.4292566389585133,0.0010883890159161197,0.007142857142857143,0.11979865834643606,True,0.0958172462738105,0.4292566389585133,0.11979865834643606,0.42726434965771454
KIF5C,-0.9822070107095175,0.0005731694361255707,-0.0053755442503806705,0.9552557863051446,0.007142857142857143,0.11979865834643606,True,0.9822070107095175,0.0053755442503806705,0.11979865834643606,0.42726434965771454
FEZ2,0.2981913168466459,0.003997050441602765,0.1547705514751918,0.0887166984288234,0.007142857142857143,0.11979865834643606,True,0.2981913168466459,0.1547705514751918,0.11979865834643606,0.42713270142180093
CCT6A,0.3379504910276925,1.4284746289229514e-09,0.13337728670094862,0.015082226331704926,0.007142857142857143,0.11979865834643606,True,0.3379504910276925,0.13337728670094862,0.11979865834643606,0.4270010531858873
SRP54,0.02415344214763948,0.777345856623705,-0.6323762501971437,1.7779509797808764e-09,0.007142857142857143,0.11979865834643606,False,0.02415344214763948,0.6323762501971437,0.11979865834643606,0.4268694049499737
DIXDC1,-0.3825364257082118,0.0004072442020547165,-0.1047711430884668,0.4330259586986098,0.007142857142857143,0.11979865834643606,True,0.3825364257082118,0.1047711430884668,0.11979865834643606,0.42673775671406
SLC45A1,-0.10197988702737515,0.5762583906713862,0.4110731345965597,0.46982116727878154,0.007142857142857143,0.11979865834643606,False,0.10197988702737515,0.4110731345965597,0.11979865834643606,0.42634281200631907
SDHC,0.06495027156130284,0.3109727168796773,-0.5065785334845714,3.1537549476159525e-05,0.007142857142857143,0.11979865834643606,False,0.06495027156130284,0.5065785334845714,0.11979865834643606,0.42634281200631907
SIRPA,-0.16354987894128747,0.07321197288360214,0.294816187939702,8.471637117107923e-05,0.007142857142857143,0.11979865834643606,False,0.16354987894128747,0.294816187939702,0.11979865834643606,0.42621116377040547
MAVS,-0.40639759272271725,1.6303549981324388e-06,-0.09496871695819564,0.024582588988627512,0.007142857142857143,0.11979865834643606,True,0.40639759272271725,0.09496871695819564,0.11979865834643606,0.42621116377040547
RB1,0.23614423201834533,0.0029802442142504103,0.20803957515454385,8.804902491968879e-06,0.007142857142857143,0.11979865834643606,True,0.23614423201834533,0.20803957515454385,0.11979865834643606,0.42607951553449175
BRD4,-0.28428496768166767,0.005728727803696779,0.16057134921033978,9.437717085594309e-07,0.007142857142857143,0.11979865834643606,False,0.28428496768166767,0.16057134921033978,0.11979865834643606,0.4255529225908372
SPTBN2,0.12120822611423421,0.5010506657624176,-0.3656174205082472,3.7311568627823644e-08,0.007142857142857143,0.11979865834643606,False,0.12120822611423421,0.3656174205082472,0.11979865834643606,0.4255529225908372
RASGRP3,-0.3117015566149437,0.005133506411393982,0.1442441438529798,0.6311810135544464,0.007142857142857143,0.11979865834643606,False,0.3117015566149437,0.1442441438529798,0.11979865834643606,0.42528962611901
FASTKD1,0.051355546792022366,0.5270636191435175,-0.5352492922724146,1.4134946984682782e-05,0.007142857142857143,0.11979865834643606,False,0.051355546792022366,0.5352492922724146,0.11979865834643606,0.42476303317535535
TRAF7,0.26666999463451724,0.000794462729759568,0.1744293155637422,0.010346188627788529,0.007142857142857143,0.11979865834643606,True,0.26666999463451724,0.1744293155637422,0.11979865834643606,0.42449973670352814
ARRB1,-0.8030299980556279,3.6843435499666505e-11,0.018369652448189555,0.6721364197019369,0.007142857142857143,0.11979865834643606,False,0.8030299980556279,0.018369652448189555,0.11979865834643606,0.42436808846761453
CASP7,0.27903796197295705,0.0013017620620377128,0.16184473776091934,0.01092671981685972,0.007142857142857143,0.11979865834643606,True,0.27903796197295705,0.16184473776091934,0.11979865834643606,0.42384149552396
PTDSS1,-0.004597500548186417,0.9290871846290583,-0.708450154749098,6.6377357812229775e-09,0.007142857142857143,0.11979865834643606,True,0.004597500548186417,0.708450154749098,0.11979865834643606,0.4237098472880463
BACE2,0.4108026740467121,0.00020001996578859535,0.08886575483224846,0.5696935345451374,0.007142857142857143,0.11979865834643606,True,0.4108026740467121,0.08886575483224846,0.11979865834643606,0.4235781990521327
ABCA1,0.18594258790457374,0.05255389870393015,0.2599956349344197,0.07011320736708881,0.007142857142857143,0.11979865834643606,True,0.18594258790457374,0.2599956349344197,0.11979865834643606,0.42344655081621907
OSBPL1A,-0.16142018569977168,0.05617907411576969,-0.021322164631133234,0.5943545414424966,0.014285714285714285,0.3827710261184941,True,0.16142018569977168,0.021322164631133234,0.3827710261184941,0.42344655081621907
DUSP6,0.8724970333931648,4.429197289729271e-08,-0.010872220623266315,0.9484911664084754,0.007142857142857143,0.11979865834643606,False,0.8724970333931648,0.010872220623266315,0.11979865834643606,0.42344655081621896
PLXNA1,0.5003107952204235,2.2894250344872138e-08,0.06077036521515922,0.29465141515681514,0.007142857142857143,0.11979865834643606,True,0.5003107952204235,0.06077036521515922,0.11979865834643606,0.42331490258030535
YIPF5,0.2506279499478872,0.00428857948885155,0.1861527657188482,0.08587313605424014,0.007142857142857143,0.11979865834643606,True,0.2506279499478872,0.1861527657188482,0.11979865834643606,0.42318325434439175
MIER1,0.2712538079953202,0.01002051324426551,0.16750020756063577,0.001353697191908918,0.007142857142857143,0.11979865834643606,True,0.2712538079953202,0.16750020756063577,0.11979865834643606,0.42305160610847814
ARHGAP25,0.012096631842778649,0.947888113029732,0.6738621530606821,1.1969409513712945e-11,0.007142857142857143,0.11979865834643606,True,0.012096631842778649,0.6738621530606821,0.11979865834643606,0.42305160610847814
KDM1A,0.09069378670779571,0.03836473137365157,-0.08805182202870654,0.0024425841788661942,0.014285714285714285,0.3827710261184941,False,0.09069378670779571,0.08805182202870654,0.3827710261184941,0.42291995787256453
PTGS1,-0.0041942433083175246,0.9765712716086082,0.7050164695933674,4.7932446532147086e-20,0.007142857142857143,0.11979865834643606,False,0.0041942433083175246,0.7050164695933674,0.11979865834643606,0.4229199578725644
WDR59,-0.27413212289320654,0.00025699550743384656,-0.16446879269681247,0.00045941446635279194,0.007142857142857143,0.11979865834643606,True,0.27413212289320654,0.16446879269681247,0.11979865834643606,0.4226566614007372
TTC39B,0.19068109826920576,0.010322033358629804,0.2507740223883985,0.0003954339712042166,0.007142857142857143,0.11979865834643606,True,0.19068109826920576,0.2507740223883985,0.11979865834643606,0.4225250131648236
LRP10,0.28186071383361266,8.681496148689279e-05,0.15733809770188856,0.2243653830812188,0.007142857142857143,0.11979865834643606,True,0.28186071383361266,0.15733809770188856,0.11979865834643606,0.4223933649289099
GFOD1,-0.17539137653640324,0.3119438423553165,0.27008125264173444,0.2869521889848042,0.007142857142857143,0.11979865834643606,False,0.17539137653640324,0.27008125264173444,0.11979865834643606,0.4222617166929963
FLOT2,0.1568605317383458,0.03205171101034964,0.2976218014061409,1.975947311191264e-05,0.007142857142857143,0.11979865834643606,True,0.1568605317383458,0.2976218014061409,0.11979865834643606,0.4221300684570827
EXTL3,-0.32800847928971777,5.755590514393298e-10,0.13042855192914615,0.5851119689171368,0.007142857142857143,0.11979865834643606,False,0.32800847928971777,0.13042855192914615,0.11979865834643606,0.42186677198525535
INTS7,0.10852849906529727,0.05201764186498576,0.06740057094988217,0.1983479825184509,0.014285714285714285,0.3827710261184941,True,0.10852849906529727,0.06740057094988217,0.3827710261184941,0.42160347551342814
JMJD8,-0.14099573411300526,0.04490107248783395,-0.3225684312162649,1.9401188411689865e-05,0.007142857142857143,0.11979865834643606,True,0.14099573411300526,0.3225684312162649,0.11979865834643606,0.42160347551342814
C19orf47,0.12835921178614296,0.03349550380163332,0.3423165573091431,0.001160976066618605,0.007142857142857143,0.11979865834643606,True,0.12835921178614296,0.3423165573091431,0.11979865834643606,0.4214718272775144
BRCA1,0.7227657057362222,5.2518226306189534e-15,-0.022838565211962703,0.9447941538434265,0.007142857142857143,0.11979865834643606,False,0.7227657057362222,0.022838565211962703,0.11979865834643606,0.4213401790416008
TUBGCP5,-0.27615797992283575,0.0006635871563846607,-0.15895944586704047,0.050022438825727114,0.007142857142857143,0.11979865834643606,True,0.27615797992283575,0.15895944586704047,0.11979865834643606,0.4213401790416008
CYTH4,-0.12464039115018721,0.546086406062622,0.3457471748227725,0.0008231016970327978,0.007142857142857143,0.11979865834643606,False,0.12464039115018721,0.3457471748227725,0.11979865834643606,0.4208135860979463
KRT8,0.5997619226556825,0.007531669375240595,-0.03878019375622799,0.49774094059648955,0.007142857142857143,0.11979865834643606,False,0.5997619226556825,0.03878019375622799,0.11979865834643606,0.42055028962611896
MRM2,0.16693629042382696,0.001345343578196337,0.27785610214698764,0.016805797674468947,0.007142857142857143,0.11979865834643606,True,0.16693629042382696,0.27785610214698764,0.11979865834643606,0.42055028962611896
GOLGB1,-0.07810950835702357,0.36198307890513004,-0.4488428901438226,5.156847052909262e-12,0.007142857142857143,0.11979865834643606,True,0.07810950835702357,0.4488428901438226,0.11979865834643606,0.42041864139020535
PDZD11,0.42043915703099266,8.654911185309203e-11,-0.08234202289800407,0.05468054026134088,0.007142857142857143,0.11979865834643606,False,0.42043915703099266,0.08234202289800407,0.11979865834643606,0.42041864139020535
UBXN7,-0.1356912421967067,0.04296557090957446,-0.3264256699415746,1.6950038285554322e-12,0.007142857142857143,0.11979865834643606,True,0.1356912421967067,0.3264256699415746,0.11979865834643606,0.4198920484465508
SPPL2B,-0.43034102110208394,0.00101770405078361,0.07382344847566102,0.5077186934887434,0.007142857142857143,0.11979865834643606,False,0.43034102110208394,0.07382344847566102,0.11979865834643606,0.4197604002106371
EVC,-0.3707140518406238,0.00126026411388096,0.0996049000689645,0.36491810839972266,0.007142857142857143,0.11979865834643606,False,0.3707140518406238,0.0996049000689645,0.11979865834643606,0.4196287519747235
TATDN1,0.007249630532419005,0.9350586429609736,-0.6718703960602745,1.875408960483057e-11,0.007142857142857143,0.11979865834643606,False,0.007249630532419005,0.6718703960602745,0.11979865834643606,0.4193654555028963
EIF2B5,0.13673357825582322,0.0004857365705982608,-0.32410164093915483,1.583131238181884e-09,0.007142857142857143,0.11979865834643606,False,0.13673357825582322,0.32410164093915483,0.11979865834643606,0.41936545550289617
FBXL2,0.1358935397477179,0.06171394355598644,-0.3245792516588164,0.1612753915650465,0.007142857142857143,0.11979865834643606,False,0.1358935397477179,0.3245792516588164,0.11979865834643606,0.41910215903106895
GATA6,-0.5207478610198493,0.0004432401828227248,0.05096763844936447,0.6738733975887714,0.007142857142857143,0.11979865834643606,False,0.5207478610198493,0.05096763844936447,0.11979865834643606,0.41910215903106895
LAMA5,0.16068609032033976,0.25800387512397804,-0.28547311239765705,3.166854494031218e-08,0.007142857142857143,0.11979865834643606,False,0.16068609032033976,0.28547311239765705,0.11979865834643606,0.41883886255924163
FMNL1,-0.0003156544424705032,0.9983616725705742,0.7004569683997417,2.190846337077442e-16,0.007142857142857143,0.11979865834643606,False,0.0003156544424705032,0.7004569683997417,0.11979865834643606,0.4185755660874144
LYAR,0.6595385817276274,2.1058976416346304e-07,-0.026627128715581705,0.5608693660668993,0.007142857142857143,0.11979865834643606,False,0.6595385817276274,0.026627128715581705,0.11979865834643606,0.4184439178515008
LILRB4,0.36199577630220503,0.0977005821721238,0.10272528512275514,0.6560125330384922,0.007142857142857143,0.11979865834643606,True,0.36199577630220503,0.10272528512275514,0.11979865834643606,0.41804897314375977
SETD2,-0.3817003562757897,6.431057434046873e-06,-0.09203746263849766,0.092383334441322,0.007142857142857143,0.11979865834643606,True,0.3817003562757897,0.09203746263849766,0.11979865834643606,0.41791732490784617
BID,0.6018735645225721,3.6963632372711364e-07,0.03430072691752173,0.5778737155582736,0.007142857142857143,0.11979865834643606,True,0.6018735645225721,0.03430072691752173,0.11979865834643606,0.41791732490784617
EVA1B,0.33409667165843615,0.09867969138176343,-0.1199382834738465,0.35537120405349765,0.007142857142857143,0.11979865834643606,False,0.33409667165843615,0.1199382834738465,0.11979865834643606,0.41778567667193256
TSHZ2,-0.122488241051661,0.4244565946440928,0.34310264692874526,0.04514113215369538,0.007142857142857143,0.11979865834643606,False,0.122488241051661,0.34310264692874526,0.11979865834643606,0.41765402843601895
RTN3,-0.1488992504879576,0.05850320470597514,0.30076260538156774,0.0003355366846372621,0.007142857142857143,0.11979865834643606,False,0.1488992504879576,0.30076260538156774,0.11979865834643606,0.41765402843601895
CC2D1A,-0.3608217159742466,0.005911603191544439,-0.10259131413481626,0.035749069774370534,0.007142857142857143,0.11979865834643606,True,0.3608217159742466,0.10259131413481626,0.11979865834643606,0.41739073196419163
TTC28,-0.8051387173494113,9.22283144347553e-11,0.009493109678469835,0.8665184253737278,0.007142857142857143,0.11979865834643606,False,0.8051387173494113,0.009493109678469835,0.11979865834643606,0.417259083728278
POLG,0.1118106069760465,0.007021068757960665,-0.3609819648857133,4.338720181998502e-08,0.007142857142857143,0.11979865834643606,False,0.1118106069760465,0.3609819648857133,0.11979865834643606,0.4171274354923644
ATP6V0A2,-0.06398734504939618,0.2377670539792938,-0.10518180828417201,0.22079527313382633,0.014285714285714285,0.3827710261184941,True,0.06398734504939618,0.10518180828417201,0.3827710261184941,0.41699578725645076
ADGRL2,-0.3768536089888723,4.284723594362785e-05,-0.09262995283413389,0.2671042636697326,0.007142857142857143,0.11979865834643606,True,0.3768536089888723,0.09262995283413389,0.11979865834643606,0.4169957872564507
TRAPPC9,-0.2249087363376212,0.005228441849104973,0.2015050439964483,1.5571927667848542e-07,0.007142857142857143,0.11979865834643606,False,0.2249087363376212,0.2015050439964483,0.11979865834643606,0.4167324907846235
CSDE1,-0.16368490344169473,0.028692606122209016,-0.27321458751481487,2.215288481365263e-11,0.007142857142857143,0.11979865834643606,True,0.16368490344169473,0.27321458751481487,0.11979865834643606,0.41660084254870977
KAT8,-0.19690427028434598,4.350548293265979e-06,-0.2310091754432797,2.1677174338977648e-05,0.007142857142857143,0.11979865834643606,True,0.19690427028434598,0.2310091754432797,0.11979865834643606,0.41607424960505524
TECPR1,-0.10116168016132399,0.061588927566030294,-0.06778228355549487,0.07737916668589276,0.014285714285714285,0.3827710261184941,True,0.10116168016132399,0.06778228355549487,0.3827710261184941,0.41594260136914163
LRP1,-0.06652151241837423,0.6715267731747797,0.4630110254373072,4.703791917464386e-14,0.007142857142857143,0.11979865834643606,False,0.06652151241837423,0.4630110254373072,0.11979865834643606,0.41594260136914163
SLC23A2,-0.49798361665603963,8.019890447673851e-11,-0.0514125113244841,0.890681159066211,0.007142857142857143,0.11979865834643606,True,0.49798361665603963,0.0514125113244841,0.11979865834643606,0.4154160084254871
CD22,0.09183912883367196,0.7834260379009003,-0.4024897123111195,0.2913720769038477,0.007142857142857143,0.11979865834643606,False,0.09183912883367196,0.4024897123111195,0.11979865834643606,0.4154160084254871
SEC23IP,0.21385966952803592,7.133470330740798e-05,-0.20979538462369618,1.0340080762765888e-07,0.007142857142857143,0.11979865834643606,False,0.21385966952803592,0.20979538462369618,0.11979865834643606,0.41502106371774616
ITGAX,-0.02380713814670976,0.9052152151435093,0.5904147032551315,3.232029530896501e-10,0.007142857142857143,0.11979865834643606,False,0.02380713814670976,0.5904147032551315,0.11979865834643606,0.41502106371774616
SIGLEC10,0.24525762841338583,0.19258704579441402,0.17011840075537066,0.3658315265126719,0.007142857142857143,0.11979865834643606,True,0.24525762841338583,0.17011840075537066,0.11979865834643606,0.4143628225381779
INTU,0.06307701047307646,0.32316939998160354,0.46511859050521487,0.3405642668871466,0.007142857142857143,0.11979865834643606,True,0.06307701047307646,0.46511859050521487,0.11979865834643606,0.4142311743022643
SEMA3B,-0.16717104588952658,0.32118122219056755,-0.2656746593460788,0.0022706137662789304,0.007142857142857143,0.11979865834643606,True,0.16717104588952658,0.2656746593460788,0.11979865834643606,0.4140995260663507
SUPT3H,-0.1356685558825994,0.10717925092542653,-0.3115782810804113,0.009586333756767205,0.007142857142857143,0.11979865834643606,True,0.1356685558825994,0.3115782810804113,0.11979865834643606,0.41370458135860977
TBC1D25,-0.15399935898691552,0.005293429002712879,-0.014945130767834769,0.8895753575103779,0.014285714285714285,0.3827710261184941,True,0.15399935898691552,0.014945130767834769,0.3827710261184941,0.41370458135860977
TNFAIP2,-0.04127658266647671,0.8017204623315888,0.5239803024301004,2.7554025061414167e-13,0.007142857142857143,0.11979865834643606,False,0.04127658266647671,0.5239803024301004,0.11979865834643606,0.41344128488678245
PTPRM,-0.2559727499793496,0.0006788961077382415,-0.15734463555082812,0.02068801230789399,0.007142857142857143,0.11979865834643606,True,0.2559727499793496,0.15734463555082812,0.11979865834643606,0.41344128488678245
CSE1L,0.22699566408307348,0.00011034742570186753,0.19000678178776553,6.862632646814752e-06,0.007142857142857143,0.11979865834643606,True,0.22699566408307348,0.19000678178776553,0.11979865834643606,0.41330963665086884
SUPV3L1,0.04663682671942482,0.18712608372287798,-0.5060970699549721,3.264930982362933e-14,0.007142857142857143,0.11979865834643606,False,0.04663682671942482,0.5060970699549721,0.11979865834643606,0.41317798841495523
ZHX1,-0.14702777057474137,0.0607655958738881,-0.2911903055231555,1.386124824054627e-06,0.007142857142857143,0.11979865834643606,True,0.14702777057474137,0.2911903055231555,0.11979865834643606,0.4130463401790416
KDM2A,0.13944049241858103,0.0005926924112426429,-0.028478288161906562,0.5192126648949322,0.014285714285714285,0.3827710261184941,False,0.13944049241858103,0.028478288161906562,0.3827710261184941,0.4130463401790416
EBF1,-0.6978795287896347,0.0013498800595432112,0.01340136853783136,0.8969030050376252,0.007142857142857143,0.11979865834643606,False,0.6978795287896347,0.01340136853783136,0.11979865834643606,0.4130463401790415
MYO6,0.2782739399773444,0.004984482526502109,0.14419769335965427,0.0008827030261895015,0.007142857142857143,0.11979865834643606,True,0.2782739399773444,0.14419769335965427,0.11979865834643606,0.4130463401790415
PGC,-0.3541086982847137,0.7085582475789937,-0.09884849357584002,0.6842724309501278,0.007142857142857143,0.11979865834643606,True,0.3541086982847137,0.09884849357584002,0.11979865834643606,0.4129146919431279
TSPYL4,-0.21914589551346353,0.0006880257993139592,-0.1975937886521919,0.1664492504832237,0.007142857142857143,0.11979865834643606,True,0.21914589551346353,0.1975937886521919,0.11979865834643606,0.4127830437072143
CAPN15,-0.06562078450236086,0.6406071541827516,-0.45274732528565664,2.5266271799347328e-08,0.007142857142857143,0.11979865834643606,True,0.06562078450236086,0.45274732528565664,0.11979865834643606,0.4127830437072143
TTC22,0.6754280547462237,0.0014933512362237506,0.01424735877950667,0.9130055670705017,0.007142857142857143,0.11979865834643606,True,0.6754280547462237,0.01424735877950667,0.11979865834643606,0.41212480252764605
SPTAN1,0.02315583067646365,0.7281823486185222,0.14539188052981444,0.001130262105312571,0.014285714285714285,0.3827710261184941,True,0.02315583067646365,0.14539188052981444,0.3827710261184941,0.41186150605581884
SRGAP3,-0.66345167428147,1.1102423139377351e-07,-0.016049300983159043,0.9244367707091657,0.007142857142857143,0.11979865834643606,True,0.66345167428147,0.016049300983159043,0.11979865834643606,0.41186150605581884
PRRC1,0.10914041726312185,0.33052397833440805,-0.35285108241445684,7.462790517247637e-07,0.007142857142857143,0.11979865834643606,False,0.10914041726312185,0.35285108241445684,0.11979865834643606,0.4112032648762506
GAB1,-0.2849635801596442,0.014745166350305247,-0.13776221270007483,0.014639512358612869,0.007142857142857143,0.11979865834643606,True,0.2849635801596442,0.13776221270007483,0.11979865834643606,0.411071616640337
CERCAM,0.04924242217853525,0.6919159716658417,0.4856147400581463,2.196553124919271e-08,0.007142857142857143,0.11979865834643606,True,0.04924242217853525,0.4856147400581463,0.11979865834643606,0.41080832016850977
ATP6V1F,0.37512126940253765,2.2397831584646856e-05,0.0851028208822946,0.1347577120561402,0.007142857142857143,0.11979865834643606,True,0.37512126940253765,0.0851028208822946,0.11979865834643606,0.41067667193259605
DCAF12L1,-0.3883085978498855,0.15450044864129442,-0.07643781696437557,0.7257600876450481,0.007142857142857143,0.11979865834643606,True,0.3883085978498855,0.07643781696437557,0.11979865834643606,0.4098867825171143
THEG,0.33528005203179656,0.0034421813265558417,-0.10591673359759213,0.2977012693751137,0.007142857142857143,0.11979865834643606,False,0.33528005203179656,0.10591673359759213,0.11979865834643606,0.4097551342812006
PUDP,0.07333639143309334,0.577239479441274,-0.08407397960842644,0.19784152727539137,0.014285714285714285,0.3827710261184941,False,0.07333639143309334,0.08407397960842644,0.3827710261184941,0.4089652448657188
PHF14,0.24095134444329602,0.0007499490213469529,0.1618824899264375,0.00021351813923983567,0.007142857142857143,0.11979865834643606,True,0.24095134444329602,0.1618824899264375,0.11979865834643606,0.4088335966298051
ATAD2B,-0.12249931443014894,0.010066953161189373,-0.32256907647247957,0.11506211043710315,0.007142857142857143,0.11979865834643606,True,0.12249931443014894,0.32256907647247957,0.11979865834643606,0.4084386519220642
PEX1,-0.11323473209441914,0.0452025882903075,-0.04641697722191296,0.35207952493101813,0.014285714285714285,0.3827710261184941,True,0.11323473209441914,0.04641697722191296,0.3827710261184941,0.4083070036861506
OLA1,0.14714877887829303,0.04198572345834013,-0.27978043504664996,3.293479617250969e-09,0.007142857142857143,0.11979865834643606,False,0.14714877887829303,0.27978043504664996,0.11979865834643606,0.4083070036861506
MIB1,0.3123313960656713,0.004968611938348705,0.11618963473172883,0.00019575419122550374,0.007142857142857143,0.11979865834643606,True,0.3123313960656713,0.11618963473172883,0.11979865834643606,0.40804370721432326
TMEM132A,0.4582781358720833,0.009164831468903858,-0.05005926871730182,0.7642017894738551,0.007142857142857143,0.11979865834643606,False,0.4582781358720833,0.05005926871730182,0.11979865834643606,0.40778041074249605
JMJD6,0.09873407321223482,0.03574074524920698,-0.3612980676116955,3.143570772452521e-08,0.007142857142857143,0.11979865834643606,False,0.09873407321223482,0.3612980676116955,0.11979865834643606,0.40764876250658244
KIAA0232,-0.034530101080822106,0.46681679121766695,-0.518859794609142,0.059610912212363976,0.007142857142857143,0.11979865834643606,True,0.034530101080822106,0.518859794609142,0.11979865834643606,0.4072538177988415
CPSF7,-0.2180441901856831,9.919796756454683e-06,0.18480924363469597,2.2070868904696994e-05,0.007142857142857143,0.11979865834643606,False,0.2180441901856831,0.18480924363469597,0.11979865834643606,0.4071221695629278
C19orf25,-0.02526879034945395,0.8047970584284327,0.5459371453393231,6.171280858800647e-08,0.007142857142857143,0.11979865834643606,False,0.02526879034945395,0.5459371453393231,0.11979865834643606,0.4071221695629278
ZNF219,-0.4488011678755175,0.003573597096151443,0.05200611391874865,0.8009274222938789,0.007142857142857143,0.11979865834643606,False,0.4488011678755175,0.05200611391874865,0.11979865834643606,0.4071221695629278
NLRC4,-0.1187963590630492,0.48739985010031006,0.32599321222492605,0.0028503238053082017,0.007142857142857143,0.11979865834643606,False,0.1187963590630492,0.32599321222492605,0.11979865834643606,0.4071221695629278
PRKX,-0.2735720385121265,0.003524891244368362,-0.13844207860134716,0.7154926560036009,0.007142857142857143,0.11979865834643606,True,0.2735720385121265,0.13844207860134716,0.11979865834643606,0.4069905213270142
ADGRA3,-0.2767402204602263,0.01857848586670069,-0.13718685743178227,0.8452892481038666,0.007142857142857143,0.11979865834643606,True,0.2767402204602263,0.13718685743178227,0.11979865834643606,0.4069905213270142
LIMS2,-0.042076043291366716,0.7970041966072557,0.4906929248117571,5.590473618895649e-08,0.007142857142857143,0.11979865834643606,False,0.042076043291366716,0.4906929248117571,0.11979865834643606,0.40672722485518686
KIDINS220,-0.11465420729140874,0.008745335659825226,-0.3317551091272932,2.7810784636261647e-06,0.007142857142857143,0.11979865834643606,True,0.11465420729140874,0.3317551091272932,0.11979865834643606,0.40672722485518686
ESF1,0.1879143251976796,0.017687420644161414,-0.221264201525603,8.049018805324585e-06,0.007142857142857143,0.11979865834643606,False,0.1879143251976796,0.221264201525603,0.11979865834643606,0.40633228014744605
SPEN,-0.3176783641990095,0.0028165438060617906,-0.11049958092155165,0.005111304645086441,0.007142857142857143,0.11979865834643606,True,0.3176783641990095,0.11049958092155165,0.11979865834643606,0.40633228014744605
HNMT,0.04699422674082676,0.5745372347264641,0.4756575720751961,7.519997707463119e-10,0.007142857142857143,0.11979865834643606,True,0.04699422674082676,0.4756575720751961,0.11979865834643606,0.40620063191153233
CABIN1,-0.18296812027713472,0.014882868191796605,-0.22648031692143533,0.0005794701112210554,0.007142857142857143,0.11979865834643606,True,0.18296812027713472,0.22648031692143533,0.11979865834643606,0.4059373354397051
PRKD2,0.21578046840357956,0.003822983846409477,0.18654694593545784,9.774851667702402e-06,0.007142857142857143,0.11979865834643606,True,0.21578046840357956,0.18654694593545784,0.11979865834643606,0.405937335439705
GTF2H3,0.26920322929753127,2.699911238927429e-05,0.1389422354766836,0.15473102125659222,0.007142857142857143,0.11979865834643606,True,0.26920322929753127,0.1389422354766836,0.11979865834643606,0.4058056872037915
LMBR1,0.009189106864651464,0.8919331923522229,0.6002026630854882,0.022494945699845753,0.007142857142857143,0.11979865834643606,True,0.009189106864651464,0.6002026630854882,0.11979865834643606,0.4058056872037914
USP11,-0.18493036031138033,0.0275125116337719,0.2236739936710208,0.00011592561809050799,0.007142857142857143,0.11979865834643606,False,0.18493036031138033,0.2236739936710208,0.11979865834643606,0.4055423907319642
CHST3,-0.142996362712573,0.2542503425155973,0.2780384110625711,0.047076288411490474,0.007142857142857143,0.11979865834643606,False,0.142996362712573,0.2780384110625711,0.11979865834643606,0.40541074249605047
MRRF,-0.03952341034196749,0.4728542829116494,-0.49186170423301334,5.683335808862323e-14,0.007142857142857143,0.11979865834643606,True,0.03952341034196749,0.49186170423301334,0.11979865834643606,0.40514744602422326
ARL6IP6,0.5907521635276538,1.668461213045611e-10,0.018206611818239793,0.8592431968015877,0.007142857142857143,0.11979865834643606,True,0.5907521635276538,0.018206611818239793,0.11979865834643606,0.4047525013164823
SP3,0.20283592899964908,0.021957573128846747,-0.20042075659313952,0.0008147609479734613,0.007142857142857143,0.11979865834643606,False,0.20283592899964908,0.20042075659313952,0.11979865834643606,0.4046208530805687
SPECC1L,-0.2324399236745336,0.00014718481030017558,0.16383699740443092,2.9239912428569466e-05,0.007142857142857143,0.11979865834643606,False,0.2324399236745336,0.16383699740443092,0.11979865834643606,0.4046208530805687
TBCE,0.278483554831201,1.5045585774980189e-05,-0.13033472250032574,0.004076514898641601,0.007142857142857143,0.11979865834643606,False,0.278483554831201,0.13033472250032574,0.11979865834643606,0.404489204844655
TRIM62,-0.24379189541585866,0.007987285582573925,0.1531007422987294,0.5670836184141385,0.007142857142857143,0.11979865834643606,False,0.24379189541585866,0.1531007422987294,0.11979865834643606,0.4042259083728278
TMEM131,-0.04022068588622041,0.6107130785500983,-0.48743340386918277,1.6369755357738193e-08,0.007142857142857143,0.11979865834643606,True,0.04022068588622041,0.48743340386918277,0.11979865834643606,0.4042259083728278
NUP210,-0.40647843633250424,0.0009187172509436484,0.06426671329006695,0.19525196416584228,0.007142857142857143,0.11979865834643606,False,0.40647843633250424,0.06426671329006695,0.11979865834643606,0.4042259083728278
WARS2,-0.061398994898361536,0.3784919689467817,-0.4301141076332051,2.404613870853213e-07,0.007142857142857143,0.11979865834643606,True,0.061398994898361536,0.4301141076332051,0.11979865834643606,0.4039626119010006
CLUAP1,-0.1029345466743159,0.06355301557681374,-0.3436161009869352,0.0011227381522954643,0.007142857142857143,0.11979865834643606,True,0.1029345466743159,0.3436161009869352,0.11979865834643606,0.40396261190100047
MRPL39,-0.07367047541742267,0.08162998541591224,-0.40381322281681875,1.9917282752799904e-12,0.007142857142857143,0.11979865834643606,True,0.07367047541742267,0.40381322281681875,0.11979865834643606,0.40383096366508686
EIF2S3,-0.17676116976200262,0.13046641860719194,-0.22874178272349255,0.00023706563468420014,0.007142857142857143,0.11979865834643606,True,0.17676116976200262,0.22874178272349255,0.11979865834643606,0.40369931542917326
DDOST,-0.1195410388660747,0.17628003676853252,-0.31569989486996164,0.0038811207439179442,0.007142857142857143,0.11979865834643606,True,0.1195410388660747,0.31569989486996164,0.11979865834643606,0.40369931542917326
MYC,-0.730211966706344,0.00014635282312746624,0.0009324163240584937,0.9960159578451047,0.007142857142857143,0.11979865834643606,False,0.730211966706344,0.0009324163240584937,0.11979865834643606,0.40356766719325954
ABCA2,-0.36472371602559406,0.003286022388853398,-0.07846114529956694,0.8166751004866815,0.007142857142857143,0.11979865834643606,True,0.36472371602559406,0.07846114529956694,0.11979865834643606,0.40356766719325954
RIN2,0.15786214813174126,0.04825572388474018,0.25356491897034417,9.035389069769997e-06,0.007142857142857143,0.11979865834643606,True,0.15786214813174126,0.25356491897034417,0.11979865834643606,0.403041074249605
SUPT5H,0.10067658063503693,0.10468958787939496,0.05107888679769346,0.06473262370263608,0.014285714285714285,0.3827710261184941,True,0.10067658063503693,0.05107888679769346,0.3827710261184941,0.4029094260136914
TIE1,-0.33436029229986275,0.020297512464695848,0.09659471659323415,0.7191802906671433,0.007142857142857143,0.11979865834643606,False,0.33436029229986275,0.09659471659323415,0.11979865834643606,0.4027777777777778
TPPP3,-0.47591288671621257,0.040837902579118644,0.04088923961306534,0.6824814372042824,0.007142857142857143,0.11979865834643606,False,0.47591288671621257,0.04088923961306534,0.11979865834643606,0.40251448130595047
CHD7,0.010202133146238523,0.8639321662718634,-0.581228157429333,0.001584753074828632,0.007142857142857143,0.11979865834643606,False,0.010202133146238523,0.581228157429333,0.11979865834643606,0.40238283307003686
ERGIC3,-0.07527097169780461,0.3590758256196836,-0.39854464237684795,2.0993375345384023e-05,0.007142857142857143,0.11979865834643606,True,0.07527097169780461,0.39854464237684795,0.11979865834643606,0.40225118483412325
COLEC12,0.040960570524736895,0.8400714379262153,0.4776473874404026,5.324652035308577e-06,0.007142857142857143,0.11979865834643606,True,0.040960570524736895,0.4776473874404026,0.11979865834643606,0.40225118483412314
POM121,-0.28295726854826064,0.011046577876261706,0.12290482008815573,0.40202418208425317,0.007142857142857143,0.11979865834643606,False,0.28295726854826064,0.12290482008815573,0.11979865834643606,0.40211953659820954
CEP164,-0.7206376243990089,1.819794519754965e-05,0.000734738303901139,0.9971291635452528,0.007142857142857143,0.11979865834643606,False,0.7206376243990089,0.000734738303901139,0.11979865834643606,0.401592943654555
AKAP13,-0.15132359665908446,0.11029989042542841,0.26038773958942585,2.342809297377141e-16,0.007142857142857143,0.11979865834643606,False,0.15132359665908446,0.26038773958942585,0.11979865834643606,0.4013296471827277
CUTC,-0.2695647165909332,0.0048861280817298,-0.13111946648591655,0.04451334258622285,0.007142857142857143,0.11979865834643606,True,0.2695647165909332,0.13111946648591655,0.11979865834643606,0.40119799894681407
MGAT4B,0.5997717981327657,6.136340623070804e-07,0.012809865319404423,0.9507103550361758,0.007142857142857143,0.11979865834643606,True,0.5997717981327657,0.012809865319404423,0.11979865834643606,0.40093470247498686
MUTYH,0.09919706737979972,0.10779487562774807,-0.3437906022677133,0.12619654630574934,0.007142857142857143,0.11979865834643606,False,0.09919706737979972,0.3437906022677133,0.11979865834643606,0.40080305423907314
CUL9,-0.21302261658263788,0.0012599225545664703,-0.17705885753839112,0.040887398564024416,0.007142857142857143,0.11979865834643606,True,0.21302261658263788,0.17705885753839112,0.11979865834643606,0.40080305423907314
EXT1,0.1319806316137253,0.05068019976308187,0.28915720608805273,0.0042654895650084765,0.007142857142857143,0.11979865834643606,True,0.1319806316137253,0.28915720608805273,0.11979865834643606,0.40080305423907314
TRIM2,-0.020764657881302995,0.8080732183482218,-0.5303906468845376,9.353371860163914e-27,0.007142857142857143,0.11979865834643606,True,0.020764657881302995,0.5303906468845376,0.11979865834643606,0.4005397577672458
TMEM206,0.23475948617370967,0.0018918402668512766,-0.15425771065869753,0.34142329717284997,0.007142857142857143,0.11979865834643606,False,0.23475948617370967,0.15425771065869753,0.11979865834643606,0.4004081095313322
PCDH18,-0.17925537442931194,0.31600381927760757,-0.21703126035057707,0.29679584033839346,0.007142857142857143,0.11979865834643606,True,0.17925537442931194,0.21703126035057707,0.11979865834643606,0.4002764612954186
PSMD1,0.5392732719089555,1.5034078317933403e-14,0.024681452396873027,0.36979212971297915,0.007142857142857143,0.11979865834643606,True,0.5392732719089555,0.024681452396873027,0.11979865834643606,0.4002764612954186
KRT2,0.010393380486004133,0.9571022514067797,0.5706917521386323,0.0005630254116750246,0.007142857142857143,0.11979865834643606,True,0.010393380486004133,0.5706917521386323,0.11979865834643606,0.4002764612954186
ENTPD6,0.06526265117353702,0.5476957414988598,0.4091686598651396,0.4612286352064426,0.007142857142857143,0.11979865834643606,True,0.06526265117353702,0.4091686598651396,0.11979865834643606,0.4000131648235914
TCEAL9,0.4787661633154965,0.0002706823279413296,-0.036541430835235644,0.8462714258646163,0.007142857142857143,0.11979865834643606,False,0.4787661633154965,0.036541430835235644,0.11979865834643606,0.3998815165876777
SON,-0.345760229887059,6.434339490646286e-06,-0.08521238359156413,0.0001644601904655635,0.007142857142857143,0.11979865834643606,True,0.345760229887059,0.08521238359156413,0.11979865834643606,0.3998815165876777
STK11,-0.14213763844374938,0.06369465586242105,0.007612541687812779,0.9274710745931344,0.014285714285714285,0.3827710261184941,False,0.14213763844374938,0.007612541687812779,0.3827710261184941,0.3998815165876777
TRIM47,0.4026527114360512,0.002523357360844027,0.30232938188631664,1.1450681983899909e-09,0.0,-0.0,True,0.4026527114360512,0.30232938188631664,-0.0,0.3998815165876777
UBE4B,-0.5041451581577903,0.00019786645984825493,0.029945246626901678,0.5238498476546543,0.007142857142857143,0.11979865834643606,False,0.5041451581577903,0.029945246626901678,0.11979865834643606,0.39961822011585046
VPS13D,-0.33686202119296205,4.551422192782078e-06,-0.08960625855628379,0.05578067803234233,0.007142857142857143,0.11979865834643606,True,0.33686202119296205,0.08960625855628379,0.11979865834643606,0.39922327540810953
REST,0.10649516298996886,0.2357671731522215,-0.3273380809065962,0.01584265476289446,0.007142857142857143,0.11979865834643606,False,0.10649516298996886,0.3273380809065962,0.11979865834643606,0.3990916271721958
PDZRN3,-0.19354212715217578,0.2532837819418619,-0.19857430172466906,0.060929547568187935,0.007142857142857143,0.11979865834643606,True,0.19354212715217578,0.19857430172466906,0.11979865834643606,0.3988283307003686
NOS3,-0.25334292944278936,0.07555099353691844,-0.13731675447894176,0.08913390516200667,0.007142857142857143,0.11979865834643606,True,0.25334292944278936,0.13731675447894176,0.11979865834643606,0.398696682464455
PRKAB1,0.2105366682195715,0.0071659291207021025,-0.17581971513112649,0.0006168714874442268,0.007142857142857143,0.11979865834643606,False,0.2105366682195715,0.17581971513112649,0.11979865834643606,0.3985650342285413
MED13,-0.062014850144718636,0.45979846563457416,-0.07795660462611309,0.1811745280558182,0.014285714285714285,0.3827710261184941,True,0.062014850144718636,0.07795660462611309,0.3827710261184941,0.3981700895208004
MRPL48,0.14785610384850045,0.026308313717960555,-0.2595302095159404,4.411458988637939e-06,0.007142857142857143,0.11979865834643606,False,0.14785610384850045,0.2595302095159404,0.11979865834643606,0.39803844128488675
PDCD11,-0.007987823889390455,0.8922981065571126,-0.1413162028794801,0.00030624652259659803,0.014285714285714285,0.3827710261184941,True,0.007987823889390455,0.1413162028794801,0.3827710261184941,0.39790679304897314
ADAM17,0.38081333738520584,4.8987491011319254e-05,0.06453230207225147,0.25012514034476613,0.007142857142857143,0.11979865834643606,True,0.38081333738520584,0.06453230207225147,0.11979865834643606,0.39790679304897314
OTUD6B,0.41267867109380596,0.00012254173069737722,-0.05191327283922931,0.35247437262524794,0.007142857142857143,0.11979865834643606,False,0.41267867109380596,0.05191327283922931,0.11979865834643606,0.3973802001053186
POLL,-0.4525983123971624,1.7833463177566112e-05,0.03992301995573655,0.589600365034613,0.007142857142857143,0.11979865834643606,False,0.4525983123971624,0.03992301995573655,0.11979865834643606,0.3973802001053185
HLA-DRA,-0.11535434966102542,0.4881260951870494,0.307884617272709,2.320863879145494e-06,0.007142857142857143,0.11979865834643606,False,0.11535434966102542,0.307884617272709,0.11979865834643606,0.3971169036334913
UQCRB,-0.08164094072739303,0.24275783007368174,-0.36540947504423116,8.573828405438299e-05,0.007142857142857143,0.11979865834643606,True,0.08164094072739303,0.36540947504423116,0.11979865834643606,0.3969852553975777
CHST12,-0.21023141868394468,0.010277684375025013,-0.17183530816358328,0.13504992547961944,0.007142857142857143,0.11979865834643606,True,0.21023141868394468,0.17183530816358328,0.11979865834643606,0.3969852553975777
IKBKB,0.058236865797246296,0.22734485477395658,0.41352371666148,2.5412471338323894e-15,0.007142857142857143,0.11979865834643606,True,0.058236865797246296,0.41352371666148,0.11979865834643606,0.39685360716166396
TPSAB1,-0.1611217934054583,0.6146324712549298,0.23634956642907312,0.04112140988648533,0.007142857142857143,0.11979865834643606,False,0.1611217934054583,0.23634956642907312,0.11979865834643606,0.39659031068983674
TRA2B,0.08669377113879406,0.12784622031344844,0.35652675969251035,1.451130622807594e-07,0.007142857142857143,0.11979865834643606,True,0.08669377113879406,0.35652675969251035,0.11979865834643606,0.39659031068983674
RERE,-0.5619999732232746,0.0002633179447354342,-0.013997510628755094,0.7898004294603096,0.007142857142857143,0.11979865834643606,True,0.5619999732232746,0.013997510628755094,0.11979865834643606,0.39645866245392314
NKPD1,0.006923032532776929,0.9605024829567876,0.5644238259988228,0.0010280293344677239,0.007142857142857143,0.11979865834643606,True,0.006923032532776929,0.5644238259988228,0.11979865834643606,0.3963270142180094
MMRN2,-0.4484803643974491,0.0016522663408875292,-0.04061551734582736,0.4726459674264035,0.007142857142857143,0.11979865834643606,True,0.4484803643974491,0.04061551734582736,0.11979865834643606,0.3963270142180094
WDFY3,-0.2977690987563033,1.4183555290751939e-08,0.10391544701429467,0.017088079145448947,0.007142857142857143,0.11979865834643606,False,0.2977690987563033,0.10391544701429467,0.11979865834643606,0.3960637177461822
STK39,0.5211819765182479,0.00024310925315838649,-0.022308041286777325,0.655336163816895,0.007142857142857143,0.11979865834643606,False,0.5211819765182479,0.022308041286777325,0.11979865834643606,0.3959320695102685
ARHGDIA,0.18824116708827887,0.0053491206682274774,-0.19763140160810622,4.905616407603557e-07,0.007142857142857143,0.11979865834643606,False,0.18824116708827887,0.19763140160810622,0.11979865834643606,0.3958004212743549
POLR2A,-0.3103080461400136,0.00587093987715303,-0.09760898770117876,0.000677171685972686,0.007142857142857143,0.11979865834643606,True,0.3103080461400136,0.09760898770117876,0.11979865834643606,0.3955371248025277
CROT,0.13750192343519352,0.039955510966698034,0.26880005917828953,1.0320546269337444e-05,0.007142857142857143,0.11979865834643606,True,0.13750192343519352,0.26880005917828953,0.11979865834643606,0.39553712480252756
CPPED1,0.15236811122331417,0.02546499690311358,0.24646312493746692,6.393436045756841e-06,0.007142857142857143,0.11979865834643606,True,0.15236811122331417,0.24646312493746692,0.11979865834643606,0.39540547656661396
VCPIP1,0.11271463420779604,0.15378937014409164,-0.030034227058997942,0.2649207279433681,0.014285714285714285,0.3827710261184941,False,0.11271463420779604,0.030034227058997942,0.3827710261184941,0.39540547656661396
PDP2,-0.19852365701851937,0.04050295211802342,-0.1822655596903573,0.4761617492524129,0.007142857142857143,0.11979865834643606,True,0.19852365701851937,0.1822655596903573,0.11979865834643606,0.39527382833070035
SHROOM3,0.4072363833946877,0.02010797203068609,-0.050574481637536195,0.3986680473992085,0.007142857142857143,0.11979865834643606,False,0.4072363833946877,0.050574481637536195,0.11979865834643606,0.3944839389152185
MAP2K4,-0.21639998498192092,0.00014548122527228706,-0.1576176882379805,0.0006410817363251231,0.007142857142857143,0.11979865834643606,True,0.21639998498192092,0.1576176882379805,0.11979865834643606,0.39408899420747756
GCC2,0.30368743253287356,0.00020384077269533594,-0.09783879507083881,0.0038302056953944123,0.007142857142857143,0.11979865834643606,False,0.30368743253287356,0.09783879507083881,0.11979865834643606,0.39382569773565035
PCNX3,-0.03884462887118012,0.6593762082806242,-0.09873132149459707,0.20741535847784126,0.014285714285714285,0.3827710261184941,True,0.03884462887118012,0.09873132149459707,0.3827710261184941,0.3936940494997367
STX5,-0.16934142399138352,2.0016680287264705e-05,-0.21657747940900407,0.01043646921750472,0.007142857142857143,0.11979865834643606,True,0.16934142399138352,0.21657747940900407,0.11979865834643606,0.39369404949973663
BBS9,-0.31161419909711974,9.490637733592044e-07,0.09328257810325269,0.27148567052820355,0.007142857142857143,0.11979865834643606,False,0.31161419909711974,0.09328257810325269,0.11979865834643606,0.3934307530279094
CLDND1,0.3853299999328179,5.5437224616099515e-05,-0.05527516803594423,0.6349778257391329,0.007142857142857143,0.11979865834643606,False,0.3853299999328179,0.05527516803594423,0.11979865834643606,0.3932991047919958
ADA,0.15701811414328493,0.24179550490614463,0.23616804186663742,0.004475728807478259,0.007142857142857143,0.11979865834643606,True,0.15701811414328493,0.23616804186663742,0.11979865834643606,0.3932991047919958
CNOT1,0.044565912598082846,0.4351604656891694,0.09002735872600809,0.0009578671683830092,0.014285714285714285,0.3827710261184941,True,0.044565912598082846,0.09002735872600809,0.3827710261184941,0.39316745655608215
RGS12,0.017879294944219026,0.7431893934656969,0.5099506351182761,0.002839226302003149,0.007142857142857143,0.11979865834643606,True,0.017879294944219026,0.5099506351182761,0.11979865834643606,0.3931674565560821
NELFA,0.0506937841295354,0.44499017557006415,0.08256639105464814,0.02794169455263011,0.014285714285714285,0.3827710261184941,True,0.0506937841295354,0.08256639105464814,0.3827710261184941,0.3923775671406003
DES,-0.27756693156998047,0.5916520542898884,0.11159514045752417,0.5966929873003488,0.007142857142857143,0.11979865834643606,False,0.27756693156998047,0.11159514045752417,0.11979865834643606,0.392114270668773
AHSA1,0.44143450752179625,2.9599912380110477e-08,0.03796509666426218,0.1560487654231947,0.007142857142857143,0.11979865834643606,True,0.44143450752179625,0.03796509666426218,0.11979865834643606,0.392114270668773
CAMKK2,-0.16623615846840778,0.0008263952146377065,0.21928722106199672,0.00028048994691222753,0.007142857142857143,0.11979865834643606,False,0.16623615846840778,0.21928722106199672,0.11979865834643606,0.3919826224328593
IPCEF1,-0.5761215332523673,0.000354062766638342,-0.005644339977557422,0.9573623983729459,0.007142857142857143,0.11979865834643606,True,0.5761215332523673,0.005644339977557422,0.11979865834643606,0.3918509741969457
ZDHHC13,0.43647903556066936,5.67227236065269e-06,-0.03798390864951173,0.5258308295309037,0.007142857142857143,0.11979865834643606,False,0.43647903556066936,0.03798390864951173,0.11979865834643606,0.3915876777251185
ZNF574,0.1290281434217615,0.06047398284646742,-0.2721685933209059,0.00015882082478450244,0.007142857142857143,0.11979865834643606,False,0.1290281434217615,0.2721685933209059,0.11979865834643606,0.39132438125329116
HIVEP3,-0.21313844818580385,0.03327322349658433,0.1567555412861843,0.22555623621327872,0.007142857142857143,0.11979865834643606,False,0.21313844818580385,0.1567555412861843,0.11979865834643606,0.39119273301737756
PXN,0.14842995617171617,0.038017755806586076,0.24110635376798228,9.016576845099472e-09,0.007142857142857143,0.11979865834643606,True,0.14842995617171617,0.24110635376798228,0.11979865834643606,0.39079778830963663
SYNM,-0.3523369438083179,0.10778291098601375,-0.06817890254863457,0.5897280276147572,0.007142857142857143,0.11979865834643606,True,0.3523369438083179,0.06817890254863457,0.11979865834643606,0.3904028436018957
KIAA0391,0.15903363847566254,0.0003787937824008741,-0.2272499961729828,0.00014250078284130653,0.007142857142857143,0.11979865834643606,False,0.15903363847566254,0.2272499961729828,0.11979865834643606,0.3901395471300685
AP5B1,-0.2746341794867213,0.003080769329184486,0.1097390333875019,0.15005303950202675,0.007142857142857143,0.11979865834643606,False,0.2746341794867213,0.1097390333875019,0.11979865834643606,0.39000789889415477
VARS,-0.03939084432825091,0.6893797278868806,-0.43583918824826995,5.575870563329624e-15,0.007142857142857143,0.11979865834643606,True,0.03939084432825091,0.43583918824826995,0.11979865834643606,0.38948130595050023
CAMTA2,-0.40704504933618857,2.195335038547936e-06,-0.04525585010305022,0.6844991909290855,0.007142857142857143,0.11979865834643606,True,0.40704504933618857,0.04525585010305022,0.11979865834643606,0.38948130595050023
NEK8,-0.1076133968415176,0.19875311552900507,0.30294570401594356,0.0013935958856965936,0.007142857142857143,0.11979865834643606,False,0.1076133968415176,0.30294570401594356,0.11979865834643606,0.3892180094786729
TSPAN14,0.046677115688607884,0.4199160367884425,0.41373813533578385,1.0354244947347126e-05,0.007142857142857143,0.11979865834643606,True,0.046677115688607884,0.41373813533578385,0.11979865834643606,0.3890863612427593
POLD3,0.2972784807215181,0.00011291942874396695,0.09330480665466823,0.09241141170256363,0.007142857142857143,0.11979865834643606,True,0.2972784807215181,0.09330480665466823,0.11979865834643606,0.3890863612427593
COG6,-0.08674583424696891,0.34651846062697683,0.3355631282224607,1.809575184865242e-08,0.007142857142857143,0.11979865834643606,False,0.08674583424696891,0.3355631282224607,0.11979865834643606,0.3889547130068457
ENC1,0.3633393727763927,0.00024694231328104086,0.06024120034115299,0.640774974484413,0.007142857142857143,0.11979865834643606,True,0.3633393727763927,0.06024120034115299,0.11979865834643606,0.3889547130068457
TMTC2,0.11827070160046915,0.06340398066502838,-0.2860815078277916,0.11372989787772549,0.007142857142857143,0.11979865834643606,False,0.11827070160046915,0.2860815078277916,0.11979865834643606,0.3889547130068457
CREBRF,-0.11674250084960214,0.19103785348389946,-0.28710415364915676,0.00832962166571896,0.007142857142857143,0.11979865834643606,True,0.11674250084960214,0.28710415364915676,0.11979865834643606,0.3886914165350184
TOP1,0.2888042911759996,0.0015523027251070408,0.09729497481447069,0.01903399224297572,0.007142857142857143,0.11979865834643606,True,0.2888042911759996,0.09729497481447069,0.11979865834643606,0.3886914165350184
BAP1,-0.24934761574846043,1.5677505290268648e-06,0.12201424885006062,0.3324173935869344,0.007142857142857143,0.11979865834643606,False,0.24934761574846043,0.12201424885006062,0.11979865834643606,0.38816482359136384
SAMD4B,0.17627191886112747,0.03429838709817987,0.19583283806952778,0.0004715404231984009,0.007142857142857143,0.11979865834643606,True,0.17627191886112747,0.19583283806952778,0.11979865834643606,0.38816482359136384
MRPS31,-0.021685935846191384,0.5398507435025881,-0.4770300388100708,1.7924057476724466e-11,0.007142857142857143,0.11979865834643606,True,0.021685935846191384,0.4770300388100708,0.11979865834643606,0.38803317535545023
TRANK1,0.1577904105881398,0.11219615384504543,0.22405806601621592,0.021777484965462984,0.007142857142857143,0.11979865834643606,True,0.1577904105881398,0.22405806601621592,0.11979865834643606,0.3879015271195366
KLHL9,-0.18435670800286275,0.0015971667353899624,-0.18478669275635795,0.019760664137631747,0.007142857142857143,0.11979865834643606,True,0.18435670800286275,0.18478669275635795,0.11979865834643606,0.3879015271195365
SNAPC4,-0.22697950986959192,0.0034532675012401886,0.14057661397632515,0.5274547814060916,0.007142857142857143,0.11979865834643606,False,0.22697950986959192,0.14057661397632515,0.11979865834643606,0.3879015271195365
CCT2,0.26701150821570785,1.1808299727252572e-06,-0.10915667047619237,0.0020751734434205195,0.007142857142857143,0.11979865834643606,False,0.26701150821570785,0.10915667047619237,0.11979865834643606,0.3875065824117957
FAM120A,0.10882317156637988,0.13965374882825307,-0.022491749790265914,0.3697014259772538,0.014285714285714285,0.3827710261184941,False,0.10882317156637988,0.022491749790265914,0.3827710261184941,0.3869799894681411
MOB2,0.057556215910846475,0.2852222166652039,0.3894800124416804,4.4346738298024584e-07,0.007142857142857143,0.11979865834643606,True,0.057556215910846475,0.3894800124416804,0.11979865834643606,0.38684834123222744
CLTA,0.15679501925201222,0.004513570328555818,0.2236863278522172,0.002467151182815268,0.007142857142857143,0.11979865834643606,True,0.15679501925201222,0.2236863278522172,0.11979865834643606,0.38671669299631384
YTHDF1,0.25663333756223317,3.2925870736135044e-07,-0.11429400532359324,0.01684061499270959,0.007142857142857143,0.11979865834643606,False,0.25663333756223317,0.11429400532359324,0.11979865834643606,0.38658504476040023
CDC23,0.18996712421103368,1.8362060674019919e-06,-0.17567128931495546,8.41207496310374e-06,0.007142857142857143,0.11979865834643606,False,0.18996712421103368,0.17567128931495546,0.11979865834643606,0.3865850447604001
RB1CC1,0.007892292266779677,0.938317956015239,-0.12257855323338873,0.011003807114251906,0.014285714285714285,0.3827710261184941,False,0.007892292266779677,0.12257855323338873,0.3827710261184941,0.3863217482885729
MFSD1,-0.013548976783686939,0.829501096809727,0.49519956076507654,0.0021601284511581845,0.007142857142857143,0.11979865834643606,False,0.013548976783686939,0.49519956076507654,0.11979865834643606,0.3863217482885729
CLEC16A,-0.06917039978717732,0.3000493957793973,-0.35839751571859324,3.274629206377285e-11,0.007142857142857143,0.11979865834643606,True,0.06917039978717732,0.35839751571859324,0.11979865834643606,0.3860584518167456
BOD1L1,0.059241822833770996,0.15827214410906978,-0.06523919774126696,0.10594103684569126,0.014285714285714285,0.3827710261184941,False,0.059241822833770996,0.06523919774126696,0.3827710261184941,0.38566350710900477
GALT,-0.22960234889808362,0.0011495300144319911,-0.13440169992487938,0.003903707840474021,0.007142857142857143,0.11979865834643606,True,0.22960234889808362,0.13440169992487938,0.11979865834643606,0.38540021063717744
CEP95,-0.1349705008800015,0.03129326853080906,-0.25158902161048147,0.1507889999049957,0.007142857142857143,0.11979865834643606,True,0.1349705008800015,0.25158902161048147,0.11979865834643606,0.38540021063717744
NCOR1,-0.27268897436679396,0.00020320310696464927,-0.10330810000471047,0.002092374242836577,0.007142857142857143,0.11979865834643606,True,0.27268897436679396,0.10330810000471047,0.11979865834643606,0.3852685624012637
PTPRO,0.41606918504860957,0.04575820638832234,-0.03700060889636703,0.8004329850998196,0.007142857142857143,0.11979865834643606,False,0.41606918504860957,0.03700060889636703,0.11979865834643606,0.3850052659294365
ZC3H7B,-0.42909256528740514,9.954631127487098e-11,-0.03105539338213248,0.4156234891566817,0.007142857142857143,0.11979865834643606,True,0.42909256528740514,0.03105539338213248,0.11979865834643606,0.3848736176935229
ARHGAP39,-0.02729955029376363,0.8449852009553324,-0.4524241138545264,0.026725327261509075,0.007142857142857143,0.11979865834643606,True,0.02729955029376363,0.4524241138545264,0.11979865834643606,0.3848736176935229
MAPKAPK2,-0.018150969239979275,0.6991663448327233,0.476118135315442,6.49486567977556e-18,0.007142857142857143,0.11979865834643606,False,0.018150969239979275,0.476118135315442,0.11979865834643606,0.3848736176935229
RNF10,-0.21105976571294782,0.008511141853221094,-0.1492263743228257,0.12072976929561721,0.007142857142857143,0.11979865834643606,True,0.21105976571294782,0.1492263743228257,0.11979865834643606,0.3846103212216956
RNH1,0.00567443755319097,0.9381003640039455,0.5140270911483356,6.800483154075745e-12,0.007142857142857143,0.11979865834643606,True,0.00567443755319097,0.5140270911483356,0.11979865834643606,0.3846103212216956
FRY,-0.3624671291648003,0.0008609139912730625,0.05462521479722682,0.3841586016084058,0.007142857142857143,0.11979865834643606,False,0.3624671291648003,0.05462521479722682,0.11979865834643606,0.3846103212216956
FBL,-0.023580192023306523,0.7606876643167864,-0.4583618126557987,1.1790003658138465e-18,0.007142857142857143,0.11979865834643606,True,0.023580192023306523,0.4583618126557987,0.11979865834643606,0.38408372827804105
DHX29,-0.052126646727291615,0.3266606523394671,-0.3915042052427289,2.6078033066844055e-14,0.007142857142857143,0.11979865834643606,True,0.052126646727291615,0.3915042052427289,0.11979865834643606,0.38408372827804105
MOGS,-0.03151921746596642,0.6954527796746589,-0.440850605237717,8.540536989832158e-08,0.007142857142857143,0.11979865834643606,True,0.03151921746596642,0.440850605237717,0.11979865834643606,0.3838204318062137
AEBP2,0.044535147875604864,0.6438617888206039,-0.4051568697410026,0.15514820449341632,0.007142857142857143,0.11979865834643606,False,0.044535147875604864,0.4051568697410026,0.11979865834643606,0.3838204318062137
MGAT5,0.20738717999967093,0.0018285741765472485,0.15100734705498553,0.030010217897958623,0.007142857142857143,0.11979865834643606,True,0.20738717999967093,0.15100734705498553,0.11979865834643606,0.3836887835703001
ZNF579,0.18146106756787894,0.07714636000869848,-0.1768851279885446,0.014881286165041644,0.007142857142857143,0.11979865834643606,False,0.18146106756787894,0.1768851279885446,0.11979865834643606,0.3835571353343865
FSBP,0.17671649165165526,0.0847131083297534,0.18467287628165252,0.5129529099765942,0.007142857142857143,0.11979865834643606,True,0.17671649165165526,0.18467287628165252,0.11979865834643606,0.3835571353343865
TNK2,0.09957467070202064,0.2255651389950277,-0.30349913604770506,0.011294490992037488,0.007142857142857143,0.11979865834643606,False,0.09957467070202064,0.30349913604770506,0.11979865834643606,0.3834254870984728
MEPCE,-0.12186246349310181,0.037525523096461115,0.26750924247146557,3.0303622440549747e-12,0.007142857142857143,0.11979865834643606,False,0.12186246349310181,0.26750924247146557,0.11979865834643606,0.3834254870984728
HPS3,0.2618128897000158,1.3515808036974571e-05,0.10562966000999197,0.022173822265893598,0.007142857142857143,0.11979865834643606,True,0.2618128897000158,0.10562966000999197,0.11979865834643606,0.3832938388625592
COG1,-0.29021700425006536,2.616659062957326e-05,-0.08861891708562553,0.0635518130372091,0.007142857142857143,0.11979865834643606,True,0.29021700425006536,0.08861891708562553,0.11979865834643606,0.3831621906266456
FADS1,0.022378472678463268,0.8800566650009666,-0.4599137328116072,0.0008405161696000556,0.007142857142857143,0.11979865834643606,False,0.022378472678463268,0.4599137328116072,0.11979865834643606,0.3831621906266456
HMOX2,0.3088603444811646,2.7963741818864016e-06,-0.07868219467565751,0.19754886594759544,0.007142857142857143,0.11979865834643606,False,0.3088603444811646,0.07868219467565751,0.11979865834643606,0.3831621906266456
SSRP1,0.06799788583369804,0.1444161256906695,0.35308543383370505,1.1180416647127504e-09,0.007142857142857143,0.11979865834643606,True,0.06799788583369804,0.35308543383370505,0.11979865834643606,0.38250394944707733
WDR89,-0.1208826357931887,0.06691082731926296,-0.2665967081779961,4.033451655908414e-07,0.007142857142857143,0.11979865834643606,True,0.1208826357931887,0.2665967081779961,0.11979865834643606,0.3818457082675092
TRPC4AP,-0.11695736315092375,0.025247897188423827,-0.2718034127340605,0.1505248043301996,0.007142857142857143,0.11979865834643606,True,0.11695736315092375,0.2718034127340605,0.11979865834643606,0.3817140600315956
RBMX,-0.03937767531328262,0.2947244202529498,0.41100357621913375,1.3040773582033561e-11,0.007142857142857143,0.11979865834643606,False,0.03937767531328262,0.41100357621913375,0.11979865834643606,0.3817140600315956
ZBED1,-0.05597703554078315,0.3419585880913766,0.06285914450346652,0.4013076697069803,0.014285714285714285,0.3827710261184941,False,0.05597703554078315,0.06285914450346652,0.3827710261184941,0.3817140600315956
CILP2,0.011234900141107396,0.9774177467683388,0.48429347000159595,5.4407489957377536e-08,0.007142857142857143,0.11979865834643606,True,0.011234900141107396,0.48429347000159595,0.11979865834643606,0.38158241179568186
PUS7L,0.06940931241358328,0.5073271107628147,-0.34805185779512016,4.7615853682087764e-08,0.007142857142857143,0.11979865834643606,False,0.06940931241358328,0.34805185779512016,0.11979865834643606,0.38158241179568186
BICD2,0.036568226630359746,0.5090705110873004,0.41394156963884043,9.160307970376855e-12,0.007142857142857143,0.11979865834643606,True,0.036568226630359746,0.41394156963884043,0.11979865834643606,0.38118746708794105
ZNF226,-0.023125931437126823,0.662617692269502,-0.44896556788740405,0.35265464324261986,0.007142857142857143,0.11979865834643606,True,0.023125931437126823,0.44896556788740405,0.11979865834643606,0.38118746708794105
PCF11,-0.3503211420244856,1.560167852489889e-06,0.05601985901956397,0.10736810493967407,0.007142857142857143,0.11979865834643606,False,0.3503211420244856,0.05601985901956397,0.11979865834643606,0.38118746708794105
IGSF8,0.22064431221595626,0.012170791886111339,-0.13456479136250366,0.13038870044914044,0.007142857142857143,0.11979865834643606,False,0.22064431221595626,0.13456479136250366,0.11979865834643606,0.38105581885202733
CSNK1G1,-0.05364943011267975,0.16046316764340543,-0.37662107510210774,0.0014399904216067599,0.007142857142857143,0.11979865834643606,True,0.05364943011267975,0.37662107510210774,0.11979865834643606,0.3806608741442865
HCCS,0.501982466267302,6.980773671428147e-11,0.006169452196139957,0.90697293814199,0.007142857142857143,0.11979865834643606,True,0.501982466267302,0.006169452196139957,0.11979865834643606,0.3806608741442864
GNAI1,-0.0587310872757314,0.6652398430396725,0.36238951376895656,7.596552644123317e-05,0.007142857142857143,0.11979865834643606,False,0.0587310872757314,0.36238951376895656,0.11979865834643606,0.3806608741442864
KMT2B,-0.17334138295423607,0.10530315050844476,-0.18189312171258365,0.059869888289228734,0.007142857142857143,0.11979865834643606,True,0.17334138295423607,0.18189312171258365,0.11979865834643606,0.38013428120063186
GLB1L,0.1156335039054106,0.23329186408767494,-0.2702863077553772,0.11571993403057582,0.007142857142857143,0.11979865834643606,False,0.1156335039054106,0.2702863077553772,0.11979865834643606,0.38013428120063186
SKI,0.03864393107419595,0.687633846249481,-0.4092962665762947,0.30128109824151594,0.007142857142857143,0.11979865834643606,False,0.03864393107419595,0.4092962665762947,0.11979865834643606,0.38000263296471826
KANSL2,-0.0614985093079401,0.09390207788966697,-0.35725962002194933,0.006894697647211538,0.007142857142857143,0.11979865834643606,True,0.0614985093079401,0.35725962002194933,0.11979865834643606,0.38000263296471826
WRN,-0.24837985737161183,0.004534882293278844,-0.10803764392013093,0.1718516754409124,0.007142857142857143,0.11979865834643606,True,0.24837985737161183,0.10803764392013093,0.11979865834643606,0.37973933649289093
VPS13A,-0.15735936104828419,0.18957994194147834,-0.2062471075504959,1.4710663597025805e-07,0.007142857142857143,0.11979865834643606,True,0.15735936104828419,0.2062471075504959,0.11979865834643606,0.3790810953133228
DMAP1,-0.42676459162046854,3.406279912294981e-06,-0.024515859966040665,0.52200863494942,0.007142857142857143,0.11979865834643606,True,0.42676459162046854,0.024515859966040665,0.11979865834643606,0.3789494470774092
ASMTL,-0.3230911497899811,0.0009141177301522732,-0.06823467978846054,0.17219460314622842,0.007142857142857143,0.11979865834643606,True,0.3230911497899811,0.06823467978846054,0.11979865834643606,0.37894944707740913
EIF2AK4,-0.05328101604596647,0.13979485029435954,0.019596605368032982,0.5434524783089405,0.02142857142857143,0.7707690936040651,False,0.05328101604596647,0.019596605368032982,0.7707690936040651,0.37881779884149547
PCIF1,-0.2769874749059742,0.00041656171836836867,0.09074793156138838,0.05092786898640614,0.007142857142857143,0.11979865834643606,False,0.2769874749059742,0.09074793156138838,0.11979865834643606,0.37868615060558186
EFR3A,0.22278183478829483,0.0011345488794556006,-0.12974676864661916,0.02084241947864778,0.007142857142857143,0.11979865834643606,False,0.22278183478829483,0.12974676864661916,0.11979865834643606,0.37868615060558186
TNIP1,0.11027949480358501,0.1056581572002014,0.010741686408891837,0.8413200042002994,0.014285714285714285,0.3827710261184941,True,0.11027949480358501,0.010741686408891837,0.3827710261184941,0.37868615060558186
CLASP2,-0.32302787261121324,3.481851771866587e-07,-0.06814580080359889,0.037645705340405074,0.007142857142857143,0.11979865834643606,True,0.32302787261121324,0.06814580080359889,0.11979865834643606,0.37855450236966826
NVL,0.09052368286548962,0.014702983498788293,-0.3064245153984295,3.574536598584888e-09,0.007142857142857143,0.11979865834643606,False,0.09052368286548962,0.3064245153984295,0.11979865834643606,0.3781595576619273
ATG2A,-0.1049594031303922,0.23477064126360622,-0.2834322011430608,0.00034727338613471155,0.007142857142857143,0.11979865834643606,True,0.1049594031303922,0.2834322011430608,0.11979865834643606,0.3781595576619273
NISCH,-0.4566587152796835,2.6901429983691443e-05,-0.012871141501104688,0.8317370876973132,0.007142857142857143,0.11979865834643606,True,0.4566587152796835,0.012871141501104688,0.11979865834643606,0.3776329647182728
RAB11FIP2,-0.1236554552242648,0.09763485576612456,-0.2509674955179477,0.029045143851001386,0.007142857142857143,0.11979865834643606,True,0.1236554552242648,0.2509674955179477,0.11979865834643606,0.37763296471827273
RAB11B,-0.10633607730397365,0.22138043809252764,0.278690939973508,1.9282514347502678e-10,0.007142857142857143,0.11979865834643606,False,0.10633607730397365,0.278690939973508,0.11979865834643606,0.3775013164823591
EXOC2,0.00011572000740756039,0.9981923585140793,0.11821208416434104,0.0015930543605467181,0.014285714285714285,0.3827710261184941,True,0.00011572000740756039,0.11821208416434104,0.3827710261184941,0.3769747235387046
BMP2K,0.050463452972254075,0.5760308979394518,0.370758130923317,2.7043313073239713e-11,0.007142857142857143,0.11979865834643606,True,0.050463452972254075,0.370758130923317,0.11979865834643606,0.37657977883096366
RING1,-0.15726814109844334,0.002457821847556786,0.2006063857356324,0.0028461266779763314,0.007142857142857143,0.11979865834643606,False,0.15726814109844334,0.2006063857356324,0.11979865834643606,0.3763164823591364
LRPPRC,-0.05875359924870338,0.43596321899273854,-0.3530319981866086,3.6811274645641865e-09,0.007142857142857143,0.11979865834643606,True,0.05875359924870338,0.3530319981866086,0.11979865834643606,0.3763164823591364
USP14,0.243432075822545,0.00722439455993815,0.10639296849467783,0.0020346373172617565,0.007142857142857143,0.11979865834643606,True,0.243432075822545,0.10639296849467783,0.11979865834643606,0.3763164823591364
SLK,0.4699522732958137,3.3769341600924605e-06,-0.008712904558343837,0.7631858103185195,0.007142857142857143,0.11979865834643606,False,0.4699522732958137,0.008712904558343837,0.11979865834643606,0.3763164823591364
PTPRF,0.0637667265454116,0.7049356812889348,-0.3430103758309784,2.2686362431581686e-10,0.007142857142857143,0.11979865834643606,False,0.0637667265454116,0.3430103758309784,0.11979865834643606,0.3763164823591364
KATNBL1,0.31584184666793114,0.003004626408904928,0.06666376186556633,0.8167757755737389,0.007142857142857143,0.11979865834643606,True,0.31584184666793114,0.06666376186556633,0.11979865834643606,0.37592153765139547
CD101,-0.3582199878168968,0.017242580863524322,0.04648352844283821,0.683591512941382,0.007142857142857143,0.11979865834643606,False,0.3582199878168968,0.04648352844283821,0.11979865834643606,0.37565824117956814
SYK,-0.1612247791856536,0.017840920687370195,0.19040649993340253,4.799030808473588e-05,0.007142857142857143,0.11979865834643606,False,0.1612247791856536,0.19040649993340253,0.11979865834643606,0.37539494470774093
DCAF13,0.4482071676449735,3.1729960910099023e-10,-0.012920044670590158,0.7943048539512207,0.007142857142857143,0.11979865834643606,False,0.4482071676449735,0.012920044670590158,0.11979865834643606,0.3751316482359136
PRDM15,-0.07999366691576704,0.17056875553034603,-0.31533447620891053,0.13404034136656623,0.007142857142857143,0.11979865834643606,True,0.07999366691576704,0.31533447620891053,0.11979865834643606,0.375
TFDP1,0.29625260202819526,3.2507275928524203e-06,-0.072748974427153,0.37268663906521876,0.007142857142857143,0.11979865834643606,False,0.29625260202819526,0.072748974427153,0.11979865834643606,0.37499999999999994
CAD,-0.1619275007481047,0.026857960159022275,0.1885851234452396,1.350568390545948e-07,0.007142857142857143,0.11979865834643606,False,0.1619275007481047,0.1885851234452396,0.11979865834643606,0.37486835176408634
MINPP1,0.04018035469406733,0.37045010386365734,-0.39250505131038693,1.163519149216714e-09,0.007142857142857143,0.11979865834643606,False,0.04018035469406733,0.39250505131038693,0.11979865834643606,0.37460505529225907
IL6ST,-0.4595440864986866,3.1077930366717295e-05,0.008237702330458063,0.9067054917809357,0.007142857142857143,0.11979865834643606,False,0.4595440864986866,0.008237702330458063,0.11979865834643606,0.37447340705634546
SBF1,-0.17260514237712776,0.06670311132420115,0.16847883698557098,4.591881524843274e-08,0.007142857142857143,0.11979865834643606,False,0.17260514237712776,0.16847883698557098,0.11979865834643606,0.37434175882043175
DERL2,-0.39145825703656456,6.146721543282791e-05,-0.030886858568287323,0.8056668721759045,0.007142857142857143,0.11979865834643606,True,0.39145825703656456,0.030886858568287323,0.11979865834643606,0.37407846234860453
PROSER2,-0.04094468886537772,0.6976052633309856,-0.38860796782131857,5.2869906335646645e-08,0.007142857142857143,0.11979865834643606,True,0.04094468886537772,0.38860796782131857,0.11979865834643606,0.37407846234860453
MTF1,-0.05373532489595867,0.27441608754946806,0.3547297694269318,0.0024550286350668578,0.007142857142857143,0.11979865834643606,False,0.05373532489595867,0.3547297694269318,0.11979865834643606,0.37394681411269093
VRK3,0.17082896291977256,0.0006419655731872672,-0.16866564762176495,0.0301508774737212,0.007142857142857143,0.11979865834643606,False,0.17082896291977256,0.16866564762176495,0.11979865834643606,0.37355186940495
SCRN2,-0.3329351377976071,0.0002560893253195524,-0.05576099617407948,0.2167890909810987,0.007142857142857143,0.11979865834643606,True,0.3329351377976071,0.05576099617407948,0.11979865834643606,0.3734202211690363
OFD1,-0.020465645283065825,0.7756814599909575,-0.42485905687011893,4.3436406056719075e-09,0.007142857142857143,0.11979865834643606,True,0.020465645283065825,0.42485905687011893,0.11979865834643606,0.3732885729331227
PTK2B,0.018058770790993606,0.858843125001768,0.4314474023107451,8.274216917777485e-12,0.007142857142857143,0.11979865834643606,True,0.018058770790993606,0.4314474023107451,0.11979865834643606,0.37315692469720907
PEX6,-0.31759238552026403,0.013852208463567437,-0.06237864689535044,0.3652049724396076,0.007142857142857143,0.11979865834643606,True,0.31759238552026403,0.06237864689535044,0.11979865834643606,0.37289362822538175
COPB1,0.17619373798110693,0.004157499096978966,-0.16062079874548374,0.0019914462599342443,0.007142857142857143,0.11979865834643606,False,0.17619373798110693,0.16062079874548374,0.11979865834643606,0.37276197998946814
ZNF106,-0.46405131885597406,9.56562965481362e-08,0.005382372218381448,0.9603168804646417,0.007142857142857143,0.11979865834643606,False,0.46405131885597406,0.005382372218381448,0.11979865834643606,0.3726303317535545
TMEM176B,0.4510317101025709,0.011970514328314296,-0.008349592468722022,0.9472792865542348,0.007142857142857143,0.11979865834643606,False,0.4510317101025709,0.008349592468722022,0.11979865834643606,0.3723670352817272
PPA2,0.1512016904382012,0.031350818157844094,-0.2000644663922877,0.0024432520901104906,0.007142857142857143,0.11979865834643606,False,0.1512016904382012,0.2000644663922877,0.11979865834643606,0.3723670352817272
FBXO46,0.2298556445600468,0.00487205085576615,-0.11322818374524246,0.7868136984538522,0.007142857142857143,0.11979865834643606,False,0.2298556445600468,0.11322818374524246,0.11979865834643606,0.3723670352817272
ZNF609,-0.2548184713263879,3.8955118837624585e-07,-0.09255903630414153,0.11924520709559669,0.007142857142857143,0.11979865834643606,True,0.2548184713263879,0.09255903630414153,0.11979865834643606,0.3718404423380727
PCDHGC5,0.030429339117777232,0.7561793212877416,0.40495372920768347,0.028805024104704303,0.007142857142857143,0.11979865834643606,True,0.030429339117777232,0.40495372920768347,0.11979865834643606,0.3718404423380727
CABLES1,0.37279136548331415,0.0006785906236988059,-0.03498728298204057,0.6807390398427359,0.007142857142857143,0.11979865834643606,False,0.37279136548331415,0.03498728298204057,0.11979865834643606,0.3718404423380726
SLC3A2,0.04863075935787009,0.5048062294894526,0.3584977470437174,1.2323956907973897e-09,0.007142857142857143,0.11979865834643606,True,0.04863075935787009,0.3584977470437174,0.11979865834643606,0.371708794102159
ZBED4,-0.133772913960712,0.039726630323131534,-0.22711659828954467,0.07794689141781509,0.007142857142857143,0.11979865834643606,True,0.133772913960712,0.22711659828954467,0.11979865834643606,0.37170879410215896
DYNC1H1,-0.015261067755650615,0.72342629047233,0.09131322788654828,0.004085884956949909,0.014285714285714285,0.3827710261184941,False,0.015261067755650615,0.09131322788654828,0.3827710261184941,0.37144549763033174
DEK,0.34221812806172025,0.0022710235037081707,-0.048008268851447156,0.2323733057406516,0.007142857142857143,0.11979865834643606,False,0.34221812806172025,0.048008268851447156,0.11979865834643606,0.3710505529225908
AFTPH,-0.040162480582665694,0.5703992332138469,-0.382378384642859,4.209405198033132e-13,0.007142857142857143,0.11979865834643606,True,0.040162480582665694,0.382378384642859,0.11979865834643606,0.3710505529225908
EXOC6B,-0.10098970618696335,0.04427542660378058,-0.009867708311229961,0.8243972475941831,0.014285714285714285,0.3827710261184941,True,0.10098970618696335,0.009867708311229961,0.3827710261184941,0.37078725645076355
RTCB,0.11267744449422068,0.013785014878511677,-0.25162395980715146,4.3231596846082807e-10,0.007142857142857143,0.11979865834643606,False,0.11267744449422068,0.25162395980715146,0.11979865834643606,0.37012901527119535
AREL1,0.0391933574064538,0.3150135811982321,-0.3815616364707015,0.20141780205930626,0.007142857142857143,0.11979865834643606,False,0.0391933574064538,0.3815616364707015,0.11979865834643606,0.3696024223275408
TMEM102,0.1710694258103551,0.1474199818635966,-0.15948492243199652,0.1620952816198951,0.007142857142857143,0.11979865834643606,False,0.1710694258103551,0.15948492243199652,0.11979865834643606,0.3694707740916272
SEC14L1,-0.23677663277678462,0.005311395118498385,-0.10014896311928823,0.3059015189335494,0.007142857142857143,0.11979865834643606,True,0.23677663277678462,0.10014896311928823,0.11979865834643606,0.3693391258557135
RTF1,0.04190533158071119,0.2940051277705154,0.060568354064532315,0.10535070561746546,0.014285714285714285,0.3827710261184941,True,0.04190533158071119,0.060568354064532315,0.3827710261184941,0.3692074776197999
RBFOX2,0.035771001135451286,0.5813605805848198,0.3846731867510442,2.4404346562529046e-09,0.007142857142857143,0.11979865834643606,True,0.035771001135451286,0.3846731867510442,0.11979865834643606,0.3690758293838863
PRR14L,-0.05000793048611207,0.22598291022544914,0.35146030396197503,0.09214086134413847,0.007142857142857143,0.11979865834643606,False,0.05000793048611207,0.35146030396197503,0.11979865834643606,0.3690758293838862
FABP12,-0.23348326407113482,0.10217528000769278,-0.10259568766476335,0.5112614013788719,0.007142857142857143,0.11979865834643606,True,0.23348326407113482,0.10259568766476335,0.11979865834643606,0.36854923644023163
KRR1,0.10991615026761359,0.15609416635251427,-0.25160807213460146,1.0310775029980704e-05,0.007142857142857143,0.11979865834643606,False,0.10991615026761359,0.25160807213460146,0.11979865834643606,0.3682859399684044
LONP2,-0.16291118099738355,0.01698170001524639,-0.17023746298238862,0.000617681206009465,0.007142857142857143,0.11979865834643606,True,0.16291118099738355,0.17023746298238862,0.11979865834643606,0.3681542917324908
RWDD2B,-0.1638657030266959,0.015995760637266505,-0.1678128359360329,0.07526332230077908,0.007142857142857143,0.11979865834643606,True,0.1638657030266959,0.1678128359360329,0.11979865834643606,0.3680226434965771
MGA,-0.1849129720683731,0.000702746557134014,0.14458338191649034,0.005615472601393019,0.007142857142857143,0.11979865834643606,False,0.1849129720683731,0.14458338191649034,0.11979865834643606,0.3678909952606635
SF3B1,-0.013827586912174894,0.8117683648081376,0.03510713408936539,0.14735369093041933,0.02857142857142857,1.2631321245564464,False,0.013827586912174894,0.03510713408936539,1.2631321245564464,0.36782517114270663
HSP90AB1,0.20469861363921815,0.002460146525535238,0.41971404837791226,7.042854579881371e-29,0.0,-0.0,True,0.20469861363921815,0.41971404837791226,-0.0,0.3677593470247498
DHX9,0.14126576007780045,1.9075190417113622e-05,0.20533832065850177,7.193239699553855e-13,0.007142857142857143,0.11979865834643606,True,0.14126576007780045,0.20533832065850177,0.11979865834643606,0.36762769878883617
RNF220,0.04539277491819682,0.23245154096492876,0.3542617388139071,3.07675519538974e-05,0.007142857142857143,0.11979865834643606,True,0.04539277491819682,0.3542617388139071,0.11979865834643606,0.36736440231700895
ARHGAP17,-0.13745267448953236,0.04767463661402527,0.21035633715689883,3.1373084514559967e-06,0.007142857142857143,0.11979865834643606,False,0.13745267448953236,0.21035633715689883,0.11979865834643606,0.36723275408109535
PLEKHF1,0.012144126688696133,0.9362123394738852,0.4262059238759015,1.413749103835541e-07,0.007142857142857143,0.11979865834643606,True,0.012144126688696133,0.4262059238759015,0.11979865834643606,0.3672327540810953
KDM6A,-0.10136201305373937,0.3100265955272269,0.0054324547825039815,0.9340706228278367,0.014285714285714285,0.3827710261184941,False,0.10136201305373937,0.0054324547825039815,0.3827710261184941,0.3672327540810953
METTL18,0.2237445931333788,0.012471358145611774,0.10942788402452663,0.564732319440307,0.007142857142857143,0.11979865834643606,True,0.2237445931333788,0.10942788402452663,0.11979865834643606,0.36710110584518163
WNK1,0.16353717171895887,0.014900081084816486,0.16727724558100476,3.77920847754779e-09,0.007142857142857143,0.11979865834643606,True,0.16353717171895887,0.16727724558100476,0.11979865834643606,0.366969457609268
MED24,0.0051237226279301495,0.9213650702582651,0.09462760491481959,0.05791816542316269,0.014285714285714285,0.3827710261184941,True,0.0051237226279301495,0.09462760491481959,0.3827710261184941,0.3665745129015271
ENPP4,0.08947034963982148,0.3927257374451931,0.27901232948883603,0.00014037586163650686,0.007142857142857143,0.11979865834643606,True,0.08947034963982148,0.27901232948883603,0.11979865834643606,0.36604791995787256
TSC2,-0.27158475091690804,0.0006094972594572221,-0.07491973083786974,0.01632149887418272,0.007142857142857143,0.11979865834643606,True,0.27158475091690804,0.07491973083786974,0.11979865834643606,0.3659162717219589
KDM3A,0.13235787434134139,0.0967157397452506,0.21394998031550827,0.0002643511492397935,0.007142857142857143,0.11979865834643606,True,0.13235787434134139,0.21394998031550827,0.11979865834643606,0.365521327014218
SCRIB,0.2599341919302649,0.017117454056427256,0.07777756826998328,0.021805748702751523,0.007142857142857143,0.11979865834643606,True,0.2599341919302649,0.07777756826998328,0.11979865834643606,0.36499473407056343
SMARCC1,-0.16261359610179227,0.028805843390969324,-0.1648152926160904,3.6862427247750295e-05,0.007142857142857143,0.11979865834643606,True,0.16261359610179227,0.1648152926160904,0.11979865834643606,0.36499473407056343
PLEKHO2,-0.07503672237491799,0.6039016138457928,0.2996932016821603,2.260221542795646e-05,0.007142857142857143,0.11979865834643606,False,0.07503672237491799,0.2996932016821603,0.11979865834643606,0.36486308583464977
HERC5,0.20799331688835032,0.03378979034615274,0.11819989545222143,0.19066829787325495,0.007142857142857143,0.11979865834643606,True,0.20799331688835032,0.11819989545222143,0.11979865834643606,0.36446814112690884
DAB2IP,-0.07802043976312767,0.39229080005714295,0.29235956513496575,2.7762847302293337e-11,0.007142857142857143,0.11979865834643606,False,0.07802043976312767,0.29235956513496575,0.11979865834643606,0.364073196419168
FAM135A,0.42152127635715786,1.745244332920255e-06,0.0076237349678329736,0.957396050386598,0.007142857142857143,0.11979865834643606,True,0.42152127635715786,0.0076237349678329736,0.11979865834643606,0.36407319641916797
PMEPA1,0.018893316448169273,0.9139686883773299,0.07556578721747442,0.6235988509313923,0.014285714285714285,0.3827710261184941,True,0.018893316448169273,0.07556578721747442,0.3827710261184941,0.3639415481832543
SLCO2B1,-0.1799288226333342,0.21328845305015642,0.14078468910995312,0.1260892691059548,0.007142857142857143,0.11979865834643606,False,0.1799288226333342,0.14078468910995312,0.11979865834643606,0.36328330700368616
GLI1,0.13631104224623414,0.5193972342211787,0.20293595609852133,0.17115503933537438,0.007142857142857143,0.11979865834643606,True,0.13631104224623414,0.20293595609852133,0.11979865834643606,0.36328330700368616
SPDYE3,0.033631939386900456,0.7538450633283517,-0.36816332239353855,0.08258506643832551,0.007142857142857143,0.11979865834643606,False,0.033631939386900456,0.36816332239353855,0.11979865834643606,0.3631516587677725
ABCF2,0.19869212498429967,0.00012078095514547384,0.12296824879345891,0.00482180632316649,0.007142857142857143,0.11979865834643606,True,0.19869212498429967,0.12296824879345891,0.11979865834643606,0.3631516587677725
RAD51C,0.02044853551887016,0.7518075774164433,-0.4000357518158655,0.32722064183461574,0.007142857142857143,0.11979865834643606,False,0.02044853551887016,0.4000357518158655,0.11979865834643606,0.3631516587677725
BTN2A1,0.23222829107546694,0.003794937039632918,-0.09644276172996413,0.23174150833844684,0.007142857142857143,0.11979865834643606,False,0.23222829107546694,0.09644276172996413,0.11979865834643606,0.3631516587677725
SPIRE1,0.176796609356904,0.019450268288464075,-0.14311088800355165,0.5053322186077687,0.007142857142857143,0.11979865834643606,False,0.176796609356904,0.14311088800355165,0.11979865834643606,0.36302001053185884
UBALD1,0.31483088985297947,0.006967749788356129,0.04978513151530706,0.7831334616331024,0.007142857142857143,0.11979865834643606,True,0.31483088985297947,0.04978513151530706,0.11979865834643606,0.36288836229594523
CLEC14A,-0.3771166527402716,0.010062896266489452,0.01981147840363917,0.8596432423883166,0.007142857142857143,0.11979865834643606,False,0.3771166527402716,0.01981147840363917,0.11979865834643606,0.362230121116377
ERICH1,-0.0050532752438900985,0.9367180772308089,-0.0886721457583377,0.37055444957625355,0.014285714285714285,0.3827710261184941,True,0.0050532752438900985,0.0886721457583377,0.3827710261184941,0.3620984728804634
FOLR1,-0.3652525157403659,0.2499038299125851,0.026957717243174528,0.8615082931618222,0.007142857142857143,0.11979865834643606,False,0.3652525157403659,0.026957717243174528,0.11979865834643606,0.3620984728804634
PLCG1,0.0023834360587144943,0.9742816827980972,0.43258208029177325,2.38361021379155e-18,0.007142857142857143,0.11979865834643606,True,0.0023834360587144943,0.43258208029177325,0.11979865834643606,0.36144023170089523
EHMT2,-0.09120078180150415,0.05217937931399747,0.006968749618692982,0.8756767082613895,0.014285714285714285,0.3827710261184941,False,0.09120078180150415,0.006968749618692982,0.3827710261184941,0.3614402317008952
ADGRL3,0.009940961890643862,0.9669392714941198,-0.415048802908597,0.26391045942647884,0.007142857142857143,0.11979865834643606,False,0.009940961890643862,0.415048802908597,0.11979865834643606,0.36130858346498157
INPP5B,-0.23324465865762178,2.2803972392206386e-07,-0.0911675709010602,0.14557358118992098,0.007142857142857143,0.11979865834643606,True,0.23324465865762178,0.0911675709010602,0.11979865834643606,0.36091363875724064
CBLL1,0.13840802351746895,0.13152657517459704,-0.19227539568323238,0.005328982564678393,0.007142857142857143,0.11979865834643606,False,0.13840802351746895,0.19227539568323238,0.11979865834643606,0.3605186940494997
CRISPLD1,-0.12107280993256886,0.6680005714061367,0.22086525557139502,0.7106444932257836,0.007142857142857143,0.11979865834643606,False,0.12107280993256886,0.22086525557139502,0.11979865834643606,0.36051869404949966
PXMP2,-0.38838606688801214,0.0318812401142795,0.012961690935028969,0.9475053716442323,0.007142857142857143,0.11979865834643606,False,0.38838606688801214,0.012961690935028969,0.11979865834643606,0.36025539757767244
TRIM56,0.09746091192688233,0.09631846224052353,-0.2537430102308562,1.7229887259708874e-11,0.007142857142857143,0.11979865834643606,False,0.09746091192688233,0.2537430102308562,0.11979865834643606,0.3598604528699315
ATF7,-0.20285826114708527,0.036628651207464114,-0.1150254497152794,0.11514929083913598,0.007142857142857143,0.11979865834643606,True,0.20285826114708527,0.1150254497152794,0.11979865834643606,0.3597288046340179
CHAMP1,-0.24139476527901316,0.0024555803953427865,-0.08382797818236654,0.0007904754682346618,0.007142857142857143,0.11979865834643606,True,0.24139476527901316,0.08382797818236654,0.11979865834643606,0.3597288046340179
MAN2C1,-0.23308426643959912,0.001486211356871569,0.08952575729415813,0.05401908049842551,0.007142857142857143,0.11979865834643606,False,0.23308426643959912,0.08952575729415813,0.11979865834643606,0.3597288046340179
RLF,0.24607746652709928,0.0002824042185361881,-0.0808992758699425,0.36553398807119203,0.007142857142857143,0.11979865834643606,False,0.24607746652709928,0.0808992758699425,0.11979865834643606,0.3597288046340179
DENND5A,-0.282595017196563,4.0929466605514325e-05,-0.05985685315755518,0.513621613903845,0.007142857142857143,0.11979865834643606,True,0.282595017196563,0.05985685315755518,0.11979865834643606,0.3588072669826224
UQCC1,0.05379320498032669,0.14021640856853115,-0.3171408541690752,3.952456825395259e-05,0.007142857142857143,0.11979865834643606,False,0.05379320498032669,0.3171408541690752,0.11979865834643606,0.3586756187467087
WDR45,-0.10660449584077902,0.014350792137409002,-0.2376323101067328,1.323319577386044e-05,0.007142857142857143,0.11979865834643606,True,0.10660449584077902,0.2376323101067328,0.11979865834643606,0.35828067403896785
ADGRL4,-0.0557826465410205,0.716374401282299,-0.31146027688235733,0.002736262932980583,0.007142857142857143,0.11979865834643606,True,0.0557826465410205,0.31146027688235733,0.11979865834643606,0.35749078462348605
SENP6,-0.19984269970029267,0.03885022249483962,-0.11385099273065435,0.10709708459272092,0.007142857142857143,0.11979865834643606,True,0.19984269970029267,0.11385099273065435,0.11979865834643606,0.3570958399157451
NOM1,-0.10130998875856889,0.09243729641843941,-0.2430653373756826,0.0009634057106362242,0.007142857142857143,0.11979865834643606,True,0.10130998875856889,0.2430653373756826,0.11979865834643606,0.35696419167983146
KIF5A,-0.10053372248336956,0.6386678969876506,-0.24590456599722899,0.37481071706939145,0.007142857142857143,0.11979865834643606,True,0.10053372248336956,0.24590456599722899,0.11979865834643606,0.3568325434439178
DOCK7,0.09644830635958535,0.04959680919911144,0.2501002463489108,4.003942748321373e-14,0.007142857142857143,0.11979865834643606,True,0.09644830635958535,0.2501002463489108,0.11979865834643606,0.3567008952080042
INTS3,-0.16495140945392528,0.001592994086783028,-0.1469400495505795,6.375408978491826e-05,0.007142857142857143,0.11979865834643606,True,0.16495140945392528,0.1469400495505795,0.11979865834643606,0.35643759873617686
TNS3,-0.38413186801615673,3.183214388255011e-05,-0.009587980770263016,0.6710372784549824,0.007142857142857143,0.11979865834643606,True,0.38413186801615673,0.009587980770263016,0.11979865834643606,0.35604265402843605
SMG1,0.08964810158463088,0.16116285496673297,0.002445102244241326,0.9467258611710414,0.014285714285714285,0.3827710261184941,True,0.08964810158463088,0.002445102244241326,0.3827710261184941,0.3556477093206951
SETD1A,-0.23007059600897506,0.007947130163972268,-0.08677635673751283,0.13127287547644312,0.007142857142857143,0.11979865834643606,True,0.23007059600897506,0.08677635673751283,0.11979865834643606,0.3555160610847814
LRCH3,-0.06655117210365269,0.18893019635790978,0.2904437838118419,4.625317590255689e-10,0.007142857142857143,0.11979865834643606,False,0.06655117210365269,0.2904437838118419,0.11979865834643606,0.3555160610847814
POFUT1,-0.05663005514624864,0.18313002037666928,0.30547942120562865,1.3070011492549143e-06,0.007142857142857143,0.11979865834643606,False,0.05663005514624864,0.30547942120562865,0.11979865834643606,0.3552527646129542
KIAA1671,-0.13350119519603965,0.2636898586695162,-0.18999226115755263,1.318413870088686e-06,0.007142857142857143,0.11979865834643606,True,0.13350119519603965,0.18999226115755263,0.11979865834643606,0.3552527646129542
THUMPD1,-0.336890247112402,0.00019738893429266046,-0.032124691133219585,0.5131913621263855,0.007142857142857143,0.11979865834643606,True,0.336890247112402,0.032124691133219585,0.11979865834643606,0.3552527646129542
MAP4K3,0.11911383224380678,0.17141038196659256,-0.21271655412108004,1.8702276707082528e-05,0.007142857142857143,0.11979865834643606,False,0.11911383224380678,0.21271655412108004,0.11979865834643606,0.3552527646129542
SCRN1,-0.1820002651661401,0.000560237529067248,-0.12474640253570257,0.0017428196579296338,0.007142857142857143,0.11979865834643606,True,0.1820002651661401,0.12474640253570257,0.11979865834643606,0.35472617166929965
PPME1,0.40771682862157377,4.625314331869682e-11,-0.0020933223569983284,0.9549880686255456,0.007142857142857143,0.11979865834643606,False,0.40771682862157377,0.0020933223569983284,0.11979865834643606,0.35459452343338593
MRAS,-0.0504724154762588,0.6783671606534877,0.31363845361997633,0.006133356245058386,0.007142857142857143,0.11979865834643606,False,0.0504724154762588,0.31363845361997633,0.11979865834643606,0.35459452343338593
PEX19,0.026751367842335227,0.6550161845973008,0.35563444784574827,3.308363981662872e-09,0.007142857142857143,0.11979865834643606,True,0.026751367842335227,0.35563444784574827,0.11979865834643606,0.3538046340179041
VPS45,0.1281129701845014,0.0003227168969424216,0.19446894744309517,1.2308824622428367e-05,0.007142857142857143,0.11979865834643606,True,0.1281129701845014,0.19446894744309517,0.11979865834643606,0.35367298578199047
POLR1C,0.15112540554869724,0.004948769957593742,-0.15697874596028782,0.00968700513574866,0.007142857142857143,0.11979865834643606,False,0.15112540554869724,0.15697874596028782,0.11979865834643606,0.35327804107424954
ZBTB41,0.2707808878370539,0.02212623690735713,-0.059356296147896614,0.8143077944914278,0.007142857142857143,0.11979865834643606,False,0.2707808878370539,0.059356296147896614,0.11979865834643606,0.35314639283833593
DNAJC7,0.14918405899091347,0.000286284810517173,0.15832524454499008,0.0014640586452120412,0.007142857142857143,0.11979865834643606,True,0.14918405899091347,0.15832524454499008,0.11979865834643606,0.35314639283833593
GLG1,-0.14976305622307962,0.06714462549943195,0.15760937448849432,0.000724439000049953,0.007142857142857143,0.11979865834643606,False,0.14976305622307962,0.15760937448849432,0.11979865834643606,0.35288309636650866
STK25,-0.0715682785152083,0.21962910382167222,0.27732272011874315,5.4134469571529955e-05,0.007142857142857143,0.11979865834643606,False,0.0715682785152083,0.27732272011874315,0.11979865834643606,0.352751448130595
PRICKLE2,-0.3084158945113007,0.017827408176639494,-0.04089841516309356,0.8951520297902861,0.007142857142857143,0.11979865834643606,True,0.3084158945113007,0.04089841516309356,0.11979865834643606,0.3526197998946814
MCRIP2,-0.03995979895916335,0.7559427224791233,-0.32942462939956485,0.15420990382197441,0.007142857142857143,0.11979865834643606,True,0.03995979895916335,0.32942462939956485,0.11979865834643606,0.3526197998946814
PMS1,-0.04993779611019811,0.5374882420426343,-0.30848367619827854,0.0003760372377075109,0.007142857142857143,0.11979865834643606,True,0.04993779611019811,0.30848367619827854,0.11979865834643606,0.3519615587151132
ASCC3,0.12308732475654871,0.020396152402837913,-0.19883230354251324,2.3386382240513997e-08,0.007142857142857143,0.11979865834643606,False,0.12308732475654871,0.19883230354251324,0.11979865834643606,0.35182991047919954
NUP155,0.2954675464530343,4.867691106205118e-08,0.044760688862492515,0.09161620866437917,0.007142857142857143,0.11979865834643606,True,0.2954675464530343,0.044760688862492515,0.11979865834643606,0.35169826224328593
MID1,-0.20942992320167875,0.04154296766326319,0.09535600226649166,0.08222105074431119,0.007142857142857143,0.11979865834643606,False,0.20942992320167875,0.09535600226649166,0.11979865834643606,0.3511716692996314
ZZZ3,-0.007767515483331877,0.9239309549680677,-0.3934378483319456,5.9229421659992296e-06,0.007142857142857143,0.11979865834643606,True,0.007767515483331877,0.3934378483319456,0.11979865834643606,0.3511716692996314
DCHS1,-0.08405357146717662,0.45657153566983827,-0.0014420968187600636,0.9854387852969152,0.014285714285714285,0.3827710261184941,True,0.08405357146717662,0.0014420968187600636,0.3827710261184941,0.3505134281200632
MTERF1,0.1677738694492792,0.003997274353818102,-0.13340765067896854,0.39962946602230554,0.007142857142857143,0.11979865834643606,False,0.1677738694492792,0.13340765067896854,0.11979865834643606,0.35038177988414954
KIF1B,-0.35227028401438965,0.00045749654159156136,0.017285698550896456,0.6583704893156289,0.007142857142857143,0.11979865834643606,False,0.35227028401438965,0.017285698550896456,0.11979865834643606,0.35011848341232227
ISCU,-0.1191165316293823,0.07547328903372236,-0.2019976788046698,0.0004451467247336171,0.007142857142857143,0.11979865834643606,True,0.1191165316293823,0.2019976788046698,0.11979865834643606,0.35011848341232227
SIPA1,0.09605258409232498,0.551697724627506,0.23738409313797249,9.93390107103569e-06,0.007142857142857143,0.11979865834643606,True,0.09605258409232498,0.23738409313797249,0.11979865834643606,0.349855186940495
MED13L,-0.39666067783875647,4.242912081507395e-06,0.0008998614815922679,0.9882816818597203,0.007142857142857143,0.11979865834643606,False,0.39666067783875647,0.0008998614815922679,0.11979865834643606,0.349855186940495
CBFA2T2,-0.22956944874494134,5.818579146163678e-05,0.07672461971331401,0.42448861470562416,0.007142857142857143,0.11979865834643606,False,0.22956944874494134,0.07672461971331401,0.11979865834643606,0.34906529752501314
PCDHB9,0.32601557107195767,0.001731577060983629,-0.02927489601466604,0.9686795537315854,0.007142857142857143,0.11979865834643606,False,0.32601557107195767,0.02927489601466604,0.11979865834643606,0.34906529752501314
RBM5,-0.3943801823018429,5.97775315761788e-13,-0.0003571794803356454,0.9938289888392715,0.007142857142857143,0.11979865834643606,True,0.3943801823018429,0.0003571794803356454,0.11979865834643606,0.3488020010531859
PNKP,0.017002695765636844,0.8348396245435173,-0.05625671436325064,0.15315955197956918,0.014285714285714285,0.3827710261184941,False,0.017002695765636844,0.05625671436325064,0.3827710261184941,0.3486703528172722
SAR1A,0.16339079012421998,0.013130168205353836,-0.13714765441953247,0.009624318289022177,0.007142857142857143,0.11979865834643606,False,0.16339079012421998,0.13714765441953247,0.11979865834643606,0.3485387045813586
POP5,0.1138153546741858,0.015507281242964601,-0.20799564312218166,0.009337843554773325,0.007142857142857143,0.11979865834643606,False,0.1138153546741858,0.20799564312218166,0.11979865834643606,0.3485387045813586
SLC1A3,-0.11619387589556496,0.6680013239916369,0.2026923751349905,0.3335035796851032,0.007142857142857143,0.11979865834643606,False,0.11619387589556496,0.2026923751349905,0.11979865834643606,0.3482754081095313
STAU2,0.016501181287939204,0.7960754825037415,-0.35925657955791124,3.30329963745633e-13,0.007142857142857143,0.11979865834643606,False,0.016501181287939204,0.35925657955791124,0.11979865834643606,0.3481437598736177
ARHGAP35,-0.28647859397934283,2.1569977923648805e-06,0.043909398318394466,0.11558319007120016,0.007142857142857143,0.11979865834643606,False,0.28647859397934283,0.043909398318394466,0.11979865834643606,0.34801211163770407
FUBP1,0.16490916740653994,1.4879239008268015e-05,0.1327777976058684,1.586496374741706e-05,0.007142857142857143,0.11979865834643606,True,0.16490916740653994,0.1327777976058684,0.11979865834643606,0.34761716692996314
GON4L,0.031851588228184013,0.4110255972337188,0.0036604451463730925,0.9693030544197292,0.02142857142857143,0.7707690936040651,True,0.031851588228184013,0.0036604451463730925,0.7707690936040651,0.34709057398630855
HIST1H1E,0.03813211401642391,0.6056402676368584,0.32036395120870864,6.772450734156746e-05,0.007142857142857143,0.11979865834643606,True,0.03813211401642391,0.32036395120870864,0.11979865834643606,0.3466956292785677
NOS1AP,0.33824453490622286,0.021132770287072302,0.0191755684434618,0.8038232640770692,0.007142857142857143,0.11979865834643606,True,0.33824453490622286,0.0191755684434618,0.11979865834643606,0.34656398104265407
ZMYM2,0.10333548484786981,0.11373064853104131,0.21858242055607136,2.7973007628838968e-08,0.007142857142857143,0.11979865834643606,True,0.10333548484786981,0.21858242055607136,0.11979865834643606,0.346563981042654
SUGP2,-0.22341304062665124,9.305007018801265e-05,-0.07773791140568775,0.009358590386266623,0.007142857142857143,0.11979865834643606,True,0.22341304062665124,0.07773791140568775,0.11979865834643606,0.34643233280674035
ESD,-0.0307736454375096,0.6442307967039649,-0.3319532290171807,1.2020014018616937e-18,0.007142857142857143,0.11979865834643606,True,0.0307736454375096,0.3319532290171807,0.11979865834643606,0.34630068457082674
POGLUT1,0.06683579694432318,0.2514271828603812,0.27052799125328875,8.00567649105071e-05,0.007142857142857143,0.11979865834643606,True,0.06683579694432318,0.27052799125328875,0.11979865834643606,0.34616903633491314
OPA1,0.1417186648265254,0.01650597555135818,0.15632439001302956,1.49163644359879e-05,0.007142857142857143,0.11979865834643606,True,0.1417186648265254,0.15632439001302956,0.11979865834643606,0.34616903633491314
SMTN,-0.09423996068684559,0.397329473638491,0.23305895347612804,0.022153030028902926,0.007142857142857143,0.11979865834643606,False,0.09423996068684559,0.23305895347612804,0.11979865834643606,0.34616903633491314
ZNF417,0.025100306037217024,0.49532033467226383,0.046471616914601555,0.5428017253549688,0.014285714285714285,0.3827710261184941,True,0.025100306037217024,0.046471616914601555,0.3827710261184941,0.3461690363349131
BRCC3,0.2503980402919517,0.00010869890997145887,0.059023097067843366,0.19964038059873826,0.007142857142857143,0.11979865834643606,True,0.2503980402919517,0.059023097067843366,0.11979865834643606,0.3457740916271722
IFT57,-0.1815120828600243,0.00024498174375070606,-0.11116403056889013,0.14948607868653654,0.007142857142857143,0.11979865834643606,True,0.1815120828600243,0.11116403056889013,0.11979865834643606,0.3456424433912585
SIGIRR,-0.037353201485029075,0.7008351205727534,-0.31739898650467424,0.001150688868462867,0.007142857142857143,0.11979865834643606,True,0.037353201485029075,0.31739898650467424,0.11979865834643606,0.3455107951553449
ATP11C,0.11256337564771712,0.27352577991166027,-0.20114295879479727,0.0005417612819073829,0.007142857142857143,0.11979865834643606,False,0.11256337564771712,0.20114295879479727,0.11979865834643606,0.34485255397577674
SIGLEC1,0.11118954425727168,0.6596003923601754,0.20283131175118285,0.02490316386761523,0.007142857142857143,0.11979865834643606,True,0.11118954425727168,0.20283131175118285,0.11979865834643606,0.344720905739863
PKD2,-0.2761612231454791,0.005241832173639632,0.04518304854731525,0.4995175703069263,0.007142857142857143,0.11979865834643606,False,0.2761612231454791,0.04518304854731525,0.11979865834643606,0.3439310163243812
ERCC8,-0.023849623804508724,0.6072207345076445,-0.33371316946411156,0.01372192859912072,0.007142857142857143,0.11979865834643606,True,0.023849623804508724,0.33371316946411156,0.11979865834643606,0.34379936808846756
TJAP1,-0.017508801882520686,0.7521345599668273,0.3461169251093317,1.8221852715594323e-05,0.007142857142857143,0.11979865834643606,False,0.017508801882520686,0.3461169251093317,0.11979865834643606,0.3435360716166403
NUFIP2,0.33282701957108074,0.00010622777756751063,0.01825350269924897,0.5758535377562572,0.007142857142857143,0.11979865834643606,True,0.33282701957108074,0.01825350269924897,0.11979865834643606,0.34300947867298576
SEMA6B,-0.015203040153561886,0.9340912587291003,0.35110850120215,0.08013980597697323,0.007142857142857143,0.11979865834643606,False,0.015203040153561886,0.35110850120215,0.11979865834643606,0.34248288572933117
RABAC1,0.12552507719242634,0.1996777923025964,-0.1694025920828146,0.05053122875447081,0.007142857142857143,0.11979865834643606,False,0.12552507719242634,0.1694025920828146,0.11979865834643606,0.3420879410215903
ZNF800,0.03377286749216957,0.7283845047870376,0.033840837522379985,0.6379871650170321,0.014285714285714285,0.3827710261184941,True,0.03377286749216957,0.033840837522379985,0.3827710261184941,0.34156134807793576
SMPD4,0.021633692257591264,0.6869174047059821,-0.3334837623358595,3.038562871534702e-07,0.007142857142857143,0.11979865834643606,False,0.021633692257591264,0.3334837623358595,0.11979865834643606,0.3415613480779357
PUS10,0.08865303242835587,0.36621742103759997,-0.23094731521573664,0.0018920612204714198,0.007142857142857143,0.11979865834643606,False,0.08865303242835587,0.23094731521573664,0.11979865834643606,0.3415613480779357
TMCO4,-0.26539532045290315,0.008004458188428046,-0.04548543457538301,0.49060817477347446,0.007142857142857143,0.11979865834643606,True,0.26539532045290315,0.04548543457538301,0.11979865834643606,0.34090310689836756
UAP1,-0.011811995974403189,0.9089771428044258,-0.3529866722913617,6.439538481634972e-07,0.007142857142857143,0.11979865834643606,True,0.011811995974403189,0.3529866722913617,0.11979865834643606,0.34090310689836756
TMEM263,0.11791978133502923,0.33743636478301725,-0.18232002196741348,0.007339028364551085,0.007142857142857143,0.11979865834643606,False,0.11791978133502923,0.18232002196741348,0.11979865834643606,0.34077145866245395
CDH5,-0.28692652799376894,0.027775920055949546,-0.03473130316816153,0.5951298435831126,0.007142857142857143,0.11979865834643606,True,0.28692652799376894,0.03473130316816153,0.11979865834643606,0.3406398104265403
PCID2,0.0028252205640306727,0.941770574704501,0.36890632181100713,1.0090164787620327e-11,0.007142857142857143,0.11979865834643606,True,0.0028252205640306727,0.36890632181100713,0.11979865834643606,0.34063981042654023
RNF31,-0.13811661517248552,0.005193585300180508,-0.15082700790504333,0.00015860533806162636,0.007142857142857143,0.11979865834643606,True,0.13811661517248552,0.15082700790504333,0.11979865834643606,0.33958662453923116
BLNK,-0.3363590127417151,0.012193970521211331,0.011393271387991177,0.8683052015556766,0.007142857142857143,0.11979865834643606,False,0.3363590127417151,0.011393271387991177,0.11979865834643606,0.3393233280674039
WDR5,-0.20673386951529515,0.000115838259753708,-0.08170937122168453,0.05327110311601949,0.007142857142857143,0.11979865834643606,True,0.20673386951529515,0.08170937122168453,0.11979865834643606,0.33932332806740384
GNE,0.3064304929333943,0.0006296379113559817,0.026592352697807797,0.5918843311272051,0.007142857142857143,0.11979865834643606,True,0.3064304929333943,0.026592352697807797,0.11979865834643606,0.33932332806740384
TTC13,0.2357948106895229,0.00041186364831648193,0.056287711472350566,0.3882785854512921,0.007142857142857143,0.11979865834643606,True,0.2357948106895229,0.056287711472350566,0.11979865834643606,0.33813849394418116
SPEG,0.027203940050012143,0.9181378210600954,-0.31644939657456916,0.3192599748709748,0.007142857142857143,0.11979865834643606,False,0.027203940050012143,0.31644939657456916,0.11979865834643606,0.33800684570826744
LZTS1,0.07941143239773751,0.6817765042551115,0.23541751925690235,8.9132690094905e-05,0.007142857142857143,0.11979865834643606,True,0.07941143239773751,0.23541751925690235,0.11979865834643606,0.33787519747235384
SIGLEC14,0.0855531715814184,0.8593934298917368,0.22787214569148162,0.36206613800927123,0.007142857142857143,0.11979865834643606,True,0.0855531715814184,0.22787214569148162,0.11979865834643606,0.33774354923644023
FIBP,0.16886808344191984,0.003018103865800301,0.11083438304798321,0.007514845533585847,0.007142857142857143,0.11979865834643606,True,0.16886808344191984,0.11083438304798321,0.11979865834643606,0.3374802527646129
TADA1,0.17836443457411733,0.006976341491512008,0.0995120131652456,0.1648599380018218,0.007142857142857143,0.11979865834643606,True,0.17836443457411733,0.0995120131652456,0.11979865834643606,0.33708530805687204
RLIM,0.24048165144188438,0.0006300841526897023,0.05311259984987515,0.7621419209798935,0.007142857142857143,0.11979865834643606,True,0.24048165144188438,0.05311259984987515,0.11979865834643606,0.33708530805687204
RIT1,0.352455651063055,7.911725224293273e-06,-0.0021358204927466318,0.976170985873315,0.007142857142857143,0.11979865834643606,False,0.352455651063055,0.0021358204927466318,0.11979865834643606,0.33708530805687204
NAGPA,0.05462427558978433,0.4937119474641728,-0.26784999404075904,0.014143260485625338,0.007142857142857143,0.11979865834643606,False,0.05462427558978433,0.26784999404075904,0.11979865834643606,0.337085308056872
DBR1,0.17067113943552847,0.00017465905559094116,-0.10729142680519033,0.000919693172068142,0.007142857142857143,0.11979865834643606,False,0.17067113943552847,0.10729142680519033,0.11979865834643606,0.33669036334913116
HECTD1,0.03267990905421492,0.5543466752485953,0.3039261964992015,1.980119107717652e-18,0.007142857142857143,0.11979865834643606,True,0.03267990905421492,0.3039261964992015,0.11979865834643606,0.3360321221695629
POMK,0.12986383882962116,0.010019233143806842,0.15450221344995896,0.18073226453932104,0.007142857142857143,0.11979865834643606,True,0.12986383882962116,0.15450221344995896,0.11979865834643606,0.3359004739336493
KMT2A,-0.2548736865646646,0.0017013717347521408,0.043852341687728114,0.3908231712035179,0.007142857142857143,0.11979865834643606,False,0.2548736865646646,0.043852341687728114,0.11979865834643606,0.33576882569773564
TYK2,-0.10647931477391914,0.09231781191744631,0.18941890423268148,0.004147819189866722,0.007142857142857143,0.11979865834643606,False,0.10647931477391914,0.18941890423268148,0.11979865834643606,0.335637177461822
USP34,-0.14198459502732774,0.030376930211589076,-0.13848388587465976,0.006346864813932035,0.007142857142857143,0.11979865834643606,True,0.14198459502732774,0.13848388587465976,0.11979865834643606,0.33550552922590837
BCL9L,0.35183658899800996,0.0008520132005462791,-0.0009186486303391916,0.9864181085431214,0.007142857142857143,0.11979865834643606,False,0.35183658899800996,0.0009186486303391916,0.11979865834643606,0.33524223275408105
MSH6,-0.12672369064393152,0.13149466729346934,-0.15619654636265068,2.702011568537735e-05,0.007142857142857143,0.11979865834643606,True,0.12672369064393152,0.15619654636265068,0.11979865834643606,0.33524223275408105
METTL13,0.19151674308999134,0.0008577540274416534,-0.08693762997111776,0.05467086652201775,0.007142857142857143,0.11979865834643606,False,0.19151674308999134,0.08693762997111776,0.11979865834643606,0.3348472880463402
ARHGEF17,-0.010544248149647828,0.9134984607675066,0.3365207354377979,2.0583838222003208e-10,0.007142857142857143,0.11979865834643606,False,0.010544248149647828,0.3365207354377979,0.11979865834643606,0.3348472880463402
STX8,-0.16763797399787173,0.0018064528869836075,-0.10650947043612646,0.21924105951173015,0.007142857142857143,0.11979865834643606,True,0.16763797399787173,0.10650947043612646,0.11979865834643606,0.33445234333859925
ECD,0.08212359329162844,0.026495591030534067,0.22614008409986042,0.00040411203284054087,0.007142857142857143,0.11979865834643606,True,0.08212359329162844,0.22614008409986042,0.11979865834643606,0.33445234333859925
WBP1L,-0.07293854874170513,0.38661364340787396,0.23626092478657412,0.12350103315191063,0.007142857142857143,0.11979865834643606,False,0.07293854874170513,0.23626092478657412,0.11979865834643606,0.334189046866772
ZNF792,0.09446802588453806,0.05213918276425044,-0.2060194269793243,0.34076822764712006,0.007142857142857143,0.11979865834643606,False,0.09446802588453806,0.2060194269793243,0.11979865834643606,0.33392575039494465
FYN,0.1139012375490438,0.4033599080001452,0.17132735247060538,0.020669850575843616,0.007142857142857143,0.11979865834643606,True,0.1139012375490438,0.17132735247060538,0.11979865834643606,0.3333991574512901
UBAP1,0.1716186343046946,6.256327729763068e-05,-0.1000413099367492,0.03145947614456654,0.007142857142857143,0.11979865834643606,False,0.1716186343046946,0.1000413099367492,0.11979865834643606,0.3328725645076356
MYO18A,0.01931572936603132,0.7665552543040717,0.03536555950310216,0.18569923808232297,0.014285714285714285,0.3827710261184941,True,0.01931572936603132,0.03536555950310216,0.3827710261184941,0.332740916271722
CHCHD7,0.12843352720454426,0.01573452681844773,-0.1507360897127228,0.15714505662718117,0.007142857142857143,0.11979865834643606,False,0.12843352720454426,0.1507360897127228,0.11979865834643606,0.33234597156398105
RAB40C,-0.19018921953460577,0.23995008841027812,-0.08400279506455632,0.8166874637814544,0.007142857142857143,0.11979865834643606,True,0.19018921953460577,0.08400279506455632,0.11979865834643606,0.33221432332806733
CEP170B,0.32356698625311786,0.029549451992397432,0.0089997146459595,0.8177616794375927,0.007142857142857143,0.11979865834643606,True,0.32356698625311786,0.0089997146459595,0.11979865834643606,0.3320826750921537
MAPKAP1,-0.16128566092203478,0.0005620076455306785,-0.11180108108080589,0.016805984753119337,0.007142857142857143,0.11979865834643606,True,0.16128566092203478,0.11180108108080589,0.11979865834643606,0.3319510268562401
ZC3H4,-0.16378570817201954,0.00915859979304064,-0.10693892210389322,0.021090962471557145,0.007142857142857143,0.11979865834643606,True,0.16378570817201954,0.10693892210389322,0.11979865834643606,0.33181937862032646
DCAF7,-0.027298875489462304,0.6168560494913242,0.3028330634061973,2.1997421376708113e-06,0.007142857142857143,0.11979865834643606,False,0.027298875489462304,0.3028330634061973,0.11979865834643606,0.33181937862032646
TERF2,-0.15285199489315282,0.003336810998326457,0.11945448263229252,0.04544885510360156,0.007142857142857143,0.11979865834643606,False,0.15285199489315282,0.11945448263229252,0.11979865834643606,0.3315560821484992
ADSSL1,-0.13221646768248707,0.21646144168658096,-0.14323965240390635,0.05885835476874045,0.007142857142857143,0.11979865834643606,True,0.13221646768248707,0.14323965240390635,0.11979865834643606,0.3314244339125856
CCDC93,-0.12512780034366067,0.03134143138859105,-0.15128837145173435,2.983247598568973e-05,0.007142857142857143,0.11979865834643606,True,0.12512780034366067,0.15128837145173435,0.11979865834643606,0.33129278567667186
EMC1,0.05297167921189683,0.2409300570318856,-0.2588767657283064,2.247847572397299e-06,0.007142857142857143,0.11979865834643606,False,0.05297167921189683,0.2588767657283064,0.11979865834643606,0.33116113744075826
PHF20L1,0.2772032699078455,0.00016087620573821776,0.028496118686952343,0.7085280686367239,0.007142857142857143,0.11979865834643606,True,0.2772032699078455,0.028496118686952343,0.11979865834643606,0.33102948920484465
DDX6,-0.1794799457505487,0.007511053497819111,-0.08922639628549334,0.006164410474686116,0.007142857142857143,0.11979865834643606,True,0.1794799457505487,0.08922639628549334,0.11979865834643606,0.3306345444971037
KIAA0586,-0.05093929016289245,0.3530843674311897,-0.26019292259304194,0.02040999173793852,0.007142857142857143,0.11979865834643606,True,0.05093929016289245,0.26019292259304194,0.11979865834643606,0.3305028962611901
USP42,-0.04233794173825345,0.3827496835795969,-0.27317975245076553,0.0541972015705667,0.007142857142857143,0.11979865834643606,True,0.04233794173825345,0.27317975245076553,0.11979865834643606,0.32997630331753547
NFRKB,-0.20545464427438098,0.0006826565010445834,-0.0687939825902717,0.199455262822914,0.007142857142857143,0.11979865834643606,True,0.20545464427438098,0.0687939825902717,0.11979865834643606,0.32997630331753547
KLC2,0.1903142754431162,0.04185177647397205,0.07848102841407822,0.04092974199498829,0.007142857142857143,0.11979865834643606,True,0.1903142754431162,0.07848102841407822,0.11979865834643606,0.32984465508162186
GAB2,-0.22819387547489356,0.026026937621214788,0.051669083067796606,0.4302571750619096,0.007142857142857143,0.11979865834643606,False,0.22819387547489356,0.051669083067796606,0.11979865834643606,0.32958135860979465
NDST2,-0.30726383822739045,1.5576902456979735e-05,-0.011510769969078183,0.9493020968416419,0.007142857142857143,0.11979865834643606,True,0.30726383822739045,0.011510769969078183,0.11979865834643606,0.32958135860979465
SETX,0.002168559903719114,0.964214750352171,-0.047260433448624184,0.24805472466870165,0.014285714285714285,0.3827710261184941,False,0.002168559903719114,0.047260433448624184,0.3827710261184941,0.32865982095839913
HSF1,0.13117455672650458,0.11213452009374134,0.13952582957358928,0.00649739700483561,0.007142857142857143,0.11979865834643606,True,0.13117455672650458,0.13952582957358928,0.11979865834643606,0.32839652448657186
SIMC1,-0.05398158409425946,0.2888823218172601,0.24960224802422815,0.11289610687917412,0.007142857142857143,0.11979865834643606,False,0.05398158409425946,0.24960224802422815,0.11979865834643606,0.32800157977883093
MIS18BP1,0.16001649858724676,0.12023620950275321,-0.10569406698177986,0.5658586169482192,0.007142857142857143,0.11979865834643606,False,0.16001649858724676,0.10569406698177986,0.11979865834643606,0.3278699315429173
HS1BP3,-0.016981328261209683,0.8341633150113092,0.30930100082317935,8.135366230271232e-11,0.007142857142857143,0.11979865834643606,False,0.016981328261209683,0.30930100082317935,0.11979865834643606,0.3277382833070036
TOPBP1,0.24728043631716723,1.3892349203429956e-06,0.038720766440235366,0.7370973532814338,0.007142857142857143,0.11979865834643606,True,0.24728043631716723,0.038720766440235366,0.11979865834643606,0.32760663507109
TELO2,-0.0054891957202620745,0.9602215159801534,0.3299755951469088,0.003292777134548422,0.007142857142857143,0.11979865834643606,False,0.0054891957202620745,0.3299755951469088,0.11979865834643606,0.32760663507109
ANKRD17,-0.1880812828068379,0.012238699401748177,-0.07750785651940362,0.013305244136110976,0.007142857142857143,0.11979865834643606,True,0.1880812828068379,0.07750785651940362,0.11979865834643606,0.3274749868351764
MRPS28,-0.038854885209413936,0.42894630892469865,-0.27398901676314935,0.0003379207587152992,0.007142857142857143,0.11979865834643606,True,0.038854885209413936,0.27398901676314935,0.11979865834643606,0.3274749868351764
FAM129B,-0.01204574708018491,0.9090613160064336,0.03567180687228344,0.4020234255922501,0.014285714285714285,0.3827710261184941,False,0.01204574708018491,0.03567180687228344,0.3827710261184941,0.3273433385992628
KLHL4,0.10706202941624987,0.6224164041007292,-0.16817592744618182,0.4173547267774742,0.007142857142857143,0.11979865834643606,False,0.10706202941624987,0.16817592744618182,0.11979865834643606,0.3273433385992628
SYTL4,0.21593719072014217,0.05072293794377631,-0.05578061692884262,0.33387322310750006,0.007142857142857143,0.11979865834643606,False,0.21593719072014217,0.05578061692884262,0.11979865834643606,0.32721169036334913
PPCS,0.10094156361170548,0.036429113178789635,0.17979512475839954,0.000569975637462953,0.007142857142857143,0.11979865834643606,True,0.10094156361170548,0.17979512475839954,0.11979865834643606,0.3272116903633491
PIP5K1C,-0.1423634878263922,0.05365443612233768,0.12252551428426273,0.02255425549659192,0.007142857142857143,0.11979865834643606,False,0.1423634878263922,0.12252551428426273,0.11979865834643606,0.32694839389152186
STK35,-0.07757252633572875,0.19191876006458064,-0.21548749061928163,0.019939981180396225,0.007142857142857143,0.11979865834643606,True,0.07757252633572875,0.21548749061928163,0.11979865834643606,0.32694839389152186
KTN1,0.22599094055442137,0.0029211770763184087,0.050331958284534295,0.1130115217250713,0.007142857142857143,0.11979865834643606,True,0.22599094055442137,0.050331958284534295,0.11979865834643606,0.3268167456556082
SYMPK,0.0450878156072676,0.5402193432404168,-0.004610604387355721,0.8868612676150499,0.014285714285714285,0.3827710261184941,False,0.0450878156072676,0.004610604387355721,0.3827710261184941,0.3268167456556082
WAC,-0.05830876632076354,0.2095641538746376,-0.2409161555724033,1.6256898731379348e-07,0.007142857142857143,0.11979865834643606,True,0.05830876632076354,0.2409161555724033,0.11979865834643606,0.32668509741969454
TNFRSF1A,0.18103689489905328,0.07819439985428665,0.08291394758376569,0.5236277135917943,0.007142857142857143,0.11979865834643606,True,0.18103689489905328,0.08291394758376569,0.11979865834643606,0.32655344918378093
PNPLA6,0.05246699071398098,0.4593609252949154,0.24898556727728405,1.0131613930532958e-07,0.007142857142857143,0.11979865834643606,True,0.05246699071398098,0.24898556727728405,0.11979865834643606,0.32655344918378093
ADGRE2,-0.1349112492378115,0.4917751144026291,0.1340086957255977,0.2323068440485964,0.007142857142857143,0.11979865834643606,False,0.1349112492378115,0.1340086957255977,0.11979865834643606,0.32655344918378093
SLC12A9,0.15811876527367907,0.04022116402188347,0.10550466902113342,0.09689087373062885,0.007142857142857143,0.11979865834643606,True,0.15811876527367907,0.10550466902113342,0.11979865834643606,0.3264218009478673
METTL14,-0.07378171462179672,0.22868249717648367,-0.2172054570455586,8.616137755810475e-06,0.007142857142857143,0.11979865834643606,True,0.07378171462179672,0.2172054570455586,0.11979865834643606,0.3260268562401264
C12orf4,0.1330591146515907,0.06966288037939158,0.1344212227596273,0.004548931463035371,0.007142857142857143,0.11979865834643606,True,0.1330591146515907,0.1344212227596273,0.11979865834643606,0.32589520800421273
PLEKHA5,0.24719164090174317,0.0003029457987378613,0.03518349819382749,0.2928682080623069,0.007142857142857143,0.11979865834643606,True,0.24719164090174317,0.03518349819382749,0.11979865834643606,0.32563191153238547
NFATC3,-0.1908982401055468,0.001826241098626027,0.0724989236482827,0.3229952495087533,0.007142857142857143,0.11979865834643606,False,0.1908982401055468,0.0724989236482827,0.11979865834643606,0.32563191153238547
SEMA4D,-0.04784829206577612,0.5194002929248316,0.25400193219169864,0.003730708977300945,0.007142857142857143,0.11979865834643606,False,0.04784829206577612,0.25400193219169864,0.11979865834643606,0.3255002632964718
OVCA2,-0.1365007141663277,0.1336711055488851,-0.12898779740037725,0.02114091181099433,0.007142857142857143,0.11979865834643606,True,0.1365007141663277,0.12898779740037725,0.11979865834643606,0.32536861506055814
TEAD1,0.09715393422064444,0.1734020504081247,-0.17982776319010796,0.2764946480079658,0.007142857142857143,0.11979865834643606,False,0.09715393422064444,0.17982776319010796,0.11979865834643606,0.32536861506055814
UNKL,-0.24123663232118808,0.003815839743530365,0.039236137866915044,0.5058708384276547,0.007142857142857143,0.11979865834643606,False,0.24123663232118808,0.039236137866915044,0.11979865834643606,0.32523696682464454
SRPK2,-0.006153891090585617,0.8935696894773665,-0.3237479428334673,8.555618054335272e-11,0.007142857142857143,0.11979865834643606,True,0.006153891090585617,0.3237479428334673,0.11979865834643606,0.3248420221169036
SUSD2,0.07731394390207846,0.761242964349284,0.21112623547714193,0.001502904968922387,0.007142857142857143,0.11979865834643606,True,0.07731394390207846,0.21112623547714193,0.11979865834643606,0.32471037388099
NRDC,-0.01785010559830802,0.6769833927753993,0.3024477153130434,1.4173290176461876e-14,0.007142857142857143,0.11979865834643606,False,0.01785010559830802,0.3024477153130434,0.11979865834643606,0.3244470774091627
TBX3,0.1254509212517263,0.4393206735905922,0.13906385385433495,0.35780297902045505,0.007142857142857143,0.11979865834643606,True,0.1254509212517263,0.13906385385433495,0.11979865834643606,0.32418378093733546
EHHADH,0.05279725997238316,0.602076962962524,0.24201297379223874,4.932003349291593e-05,0.007142857142857143,0.11979865834643606,True,0.05279725997238316,0.24201297379223874,0.11979865834643606,0.32392048446550814
NIN,0.01617221201331276,0.8534801496631336,-0.02848723843619183,0.7242022486768404,0.014285714285714285,0.3827710261184941,False,0.01617221201331276,0.02848723843619183,0.3827710261184941,0.3235255397577672
ANKRD40,0.027737333185948287,0.6160098440578452,0.2804195168042334,0.05292002567552595,0.007142857142857143,0.11979865834643606,True,0.027737333185948287,0.2804195168042334,0.11979865834643606,0.32326224328593994
ZBTB37,-0.20716480614220423,0.0021128051965941834,0.05760015406229613,0.8812800461134224,0.007142857142857143,0.11979865834643606,False,0.20716480614220423,0.05760015406229613,0.11979865834643606,0.3227356503422854
SH2B2,0.28187745140976617,0.06574406579441662,0.013970156290668001,0.9033758584535717,0.007142857142857143,0.11979865834643606,True,0.28187745140976617,0.013970156290668001,0.11979865834643606,0.32273565034228535
ZBTB2,0.09193396118591224,0.12213171447215343,-0.18334108141202776,0.01009569601761922,0.007142857142857143,0.11979865834643606,False,0.09193396118591224,0.18334108141202776,0.11979865834643606,0.32260400210637175
GPS1,-0.10268089543416359,0.1853962684238821,0.16487226523308607,0.0002077420928215514,0.007142857142857143,0.11979865834643606,False,0.10268089543416359,0.16487226523308607,0.11979865834643606,0.32247235387045814
TGDS,0.25700620548162156,0.00047984437499410916,-0.026563050562302237,0.9268085891381287,0.007142857142857143,0.11979865834643606,False,0.25700620548162156,0.026563050562302237,0.11979865834643606,0.3222090573986308
SCAMP4,-0.21906012950672782,0.001259848077241029,0.04814962520940824,0.6052662188802588,0.007142857142857143,0.11979865834643606,False,0.21906012950672782,0.04814962520940824,0.11979865834643606,0.3220774091627172
SIPA1L2,0.2075468512693064,0.05520638882190562,-0.05492898525544021,0.4620828372669402,0.007142857142857143,0.11979865834643606,False,0.2075468512693064,0.05492898525544021,0.11979865834643606,0.3215508162190627
CLCN6,-0.3047291668615788,2.249777077623347e-06,-0.0034905870917185666,0.9882558937916935,0.007142857142857143,0.11979865834643606,True,0.3047291668615788,0.0034905870917185666,0.11979865834643606,0.3207609268035808
ITSN2,-0.2252547897587185,0.011059335432226725,-0.04334013662531788,0.11490868861172326,0.007142857142857143,0.11979865834643606,True,0.2252547897587185,0.04334013662531788,0.11979865834643606,0.32049763033175355
TRIM72,0.05870268429431835,0.6290658819026778,0.22979962710446067,0.6488561587558122,0.007142857142857143,0.11979865834643606,True,0.05870268429431835,0.22979962710446067,0.11979865834643606,0.3204976303317535
PDGFRA,-0.1467957313418573,0.45562490495393515,0.10795113912129395,0.1989016056582972,0.007142857142857143,0.11979865834643606,False,0.1467957313418573,0.10795113912129395,0.11979865834643606,0.3202343338599263
PATJ,-0.06423377252536966,0.6430665439084566,-0.2196453027168701,2.685696162346625e-05,0.007142857142857143,0.11979865834643606,True,0.06423377252536966,0.2196453027168701,0.11979865834643606,0.31997103738809896
PI4KA,-0.246693602706614,1.3630083504160431e-05,0.028908859279919596,0.41166744788158965,0.007142857142857143,0.11979865834643606,False,0.246693602706614,0.028908859279919596,0.11979865834643606,0.31983938915218535
MYRF,0.2850130708021208,0.149259012941098,0.00876766918034022,0.9666410150761494,0.007142857142857143,0.11979865834643606,True,0.2850130708021208,0.00876766918034022,0.11979865834643606,0.319576092680358
UPF1,-0.24758996809296185,0.007259751393102436,-0.028081851390179935,0.3288265658214597,0.007142857142857143,0.11979865834643606,True,0.24758996809296185,0.028081851390179935,0.11979865834643606,0.31918114797261715
CENPB,-0.007146589525394376,0.9120690140933528,0.30654555245780557,1.820008701346432e-07,0.007142857142857143,0.11979865834643606,False,0.007146589525394376,0.30654555245780557,0.11979865834643606,0.31865455502896256
TRAF3IP2,-0.19579775071835215,0.00019166524897153871,-0.06041194742347855,0.6495960353994978,0.007142857142857143,0.11979865834643606,True,0.19579775071835215,0.06041194742347855,0.11979865834643606,0.31865455502896256
HDAC6,-0.13869969578590968,0.001632910699719318,-0.11445688764290196,0.010637254097854258,0.007142857142857143,0.11979865834643606,True,0.13869969578590968,0.11445688764290196,0.11979865834643606,0.31852290679304895
GTF3C2,0.04661714644739412,0.17011001272153625,-0.24185957219685505,2.494905941003781e-07,0.007142857142857143,0.11979865834643606,False,0.04661714644739412,0.24185957219685505,0.11979865834643606,0.31852290679304895
MEF2A,0.05068484620177749,0.5188157062720598,0.23410070301071073,0.026169333678915666,0.007142857142857143,0.11979865834643606,True,0.05068484620177749,0.23410070301071073,0.11979865834643606,0.318127962085308
SLTM,0.15013128358208405,0.0030849275609379292,-0.10107367753569818,0.0021146235036627187,0.007142857142857143,0.11979865834643606,False,0.15013128358208405,0.10107367753569818,0.11979865834643606,0.318127962085308
LRSAM1,-0.15325875527459765,0.008316349607827577,0.09721248652697412,0.021460119217822964,0.007142857142857143,0.11979865834643606,False,0.15325875527459765,0.09721248652697412,0.11979865834643606,0.3179963138493944
HGFAC,-0.16622527190750014,0.5150925763107576,0.08459275563430069,0.3015617851532099,0.007142857142857143,0.11979865834643606,False,0.16622527190750014,0.08459275563430069,0.11979865834643606,0.3177330173775671
PRRC2C,0.2347499438965901,0.00075038098190749,-0.03374279818933701,0.2097887351885107,0.007142857142857143,0.11979865834643606,False,0.2347499438965901,0.03374279818933701,0.11979865834643606,0.3177330173775671
LIG3,-0.10873610465970351,0.12290627049165054,-0.14934624513123396,0.00033812591447797223,0.007142857142857143,0.11979865834643606,True,0.10873610465970351,0.14934624513123396,0.11979865834643606,0.3174697209057399
UBE2Q1,0.24035087912645103,4.433199473720826e-09,0.029182611957722315,0.42327706890228606,0.007142857142857143,0.11979865834643606,True,0.24035087912645103,0.029182611957722315,0.11979865834643606,0.31681147972617163
ARHGAP31,-0.11424153880359356,0.19045352437185448,0.14001985247298876,0.017260944089189954,0.007142857142857143,0.11979865834643606,False,0.11424153880359356,0.14001985247298876,0.11979865834643606,0.3161532385466035
ZFR,0.034267810215341754,0.35161703572692127,-0.0017217986378348371,0.9557201923227734,0.014285714285714285,0.3827710261184941,False,0.034267810215341754,0.0017217986378348371,0.3827710261184941,0.3160215903106898
UBE2B,0.01635245437349475,0.8841407509622768,-0.283510958305083,0.0027182572757169596,0.007142857142857143,0.11979865834643606,False,0.01635245437349475,0.283510958305083,0.11979865834643606,0.3148367561874671
BIN3,0.12335743209532524,0.043711038809210005,0.12628918266293354,0.028474984238040593,0.007142857142857143,0.11979865834643606,True,0.12335743209532524,0.12628918266293354,0.11979865834643606,0.31457345971563977
GCN1,-0.06927635970106927,0.34198910882544237,-0.20070331272495068,0.0007064773093077889,0.007142857142857143,0.11979865834643606,True,0.06927635970106927,0.20070331272495068,0.11979865834643606,0.3143101632438125
KIAA1522,0.03218416605472818,0.8945315579699834,-0.2547358073661705,5.790728424064996e-06,0.007142857142857143,0.11979865834643606,False,0.03218416605472818,0.2547358073661705,0.11979865834643606,0.3136519220642443
YPEL3,-0.13691245679075692,0.0299480565192787,0.10878847667779112,0.36224677528562477,0.007142857142857143,0.11979865834643606,False,0.13691245679075692,0.10878847667779112,0.11979865834643606,0.3135202738283307
PDE4A,-0.27860182687762425,0.021044117573602108,-0.004894452597543619,0.9683117314878233,0.007142857142857143,0.11979865834643606,True,0.27860182687762425,0.004894452597543619,0.11979865834643606,0.3132569773565034
WDR46,0.048382940451617173,0.36144676725859504,0.22982125429451727,0.0001619840088340204,0.007142857142857143,0.11979865834643606,True,0.048382940451617173,0.22982125429451727,0.11979865834643606,0.31312532912058977
INTS12,0.010967023224839778,0.7499205851662523,-0.28680972371883584,9.740775038047562e-10,0.007142857142857143,0.11979865834643606,False,0.010967023224839778,0.28680972371883584,0.11979865834643606,0.31246708794102157
CR1,-0.021966114453816132,0.9128906838063718,0.2670833050644461,0.020686938167778845,0.007142857142857143,0.11979865834643606,False,0.021966114453816132,0.2670833050644461,0.11979865834643606,0.3123354397051079
SNRNP70,-0.17489404360809502,0.016020103206225683,-0.06780340930632178,0.02470061395155547,0.007142857142857143,0.11979865834643606,True,0.17489404360809502,0.06780340930632178,0.11979865834643606,0.3120721432332807
PABPC1,-0.03437268269263427,0.7488102737139275,-0.24744370821245454,3.9644439807792225e-08,0.007142857142857143,0.11979865834643606,True,0.03437268269263427,0.24744370821245454,0.11979865834643606,0.3118088467614534
HNRNPU,0.13549274027059433,0.038581621104278915,-0.10738172333311624,0.00026744699073176286,0.007142857142857143,0.11979865834643606,False,0.13549274027059433,0.10738172333311624,0.11979865834643606,0.31167719852553977
TIGD1,0.15089278211570267,0.034517296952801146,-0.09019792633162638,0.5992396088249186,0.007142857142857143,0.11979865834643606,False,0.15089278211570267,0.09019792633162638,0.11979865834643606,0.31167719852553977
SMARCA5,0.023432939334616876,0.6027640889828298,0.2646168852962276,2.225176956620982e-14,0.007142857142857143,0.11979865834643606,True,0.023432939334616876,0.2646168852962276,0.11979865834643606,0.3115455502896261
BCR,0.17858697521061195,0.00564714213536098,-0.06324045247813714,0.12732877741629314,0.007142857142857143,0.11979865834643606,False,0.17858697521061195,0.06324045247813714,0.11979865834643606,0.31141390205371244
SENP7,-0.11222549113059088,0.19119090581307596,-0.136167460602735,0.01603276182267524,0.007142857142857143,0.11979865834643606,True,0.11222549113059088,0.136167460602735,0.11979865834643606,0.31128225381779884
MTAP,-0.08599499709160874,0.2711299523495283,-0.16638422540625797,0.0013178685849455777,0.007142857142857143,0.11979865834643606,True,0.08599499709160874,0.16638422540625797,0.11979865834643606,0.31115060558188523
CSPG4,0.04304834711927619,0.7719074460960167,0.2337929846554303,0.0009096266477694215,0.007142857142857143,0.11979865834643606,True,0.04304834711927619,0.2337929846554303,0.11979865834643606,0.3110189573459715
IRF8,0.23819962273391937,0.19725605218981035,0.021857365220085967,0.7870897232926309,0.007142857142857143,0.11979865834643606,True,0.23819962273391937,0.021857365220085967,0.11979865834643606,0.3107556608741443
SLC25A17,0.10094168643859724,0.015890158705747545,-0.14829364589856908,0.529402309527505,0.007142857142857143,0.11979865834643606,False,0.10094168643859724,0.14829364589856908,0.11979865834643606,0.31062401263823064
TBC1D32,-0.08005824773218961,0.3044479073401236,-0.17514225609863843,0.11868881336010507,0.007142857142857143,0.11979865834643606,True,0.08005824773218961,0.17514225609863843,0.11979865834643606,0.31036071616640337
HEATR1,0.12225283819584476,0.0433545808060962,0.12199866676895965,0.003235275067561873,0.007142857142857143,0.11979865834643606,True,0.12225283819584476,0.12199866676895965,0.11979865834643606,0.31036071616640337
BMT2,0.011907097364833419,0.9028428688005566,-0.27771911321721277,0.1879262836159373,0.007142857142857143,0.11979865834643606,False,0.011907097364833419,0.27771911321721277,0.11979865834643606,0.309044233807267
ABCC1,0.15126816808700028,0.039628917025626924,0.08650373373471609,0.062165654211332834,0.007142857142857143,0.11979865834643606,True,0.15126816808700028,0.08650373373471609,0.11979865834643606,0.30878093733543965
USP24,-0.17645462297499925,0.0011072160136461411,0.06184508929087684,0.03622851438067555,0.007142857142857143,0.11979865834643606,False,0.17645462297499925,0.06184508929087684,0.11979865834643606,0.3083859926276987
LRRN4CL,-0.2465503546997958,0.06189280718662724,-0.013363698408987545,0.9390972673536865,0.007142857142857143,0.11979865834643606,True,0.2465503546997958,0.013363698408987545,0.11979865834643606,0.3082543443917851
STAM2,0.04438258829175368,0.5478214570758162,-0.22521334809801274,3.716823605654799e-10,0.007142857142857143,0.11979865834643606,False,0.04438258829175368,0.22521334809801274,0.11979865834643606,0.3078593996840442
RIF1,0.19221733041133504,0.03600768104094327,-0.04852301695913752,0.2535134524295548,0.007142857142857143,0.11979865834643606,False,0.19221733041133504,0.04852301695913752,0.11979865834643606,0.3078593996840442
COPG2,-0.16289571567451233,0.010623294617168644,-0.07190139511878968,0.07633513036109194,0.007142857142857143,0.11979865834643606,True,0.16289571567451233,0.07190139511878968,0.11979865834643606,0.3068062137967351
KIAA0100,-0.09227885514133582,0.05483090395182831,-0.15034826192067996,0.029363134127224428,0.007142857142857143,0.11979865834643606,True,0.09227885514133582,0.15034826192067996,0.11979865834643606,0.3061479726171669
WIPI1,0.2287197820455109,0.0011659773647565031,0.022489838705805454,0.6221113508689604,0.007142857142857143,0.11979865834643606,True,0.2287197820455109,0.022489838705805454,0.11979865834643606,0.30601632438125326
S100PBP,0.001311944017396982,0.981757973829947,-0.28768037500407573,0.04028159581964095,0.007142857142857143,0.11979865834643606,False,0.001311944017396982,0.28768037500407573,0.11979865834643606,0.30588467614533965
CARMIL2,-0.08758264531627535,0.7331415622128015,0.1544463424140794,0.23743039130229412,0.007142857142857143,0.11979865834643606,False,0.08758264531627535,0.1544463424140794,0.11979865834643606,0.3054897314375987
DNAJC16,-0.11509641241593549,0.016818042984446353,-0.12200156370841597,0.19372287110814226,0.007142857142857143,0.11979865834643606,True,0.11509641241593549,0.12200156370841597,0.11979865834643606,0.3053580832016851
GSK3A,0.19764815893403664,0.00013511482788637803,0.042064696559403814,0.39038418503662453,0.007142857142857143,0.11979865834643606,True,0.19764815893403664,0.042064696559403814,0.11979865834643606,0.3048314902580305
PLA1A,0.15609886247406202,0.17525550589572841,0.07594248324297581,0.3516047523685178,0.007142857142857143,0.11979865834643606,True,0.15609886247406202,0.07594248324297581,0.11979865834643606,0.30456819378620326
NIPBL,-0.19663872112207237,0.003412508258871796,0.04149531464862832,0.18469182831582234,0.007142857142857143,0.11979865834643606,False,0.19663872112207237,0.04149531464862832,0.11979865834643606,0.3036466561348078
ANKRD50,0.17785303727539237,0.10241577360863145,-0.05349713887696339,0.3643812645722095,0.007142857142857143,0.11979865834643606,False,0.17785303727539237,0.05349713887696339,0.11979865834643606,0.30338335966298047
ZNF655,-0.21173289304939225,0.0020208729458154875,0.03014749761782909,0.8501672040298289,0.007142857142857143,0.11979865834643606,False,0.21173289304939225,0.03014749761782909,0.11979865834643606,0.30325171142706686
ERCC2,-0.013792404652447132,0.824794131094791,0.26400779458161594,2.6165909893998735e-09,0.007142857142857143,0.11979865834643606,False,0.013792404652447132,0.26400779458161594,0.11979865834643606,0.30312006319115326
CDC42BPG,0.04881476268261409,0.7992783096905941,-0.2074011006543266,0.0017693265824576816,0.007142857142857143,0.11979865834643606,False,0.04881476268261409,0.2074011006543266,0.11979865834643606,0.30285676671932593
SORT1,-0.23374834216287965,0.0016862532855895522,-0.013954017421287546,0.8026551571024434,0.007142857142857143,0.11979865834643606,True,0.23374834216287965,0.013954017421287546,0.11979865834643606,0.30259347024749866
DNAJB14,0.16860867829298698,0.17155638349216626,0.060131642034424004,0.3388721996975209,0.007142857142857143,0.11979865834643606,True,0.16860867829298698,0.060131642034424004,0.11979865834643606,0.3020668773038441
HUWE1,-0.251804350570092,0.0033164187900693903,-0.004025906134831558,0.8616451394756839,0.007142857142857143,0.11979865834643606,True,0.251804350570092,0.004025906134831558,0.11979865834643606,0.30193522906793047
GSAP,0.14016296633750258,0.04072680529456495,0.0877067447181048,0.5494254291552492,0.007142857142857143,0.11979865834643606,True,0.14016296633750258,0.0877067447181048,0.11979865834643606,0.30180358083201686
CHMP7,0.08507099688562114,0.2101238195924204,-0.1512532217726914,0.0008099293861001,0.007142857142857143,0.11979865834643606,False,0.08507099688562114,0.1512532217726914,0.11979865834643606,0.30154028436018954
USP5,0.19529125536642766,0.00028610510342462085,-0.0404846256308069,0.1592147998619169,0.007142857142857143,0.11979865834643606,False,0.19529125536642766,0.0404846256308069,0.11979865834643606,0.30127698788836227
POM121C,-0.1816054343434761,0.10888873617512235,-0.047487588309728324,0.3015581902907589,0.007142857142857143,0.11979865834643606,True,0.1816054343434761,0.047487588309728324,0.11979865834643606,0.30061874670879407
IQSEC2,-0.14208095994311876,0.2298544315797865,0.08291505434891988,0.16967480114291633,0.007142857142857143,0.11979865834643606,False,0.14208095994311876,0.08291505434891988,0.11979865834643606,0.30022380200105314
ARID2,-0.14206778098961692,0.01463883017058323,-0.0823749377638947,0.06806823335270758,0.007142857142857143,0.11979865834643606,True,0.14206778098961692,0.0823749377638947,0.11979865834643606,0.299565560821485
NEK1,-0.2401216355994098,0.005099160117345665,0.006311706848713072,0.8890734247881276,0.007142857142857143,0.11979865834643606,False,0.2401216355994098,0.006311706848713072,0.11979865834643606,0.2993022643496577
HSPA14,0.08762181934270608,0.023251445028272713,-0.14266635805035222,0.00046057015772526703,0.007142857142857143,0.11979865834643606,False,0.08762181934270608,0.14266635805035222,0.11979865834643606,0.29903896787783046
KHSRP,-0.22680471070328423,0.008226473412594556,0.015044133776182633,0.5660292847221572,0.007142857142857143,0.11979865834643606,False,0.22680471070328423,0.015044133776182633,0.11979865834643606,0.2990389678778304
CLASRP,-0.04353193497090402,0.46495348107638085,-0.20783115875081393,0.003225785354822787,0.007142857142857143,0.11979865834643606,True,0.04353193497090402,0.20783115875081393,0.11979865834643606,0.29877567140600314
LAS1L,0.011561497452831304,0.7781529002340405,-0.0015891931467102438,0.960957160572211,0.014285714285714285,0.3827710261184941,False,0.011561497452831304,0.0015891931467102438,0.3827710261184941,0.29864402317008953
MRPL35,0.18853066380850692,0.00012486650118345702,-0.040587442651144556,0.7698143289212538,0.007142857142857143,0.11979865834643606,False,0.18853066380850692,0.040587442651144556,0.11979865834643606,0.2982490784623486
NAA25,0.01932599241622235,0.7867068715621454,-0.24123712495113026,5.227569165887452e-06,0.007142857142857143,0.11979865834643606,False,0.01932599241622235,0.24123712495113026,0.11979865834643606,0.29811743022643494
PPIG,0.24599264791359765,0.0005643404429656565,0.002642294673936618,0.9485013613449591,0.007142857142857143,0.11979865834643606,True,0.24599264791359765,0.002642294673936618,0.11979865834643606,0.2978541337546077
GNAQ,0.10254986056049198,0.21518071918459575,0.12457105200378393,0.023122586626571455,0.007142857142857143,0.11979865834643606,True,0.10254986056049198,0.12457105200378393,0.11979865834643606,0.2978541337546077
NRBP2,0.09612866354103744,0.2437092501157623,-0.13260084579477294,0.040470882019034635,0.007142857142857143,0.11979865834643606,False,0.09612866354103744,0.13260084579477294,0.11979865834643606,0.29772248551869407
LZTR1,0.030684726972634024,0.6629343076137828,0.22740147113648845,0.0008038124145459103,0.007142857142857143,0.11979865834643606,True,0.030684726972634024,0.22740147113648845,0.11979865834643606,0.2975908372827804
UNC5C,0.12852706693898774,0.3904843694085182,0.09279560523456176,0.8496951292947743,0.007142857142857143,0.11979865834643606,True,0.12852706693898774,0.09279560523456176,0.11979865834643606,0.29732754081095314
SNX27,0.08599670974675178,0.1027541902296284,0.14206401945835623,0.00029887142463803934,0.007142857142857143,0.11979865834643606,True,0.08599670974675178,0.14206401945835623,0.11979865834643606,0.2970642443391258
TCF20,0.15077409728158742,0.003958306804571114,-0.06902266614042318,0.07713963031644232,0.007142857142857143,0.11979865834643606,False,0.15077409728158742,0.06902266614042318,0.11979865834643606,0.2964060031595577
DDX23,0.20799732881070376,6.906597529306607e-07,-0.023567892002358093,0.3594539840749472,0.007142857142857143,0.11979865834643606,False,0.20799732881070376,0.023567892002358093,0.11979865834643606,0.29601105845181674
ZC3H11A,0.15121027886620908,0.008439986016171835,-0.0677901662091287,0.07308562073804936,0.007142857142857143,0.11979865834643606,False,0.15121027886620908,0.0677901662091287,0.11979865834643606,0.29601105845181674
ZNF687,-0.1232506102024864,0.06106085241173681,-0.09573046226938686,0.02500048431791766,0.007142857142857143,0.11979865834643606,True,0.1232506102024864,0.09573046226938686,0.11979865834643606,0.2956161137440758
DENND4B,-0.22753593040641285,0.004498294404106982,0.009562242345264593,0.8774463689485873,0.007142857142857143,0.11979865834643606,False,0.22753593040641285,0.009562242345264593,0.11979865834643606,0.2952211690363349
SZRD1,-0.0195443195946563,0.6499547426263671,0.23545313392076395,2.8418938781303554e-05,0.007142857142857143,0.11979865834643606,False,0.0195443195946563,0.23545313392076395,0.11979865834643606,0.2950895208004213
ZFP36L1,-0.14680276682718585,0.16710449081750353,0.07096342793723309,0.3183863141557525,0.007142857142857143,0.11979865834643606,False,0.14680276682718585,0.07096342793723309,0.11979865834643606,0.29482622432859396
PRDM2,-0.1436296929386618,0.04030999713267681,0.07157071455818809,0.29225826582177,0.007142857142857143,0.11979865834643606,False,0.1436296929386618,0.07157071455818809,0.11979865834643606,0.29469457609268035
PGAP3,-0.1731425227072183,0.08051095747057475,0.04674061294540266,0.9106718534676899,0.007142857142857143,0.11979865834643606,False,0.1731425227072183,0.04674061294540266,0.11979865834643606,0.2942996313849394
BAG5,0.20906478837850528,2.6758618181788996e-05,-0.019934176106978896,0.5792070909538931,0.007142857142857143,0.11979865834643606,False,0.20906478837850528,0.019934176106978896,0.11979865834643606,0.2940363349131121
ISY1-RAB43,0.1492418002995155,0.00079082347897393,-0.06721260375363514,0.11373222815394561,0.007142857142857143,0.11979865834643606,False,0.1492418002995155,0.06721260375363514,0.11979865834643606,0.2937730384412849
CLIP2,0.09150315499075035,0.3097544332092685,-0.13034904029240124,0.00023250135277513205,0.007142857142857143,0.11979865834643606,False,0.09150315499075035,0.13034904029240124,0.11979865834643606,0.2936413902053713
IFT81,0.1037743891584828,0.08401250679714072,-0.1151511350468084,0.027295169698951207,0.007142857142857143,0.11979865834643606,False,0.1037743891584828,0.1151511350468084,0.11979865834643606,0.2931147972617167
MIB2,-0.06479427122186898,0.5621318013267527,0.15769944929038004,0.053004216851844546,0.007142857142857143,0.11979865834643606,False,0.06479427122186898,0.15769944929038004,0.11979865834643606,0.2928515007898894
WTAP,0.00594505615010732,0.912471686364008,0.2514687511204592,2.1631814590549806e-06,0.007142857142857143,0.11979865834643606,True,0.00594505615010732,0.2514687511204592,0.11979865834643606,0.29271985255397576
NOL6,-0.14619712399940532,0.02160085113455411,0.06836212107529249,0.1985696529201587,0.007142857142857143,0.11979865834643606,False,0.14619712399940532,0.06836212107529249,0.11979865834643606,0.29271985255397576
FTSJ3,0.09328431823233885,0.17026728533343058,-0.12660679665978591,0.0017956751417646454,0.007142857142857143,0.11979865834643606,False,0.09328431823233885,0.12660679665978591,0.11979865834643606,0.2924565560821485
EGR2,-0.07065906331811078,0.7987513953127559,-0.1520134761447185,0.31119987280712363,0.007142857142857143,0.11979865834643606,True,0.07065906331811078,0.1520134761447185,0.11979865834643606,0.2924565560821485
SLC25A28,-0.1385586415930522,0.014382977187687962,-0.07351914384169334,0.699068371328072,0.007142857142857143,0.11979865834643606,True,0.1385586415930522,0.07351914384169334,0.11979865834643606,0.29192996313849395
FAM208A,-0.17368204422791855,0.011000707588614806,-0.04224728590516236,0.23570126284807666,0.007142857142857143,0.11979865834643606,True,0.17368204422791855,0.04224728590516236,0.11979865834643606,0.2910084254870985
TMEM209,0.03215489992961729,0.6646397937542554,-0.21005340463889866,0.0023593736865813015,0.007142857142857143,0.11979865834643606,False,0.03215489992961729,0.21005340463889866,0.11979865834643606,0.2908767772511848
IRS2,0.03927878745715141,0.7554720997912164,0.197499714530192,0.00885456607230722,0.007142857142857143,0.11979865834643606,True,0.03927878745715141,0.197499714530192,0.11979865834643606,0.29074512901527116
RHOB,0.16591358045633697,0.2995806679613239,0.048001179153764895,0.5420755434771048,0.007142857142857143,0.11979865834643606,True,0.16591358045633697,0.048001179153764895,0.11979865834643606,0.29061348077935756
KIAA1109,-0.23058460411427895,0.00047343990435268815,0.002527426517783482,0.985537288511537,0.007142857142857143,0.11979865834643606,False,0.23058460411427895,0.002527426517783482,0.11979865834643606,0.2904818325434439
PBXIP1,-0.03137226280163041,0.604533344345095,0.21064891967183996,5.94001571382072e-05,0.007142857142857143,0.11979865834643606,False,0.03137226280163041,0.21064891967183996,0.11979865834643606,0.29035018430753023
RAB21,0.21131698041346958,0.011442740551920886,0.013349756773155974,0.7573386780014735,0.007142857142857143,0.11979865834643606,True,0.21131698041346958,0.013349756773155974,0.11979865834643606,0.290086887835703
FAF1,-0.07471522392498642,0.16424012104189578,-0.14132842055589734,0.00010893030766072673,0.007142857142857143,0.11979865834643606,True,0.07471522392498642,0.14132842055589734,0.11979865834643606,0.28942864665613477
BBX,0.0786270562953888,0.10832072332484514,-0.13795933039529373,0.004203585528042581,0.007142857142857143,0.11979865834643606,False,0.0786270562953888,0.13795933039529373,0.11979865834643606,0.28929699842022116
CCNK,0.16812604342244697,0.0395646537432197,0.04376226234649394,0.3721894550289808,0.007142857142857143,0.11979865834643606,True,0.16812604342244697,0.04376226234649394,0.11979865834643606,0.28890205371248023
CCAR1,0.10118553802681873,0.03136487253129439,0.11183061101083425,0.0011065181420400832,0.007142857142857143,0.11979865834643606,True,0.10118553802681873,0.11183061101083425,0.11979865834643606,0.28863875724065297
MED23,-0.21139228658218379,7.015286302623074e-05,0.011131383334248568,0.832041472321013,0.007142857142857143,0.11979865834643606,False,0.21139228658218379,0.011131383334248568,0.11979865834643606,0.2885071090047393
SPPL2A,0.15410251069629233,0.005886023675657528,0.054658243760862035,0.3972372589593601,0.007142857142857143,0.11979865834643606,True,0.15410251069629233,0.054658243760862035,0.11979865834643606,0.2885071090047393
PRCC,0.17074882181879936,0.0001384408356350032,-0.041639755013566315,0.3537099236872407,0.007142857142857143,0.11979865834643606,False,0.17074882181879936,0.041639755013566315,0.11979865834643606,0.28824381253291204
GRWD1,0.0790070165957868,0.15942748469802545,-0.13486278208497637,0.0009447852949636434,0.007142857142857143,0.11979865834643606,False,0.0790070165957868,0.13486278208497637,0.11979865834643606,0.28784886782517116
SLC35B2,0.16788206269254857,0.026558726219800852,-0.04238777553321782,0.6478848321530436,0.007142857142857143,0.11979865834643606,False,0.16788206269254857,0.04238777553321782,0.11979865834643606,0.28771721958925744
PYROXD1,-0.17167104415940848,0.09577376845607544,0.0398892238923203,0.5806478986858078,0.007142857142857143,0.11979865834643606,False,0.17167104415940848,0.0398892238923203,0.11979865834643606,0.28745392311743023
GOPC,0.2231157260074692,0.004374166636015538,-0.0046477857159281655,0.8907714655061796,0.007142857142857143,0.11979865834643606,False,0.2231157260074692,0.0046477857159281655,0.11979865834643606,0.28745392311743023
LAMTOR1,0.033936404105384455,0.6323287171429441,0.19737192761923694,0.005772966877794078,0.007142857142857143,0.11979865834643606,True,0.033936404105384455,0.19737192761923694,0.11979865834643606,0.2870589784096893
TBC1D8B,0.0071854791549004204,0.9447101834052763,-0.2385604036029889,0.00017501296089163893,0.007142857142857143,0.11979865834643606,False,0.0071854791549004204,0.2385604036029889,0.11979865834643606,0.2870589784096893
TMEM43,0.18528577474407015,0.03618920103032402,0.02854953224580825,0.6141569071764812,0.007142857142857143,0.11979865834643606,True,0.18528577474407015,0.02854953224580825,0.11979865834643606,0.286795681937862
RGL2,-0.13188145424068587,0.027019278176667133,-0.07311702519129426,0.07289246526069357,0.007142857142857143,0.11979865834643606,True,0.13188145424068587,0.07311702519129426,0.11979865834643606,0.2860057925223802
PAXIP1,0.034740211909150887,0.3582699235755637,-0.18932799877385875,0.003828242499348029,0.007142857142857143,0.11979865834643606,False,0.034740211909150887,0.18932799877385875,0.11979865834643606,0.28508425487098477
RECQL5,-0.012705064901428642,0.8281125887035735,0.22729185453553669,0.005199711774825361,0.007142857142857143,0.11979865834643606,False,0.012705064901428642,0.22729185453553669,0.11979865834643606,0.2850842548709847
EPRS,-0.0013703867069470022,0.9888843323857075,-0.24360254014899496,4.033064233595961e-05,0.007142857142857143,0.11979865834643606,True,0.0013703867069470022,0.24360254014899496,0.11979865834643606,0.28495260663507105
GPAT4,-0.03431461946324177,0.4497623365214146,0.18987634331502434,0.038082016117612034,0.007142857142857143,0.11979865834643606,False,0.03431461946324177,0.18987634331502434,0.11979865834643606,0.28482095839915744
GRAMD4,0.0044855536981387445,0.9450585044278692,0.23743987991229432,0.0008948119127110899,0.007142857142857143,0.11979865834643606,True,0.0044855536981387445,0.23743987991229432,0.11979865834643606,0.2844260136914165
MEF2D,-0.17465840965449253,0.05700234909194919,0.03366793560616799,0.48387490639883507,0.007142857142857143,0.11979865834643606,False,0.17465840965449253,0.03366793560616799,0.11979865834643606,0.2841627172195892
SHB,0.21697306350828782,0.10743791944259817,0.003223075127948505,0.9671392366887526,0.007142857142857143,0.11979865834643606,True,0.21697306350828782,0.003223075127948505,0.11979865834643606,0.283899420747762
PDE11A,0.010191184906323869,0.9698494622728934,-0.22893838409801504,0.3300385266807673,0.007142857142857143,0.11979865834643606,False,0.010191184906323869,0.22893838409801504,0.11979865834643606,0.283899420747762
MEGF9,-0.18673025592219794,0.0016023721736797443,-0.021095126084091476,0.8464415624797137,0.007142857142857143,0.11979865834643606,True,0.18673025592219794,0.021095126084091476,0.11979865834643606,0.2823196419167983
NCOA3,0.16450324042846098,0.003441880706115482,-0.03944460380132497,0.5341730258632517,0.007142857142857143,0.11979865834643606,False,0.16450324042846098,0.03944460380132497,0.11979865834643606,0.28205634544497105
LILRB1,0.08394709757142849,0.680666522107052,0.11962469374033446,0.3344012581504101,0.007142857142857143,0.11979865834643606,True,0.08394709757142849,0.11962469374033446,0.11979865834643606,0.2819246972090574
PTOV1,-0.17359044391762346,0.0023405121382838573,-0.030599894001085204,0.9038873562941808,0.007142857142857143,0.11979865834643606,True,0.17359044391762346,0.030599894001085204,0.11979865834643606,0.2815297525013165
UQCRC2,0.04897339664731426,0.2695400512273859,-0.15729055808186132,0.003654407930600446,0.007142857142857143,0.11979865834643606,False,0.04897339664731426,0.15729055808186132,0.11979865834643606,0.2810031595576619
HNRNPH2,0.14334428204296046,0.08100967311999212,-0.05322477528485692,0.17040920828585615,0.007142857142857143,0.11979865834643606,False,0.14334428204296046,0.05322477528485692,0.11979865834643606,0.280608214849921
MTM1,0.12069204661352728,0.03011854251637326,0.0770200003851933,0.10994219821999159,0.007142857142857143,0.11979865834643606,True,0.12069204661352728,0.0770200003851933,0.11979865834643606,0.2804765666140073
TBPL1,0.04956218176889848,0.4593670106445716,-0.1557003007733364,0.15179182537471017,0.007142857142857143,0.11979865834643606,False,0.04956218176889848,0.1557003007733364,0.11979865834643606,0.2800816219062664
VPS41,-0.023638885484430716,0.6264659565267755,0.19653728637569046,6.871036926517836e-06,0.007142857142857143,0.11979865834643606,False,0.023638885484430716,0.19653728637569046,0.11979865834643606,0.2799499736703528
KCTD3,-0.09195887525736524,0.21106425382327837,0.10601038841530652,0.29302407167042227,0.007142857142857143,0.11979865834643606,False,0.09195887525736524,0.10601038841530652,0.11979865834643606,0.2799499736703528
SECISBP2L,-0.12466432305297737,0.07568449367586923,0.0710233600807797,0.31056773521734754,0.007142857142857143,0.11979865834643606,False,0.12466432305297737,0.0710233600807797,0.11979865834643606,0.2798183254344392
PTBP2,0.0020122324233753375,0.9804794185835302,-0.23321191043976341,0.0007072474337127109,0.007142857142857143,0.11979865834643606,False,0.0020122324233753375,0.23321191043976341,0.11979865834643606,0.27968667719852547
MPHOSPH10,0.2018624024502209,0.00048137786223784694,0.006720407820964169,0.8938576663776576,0.007142857142857143,0.11979865834643606,True,0.2018624024502209,0.006720407820964169,0.11979865834643606,0.27942338072669826
GGA3,-0.0009133026413223888,0.9830604335696747,-0.2334949956833121,2.5301914685712847e-06,0.007142857142857143,0.11979865834643606,True,0.0009133026413223888,0.2334949956833121,0.11979865834643606,0.2792917324907846
RMDN1,0.031688570980938024,0.5271160121421065,0.1842548936067736,0.00041784190902359307,0.007142857142857143,0.11979865834643606,True,0.031688570980938024,0.1842548936067736,0.11979865834643606,0.2790284360189573
MRI1,0.09374404359240529,0.12720764850917043,0.10387001432325249,0.04633930068323713,0.007142857142857143,0.11979865834643606,True,0.09374404359240529,0.10387001432325249,0.11979865834643606,0.2788967877830437
NEPRO,-0.044307605413283824,0.4785653307210574,-0.15844325183529762,0.014920216153069005,0.007142857142857143,0.11979865834643606,True,0.044307605413283824,0.15844325183529762,0.11979865834643606,0.27876513954713
SREBF1,-0.08120864211737455,0.4963713847096921,0.11799222962441647,0.6758027618717853,0.007142857142857143,0.11979865834643606,False,0.08120864211737455,0.11799222962441647,0.11979865834643606,0.2786334913112164
USP28,-0.1180477368911994,0.011159391565888892,-0.07670837191671609,0.1079431315157226,0.007142857142857143,0.11979865834643606,True,0.1180477368911994,0.07670837191671609,0.11979865834643606,0.2785018430753028
DDX24,1.8513020895838395e-05,0.9997001603712833,0.23240079211629094,2.8097574551366894e-10,0.007142857142857143,0.11979865834643606,True,1.8513020895838395e-05,0.23240079211629094,0.11979865834643606,0.27744865718799366
CD33,-0.12292105803911202,0.5466505898190107,0.07030342656148747,0.5531922940196481,0.007142857142857143,0.11979865834643606,False,0.12292105803911202,0.07030342656148747,0.11979865834643606,0.2771853607161664
USP40,-0.17084671556940734,0.008315419550092882,-0.02791783546039639,0.5800864749797466,0.007142857142857143,0.11979865834643606,True,0.17084671556940734,0.02791783546039639,0.11979865834643606,0.2770537124802528
RBBP6,-0.10880407707541018,0.010640220977856336,-0.0840713120498684,0.013276843659892498,0.007142857142857143,0.11979865834643606,True,0.10880407707541018,0.0840713120498684,0.11979865834643606,0.27665876777251186
MPHOSPH8,-0.10453881227241091,0.06366507063367158,0.08851344298432551,0.034451422246647656,0.007142857142857143,0.11979865834643606,False,0.10453881227241091,0.08851344298432551,0.11979865834643606,0.27586887835703
GMEB1,0.008486138397275411,0.8072944054043006,0.2115790447100494,0.014810654791796468,0.007142857142857143,0.11979865834643606,True,0.008486138397275411,0.2115790447100494,0.11979865834643606,0.2752106371774618
DACT3,0.18359799777443264,0.4416577227926614,-0.01310203600586135,0.9242156200857398,0.007142857142857143,0.11979865834643606,False,0.18359799777443264,0.01310203600586135,0.11979865834643606,0.27481569246972093
PRPF31,0.18631290173317794,0.0006033683151056685,0.010896477623212775,0.8206896600312571,0.007142857142857143,0.11979865834643606,True,0.18631290173317794,0.010896477623212775,0.11979865834643606,0.27428909952606634
C3orf58,0.09869882460787771,0.3522461547242378,0.09191312040683286,0.19380488898657797,0.007142857142857143,0.11979865834643606,True,0.09869882460787771,0.09191312040683286,0.11979865834643606,0.2741574512901527
SPICE1,0.07722946375281126,0.28594375203320543,0.114523309492224,0.11449137607920004,0.007142857142857143,0.11979865834643606,True,0.07722946375281126,0.114523309492224,0.11979865834643606,0.27389415481832546
ZBTB45,-0.03245847434895399,0.6336469631061034,-0.16821028076738997,0.5296136252442686,0.007142857142857143,0.11979865834643606,True,0.03245847434895399,0.16821028076738997,0.11979865834643606,0.27349921011058453
TMEM63A,0.006670833001486187,0.9658190598267947,0.21014904243755694,0.002643432101788613,0.007142857142857143,0.11979865834643606,True,0.006670833001486187,0.21014904243755694,0.11979865834643606,0.2727093206951027
AP3B1,0.003708166559476922,0.9209380562307449,-0.2121370530405855,5.655855941400507e-07,0.007142857142857143,0.11979865834643606,False,0.003708166559476922,0.2121370530405855,0.11979865834643606,0.2720510795155345
CCAR2,-0.1754145653583059,0.00014014777137214384,-0.016249062335354836,0.5063519045638211,0.007142857142857143,0.11979865834643606,True,0.1754145653583059,0.016249062335354836,0.11979865834643606,0.2717877830437072
DLGAP4,-0.04874727081502961,0.6143622485179738,-0.14235150523938245,0.00024113833308497565,0.007142857142857143,0.11979865834643606,True,0.04874727081502961,0.14235150523938245,0.11979865834643606,0.2716561348077936
CNKSR1,0.05694247391243046,0.7647396101189992,-0.13300315884666603,0.12602737151675028,0.007142857142857143,0.11979865834643606,False,0.05694247391243046,0.13300315884666603,0.11979865834643606,0.2715244865718799
GBE1,0.16110548027996785,0.012484091211007027,-0.02925632230700259,0.466420962224318,0.007142857142857143,0.11979865834643606,False,0.16110548027996785,0.02925632230700259,0.11979865834643606,0.2713928383359663
SDE2,0.13443263292688634,0.016169347244918995,-0.051665332050305324,0.22585257963211927,0.007142857142857143,0.11979865834643606,False,0.13443263292688634,0.051665332050305324,0.11979865834643606,0.27099789362822535
LEMD3,0.04232914255558384,0.4509650310739413,-0.15075723968386257,0.0026178317528363975,0.007142857142857143,0.11979865834643606,False,0.04232914255558384,0.15075723968386257,0.11979865834643606,0.27073459715639814
CTDSPL2,0.0867741550065908,0.20008797184739863,-0.09802623516660347,0.03923741153109981,0.007142857142857143,0.11979865834643606,False,0.0867741550065908,0.09802623516660347,0.11979865834643606,0.2707345971563981
STK11IP,-0.1311446988891074,0.0597686614341712,0.053711748357436306,0.3285440844649539,0.007142857142857143,0.11979865834643606,False,0.1311446988891074,0.053711748357436306,0.11979865834643606,0.2706029489204844
RRM2B,0.07272777399519015,0.34809454646733107,0.11408172853155918,0.09039833417389664,0.007142857142857143,0.11979865834643606,True,0.07272777399519015,0.11408172853155918,0.11979865834643606,0.2704713006845708
GPAT3,0.08745151543695329,0.5324889991483085,0.09699600627672922,0.43426264231658596,0.007142857142857143,0.11979865834643606,True,0.08745151543695329,0.09699600627672922,0.11979865834643606,0.2703396524486572
TPCN2,-0.07044987365736866,0.24465739040448028,0.11565576551080525,0.7369269142161909,0.007142857142857143,0.11979865834643606,False,0.07044987365736866,0.11565576551080525,0.11979865834643606,0.2703396524486572
STRN4,0.14298296249462616,0.0013897930606780518,-0.041872611624910405,0.27220383144488,0.007142857142857143,0.11979865834643606,False,0.14298296249462616,0.041872611624910405,0.11979865834643606,0.2699447077409163
FBXO11,-0.08001259690797546,0.2798178651746651,0.10417579641624641,0.1720650067344102,0.007142857142857143,0.11979865834643606,False,0.08001259690797546,0.10417579641624641,0.11979865834643606,0.26968141126908896
EXOC8,0.16380534906591926,0.002706232456266264,-0.022484706824311473,0.4550470981936342,0.007142857142857143,0.11979865834643606,False,0.16380534906591926,0.022484706824311473,0.11979865834643606,0.26889152185360715
RFX7,-0.11669511549828293,0.22149323395619125,-0.0654492245647802,0.6692976774130932,0.007142857142857143,0.11979865834643606,True,0.11669511549828293,0.0654492245647802,0.11979865834643606,0.2684965771458663
WRAP73,0.08031466475297222,0.1797881712067782,-0.10206722739575369,0.22372010232415798,0.007142857142857143,0.11979865834643606,False,0.08031466475297222,0.10206722739575369,0.11979865834643606,0.2684965771458662
COPS4,-0.03677630499796258,0.519859813334925,-0.15331148031334507,4.128309689897357e-05,0.007142857142857143,0.11979865834643606,True,0.03677630499796258,0.15331148031334507,0.11979865834643606,0.2684965771458662
UBFD1,0.1205208768775261,0.011245798354487151,-0.06092474841202744,0.299926019481389,0.007142857142857143,0.11979865834643606,False,0.1205208768775261,0.06092474841202744,0.11979865834643606,0.26810163243812535
INTS8,0.15288635135816442,0.039206942343667166,0.03094719919533162,0.5154028399831241,0.007142857142857143,0.11979865834643606,True,0.15288635135816442,0.03094719919533162,0.11979865834643606,0.267838335966298
METTL5,0.18061003736762338,0.008715543962058196,0.0055741471193044845,0.944668976001442,0.007142857142857143,0.11979865834643606,True,0.18061003736762338,0.0055741471193044845,0.11979865834643606,0.26704844655081617
FAM83G,0.09101994094483068,0.5596836279726124,0.08902831342703266,0.30038012859149815,0.007142857142857143,0.11979865834643606,True,0.09101994094483068,0.08902831342703266,0.11979865834643606,0.26691679831490256
FGF2,0.12881001115970925,0.5411926536141373,0.05029039604736596,0.6061613014973501,0.007142857142857143,0.11979865834643606,True,0.12881001115970925,0.05029039604736596,0.11979865834643606,0.266390205371248
GLCE,0.1623113341571134,0.00522442371794717,-0.020271871273532582,0.7345720783458727,0.007142857142857143,0.11979865834643606,False,0.1623113341571134,0.020271871273532582,0.11979865834643606,0.26612690889942076
SNRNP200,-0.14289433957073783,0.03390959305325473,-0.03692483375631994,0.09310631416639456,0.007142857142857143,0.11979865834643606,True,0.14289433957073783,0.03692483375631994,0.11979865834643606,0.2658636124275935
ELF2,-0.15946437923517465,0.00026414170757690654,0.022165869401110427,0.785155149297011,0.007142857142857143,0.11979865834643606,False,0.15946437923517465,0.022165869401110427,0.11979865834643606,0.26494207477619797
SART1,0.014935027286320235,0.8022027051869068,-0.17672899070029402,6.50834092234907e-08,0.007142857142857143,0.11979865834643606,False,0.014935027286320235,0.17672899070029402,0.11979865834643606,0.2640205371248025
GNB5,-0.10150279152966313,0.05795095101727008,-0.0727029516957316,0.6586359953075814,0.007142857142857143,0.11979865834643606,True,0.10150279152966313,0.0727029516957316,0.11979865834643606,0.2640205371248025
RGPD1,-0.18549874534985378,0.34981313413236903,0.0008239851972327017,0.9896305173509973,0.007142857142857143,0.11979865834643606,False,0.18549874534985378,0.0008239851972327017,0.11979865834643606,0.2638888888888889
BCAS3,-0.17872414964447536,5.368881339276295e-06,-0.0041611085601829245,0.9035958257184484,0.007142857142857143,0.11979865834643606,True,0.17872414964447536,0.0041611085601829245,0.11979865834643606,0.26375724065297523
OSBPL11,0.03972393872036051,0.4530469432336173,0.14080020778176916,0.0023565113666593747,0.007142857142857143,0.11979865834643606,True,0.03972393872036051,0.14080020778176916,0.11979865834643606,0.2634939441811479
GEMIN5,-0.12103780421337973,0.000992147955098719,-0.05371266438910993,0.09599860787752953,0.007142857142857143,0.11979865834643606,True,0.12103780421337973,0.05371266438910993,0.11979865834643606,0.2632306477093207
RAB14,0.056017268427519085,0.3719199220727975,-0.11897150091389364,0.00569190331874392,0.007142857142857143,0.11979865834643606,False,0.056017268427519085,0.11897150091389364,0.11979865834643606,0.26283570300157977
PRKCA,-0.15788781081282188,0.04513502583528587,0.01973563397091027,0.5718572694671505,0.007142857142857143,0.11979865834643606,False,0.15788781081282188,0.01973563397091027,0.11979865834643606,0.26270405476566616
MUL1,-0.07780075818066479,0.11705702161600146,-0.09496021296352097,0.2557019222003631,0.007142857142857143,0.11979865834643606,True,0.07780075818066479,0.09496021296352097,0.11979865834643606,0.26230911005792523
CCDC92,0.048456442210357054,0.4598811088933297,-0.12780847325637268,0.08850151396654347,0.007142857142857143,0.11979865834643606,False,0.048456442210357054,0.12780847325637268,0.11979865834643606,0.26230911005792523
ILKAP,0.025527798249443734,0.5608676377784871,0.1554214236373248,0.00773412979715734,0.007142857142857143,0.11979865834643606,True,0.025527798249443734,0.1554214236373248,0.11979865834643606,0.26217746182201157
ZNF813,-0.12381000610858983,0.0872564285946913,0.048566202157617866,0.8255581249466524,0.007142857142857143,0.11979865834643606,False,0.12381000610858983,0.048566202157617866,0.11979865834643606,0.2620458135860979
SYNCRIP,-0.07190855883200342,0.4711276269126835,-0.09778754750659502,0.02238991928884385,0.007142857142857143,0.11979865834643606,True,0.07190855883200342,0.09778754750659502,0.11979865834643606,0.2608609794628752
BNC2,0.17708410772852368,0.3919741889602007,0.0015233515080446125,0.9885673488433951,0.007142857142857143,0.11979865834643606,True,0.17708410772852368,0.0015233515080446125,0.11979865834643606,0.2603343865192206
NCOA7,-0.0061804395378732835,0.9547273687053593,-0.17919690597171467,0.00011829269138820748,0.007142857142857143,0.11979865834643606,True,0.0061804395378732835,0.17919690597171467,0.11979865834643606,0.2594128488678251
AMFR,-0.14218498942657476,0.0007964149101691901,-0.02860325483710824,0.8579793530680971,0.007142857142857143,0.11979865834643606,True,0.14218498942657476,0.02860325483710824,0.11979865834643606,0.25901790416008424
RBBP7,0.1384381084383044,0.0004828181358899881,-0.03274384386367046,0.42118937528120526,0.007142857142857143,0.11979865834643606,False,0.1384381084383044,0.03274384386367046,0.11979865834643606,0.25901790416008424
UBR4,-0.16521164718885473,0.016690059816429157,0.007707868130591322,0.81147660385008,0.007142857142857143,0.11979865834643606,False,0.16521164718885473,0.007707868130591322,0.11979865834643606,0.25849131121642965
MTMR6,0.020053077864192304,0.7976110830505042,0.15573090166733294,1.668734111109829e-05,0.007142857142857143,0.11979865834643606,True,0.020053077864192304,0.15573090166733294,0.11979865834643606,0.25835966298051605
TCOF1,0.1179014100165201,0.024187718906165057,-0.050728184223402195,0.09187115416726796,0.007142857142857143,0.11979865834643606,False,0.1179014100165201,0.050728184223402195,0.11979865834643606,0.25835966298051605
WRAP53,-0.13757330673981727,0.12964832686034178,0.03290718481955679,0.7002791405085245,0.007142857142857143,0.11979865834643606,False,0.13757330673981727,0.03290718481955679,0.11979865834643606,0.2580963665086888
CYBRD1,-0.1595248460402754,0.3947345362106119,-0.012375829752567569,0.8957293062635865,0.007142857142857143,0.11979865834643606,True,0.1595248460402754,0.012375829752567569,0.11979865834643606,0.2575697735650342
ALPK1,0.10379552348824284,0.10113868381419744,-0.06218445783831683,0.5358013118364217,0.007142857142857143,0.11979865834643606,False,0.10379552348824284,0.06218445783831683,0.11979865834643606,0.25704318062137965
EIF4G2,0.10693737372428735,0.09093473708900897,0.058438069726335584,0.04649101093459258,0.007142857142857143,0.11979865834643606,True,0.10693737372428735,0.058438069726335584,0.11979865834643606,0.2566482359136387
NCOR2,-0.04646465017990664,0.667809519688803,0.119634610345841,4.1088496934637764e-05,0.007142857142857143,0.11979865834643606,False,0.04646465017990664,0.119634610345841,0.11979865834643606,0.25625329120589785
HNRNPDL,0.09180874390195015,0.19553812607386106,-0.07193548458781862,0.2009289255203942,0.007142857142857143,0.11979865834643606,False,0.09180874390195015,0.07193548458781862,0.11979865834643606,0.2562532912058978
KTI12,-0.09326148689456204,0.09684093304318175,-0.07113834975594457,0.1914945032872247,0.007142857142857143,0.11979865834643606,True,0.09326148689456204,0.07113834975594457,0.11979865834643606,0.2561216429699842
NUDT16L1,-0.04948399246413793,0.6012537874892244,-0.11615639251185073,0.04437550310868411,0.007142857142857143,0.11979865834643606,True,0.04948399246413793,0.11615639251185073,0.11979865834643606,0.25585834649815686
RAB3GAP1,-0.0033630261887722668,0.9331685028399466,0.17610684257490306,4.811504412183532e-13,0.007142857142857143,0.11979865834643606,False,0.0033630261887722668,0.17610684257490306,0.11979865834643606,0.25559505002632965
SETDB1,-0.10674639112102113,0.0011196776801922874,0.055636694944670495,0.1092278422282482,0.007142857142857143,0.11979865834643606,False,0.10674639112102113,0.055636694944670495,0.11979865834643606,0.2552001053185887
ATP6V1A,0.08430104079957346,0.11758534110020524,0.07721919256321996,0.005412738942903919,0.007142857142857143,0.11979865834643606,True,0.08430104079957346,0.07721919256321996,0.11979865834643606,0.25506845708267506
PRR12,0.07756894266793957,0.45053870187738104,0.08334739074774333,0.056037735383363464,0.007142857142857143,0.11979865834643606,True,0.07756894266793957,0.08334739074774333,0.11979865834643606,0.2533570300157978
GAK,0.09636527008051132,0.1841242479892142,-0.06435825007978124,0.04524275628201515,0.007142857142857143,0.11979865834643606,False,0.09636527008051132,0.06435825007978124,0.11979865834643606,0.25309373354397047
EXOSC2,-0.018155255956411764,0.5611305487325473,0.14965622113133747,0.04849743393437112,0.007142857142857143,0.11979865834643606,False,0.018155255956411764,0.14965622113133747,0.11979865834643606,0.25296208530805686
MED1,0.10535468239520362,0.020775709977670986,-0.05424216305140561,0.05947917991267258,0.007142857142857143,0.11979865834643606,False,0.10535468239520362,0.05424216305140561,0.11979865834643606,0.25256714060031593
SMARCD1,-0.08657269819880398,0.008175524122359367,0.0712763730894892,0.15109171414581993,0.007142857142857143,0.11979865834643606,False,0.08657269819880398,0.0712763730894892,0.11979865834643606,0.25177725118483407
ATRX,-0.05066871729296807,0.4722457868761955,-0.10565977799533144,0.0005574720654217367,0.007142857142857143,0.11979865834643606,True,0.05066871729296807,0.10565977799533144,0.11979865834643606,0.25125065824117954
FBXL8,0.0027625198902594406,0.9885938156691365,0.16670591042629113,0.03243636499904575,0.007142857142857143,0.11979865834643606,True,0.0027625198902594406,0.16670591042629113,0.11979865834643606,0.25125065824117954
CDK11A,0.043892462340387794,0.4082213895330734,-0.11472724826635528,0.28324985947093523,0.007142857142857143,0.11979865834643606,False,0.043892462340387794,0.11472724826635528,0.11979865834643606,0.2505924170616114
TRMT2A,-0.0971528955301384,0.1874184191646347,0.05972553794049418,0.2100804967427788,0.007142857142857143,0.11979865834643606,False,0.0971528955301384,0.05972553794049418,0.11979865834643606,0.2500658241179568
NCBP1,-0.08900747577606971,0.09478858913114029,-0.0668222614241003,0.07268175110803975,0.007142857142857143,0.11979865834643606,True,0.08900747577606971,0.0668222614241003,0.11979865834643606,0.2500658241179568
ZFC3H1,0.09597556063537738,0.17294403836011568,-0.06088177725473898,0.31081368812043325,0.007142857142857143,0.11979865834643606,False,0.09597556063537738,0.06088177725473898,0.11979865834643606,0.2500658241179568
ITK,-0.015042013478288041,0.9548995922876766,-0.14822067363750868,0.6190000119051464,0.007142857142857143,0.11979865834643606,True,0.015042013478288041,0.14822067363750868,0.11979865834643606,0.24914428646656134
EGLN1,-0.06242007575187003,0.4141409690670272,0.09059087815003508,0.012247025056003861,0.007142857142857143,0.11979865834643606,False,0.06242007575187003,0.09059087815003508,0.11979865834643606,0.24888098999473407
XRN1,0.05142025796529026,0.50810341790699,0.09978697973414796,0.00037164370149836103,0.007142857142857143,0.11979865834643606,True,0.05142025796529026,0.09978697973414796,0.11979865834643606,0.24888098999473407
HPX,-0.050573044713798865,0.723688262815728,0.10160403736277246,0.23385205069468923,0.007142857142857143,0.11979865834643606,False,0.050573044713798865,0.10160403736277246,0.11979865834643606,0.2480911005792522
ASF1A,-0.1297762756615768,0.07996204285688922,0.028453947727665962,0.774519985693027,0.007142857142857143,0.11979865834643606,False,0.1297762756615768,0.028453947727665962,0.11979865834643606,0.2480911005792522
FBXW5,-0.10635162892934069,0.31778054346427376,-0.04799531340595209,0.5000760176244465,0.007142857142857143,0.11979865834643606,True,0.10635162892934069,0.04799531340595209,0.11979865834643606,0.2476961558715113
CEP128,0.12649492592609768,0.2277116382192457,-0.02960408447248497,0.6830067629065995,0.007142857142857143,0.11979865834643606,False,0.12649492592609768,0.02960408447248497,0.11979865834643606,0.24769615587151128
GP9,0.07427697479220097,0.6937062428380438,-0.0749144488422484,0.9012701984532518,0.007142857142857143,0.11979865834643606,False,0.07427697479220097,0.0749144488422484,0.11979865834643606,0.2466429699842022
HYAL2,-0.022680065176686526,0.8443805084443302,0.13321004648467394,0.4496359758908731,0.007142857142857143,0.11979865834643606,False,0.022680065176686526,0.13321004648467394,0.11979865834643606,0.24651132174828855
RAPGEF2,-0.15057391516497987,0.010150027977763874,0.005726836750508113,0.890157615525877,0.007142857142857143,0.11979865834643606,False,0.15057391516497987,0.005726836750508113,0.11979865834643606,0.24611637704054767
C6orf106,0.06120620839618773,0.22741770504307468,-0.08857889187736845,0.1750386845831321,0.007142857142857143,0.11979865834643606,False,0.06120620839618773,0.08857889187736845,0.11979865834643606,0.24572143233280672
SNX15,-0.07625138779402008,0.14377262573059085,-0.07175006751625546,0.2518169376722914,0.007142857142857143,0.11979865834643606,True,0.07625138779402008,0.07175006751625546,0.11979865834643606,0.24532648762506581
NBN,0.03927763433291709,0.5525219189356292,-0.11215306271823522,0.00017149857008631612,0.007142857142857143,0.11979865834643606,False,0.03927763433291709,0.11215306271823522,0.11979865834643606,0.24506319115323855
CTBP2,0.06523192015593793,0.4827099488720578,0.0828231617691273,0.06100656026823212,0.007142857142857143,0.11979865834643606,True,0.06523192015593793,0.0828231617691273,0.11979865834643606,0.24479989468141125
SOGA1,-0.10869186599244429,0.2044900341986319,0.04214909280522505,0.595026480498249,0.007142857142857143,0.11979865834643606,False,0.10869186599244429,0.04214909280522505,0.11979865834643606,0.24453659820958396
AP1M1,0.09542775561135386,0.2551608709702179,-0.053653881590982166,0.0878810471675166,0.007142857142857143,0.11979865834643606,False,0.09542775561135386,0.053653881590982166,0.11979865834643606,0.2442733017377567
NRIP1,0.014051965714875436,0.8446330683023289,-0.1399622231837121,0.6346479490556836,0.007142857142857143,0.11979865834643606,False,0.014051965714875436,0.1399622231837121,0.11979865834643606,0.24414165350184305
SEC24B,0.021294928703719407,0.6574145943704317,0.13002062259390357,0.0026413162256594055,0.007142857142857143,0.11979865834643606,True,0.021294928703719407,0.13002062259390357,0.11979865834643606,0.24387835703001579
WDR47,0.1532709993548913,0.007988731461347291,0.0011890149078261913,0.9776142396380272,0.007142857142857143,0.11979865834643606,True,0.1532709993548913,0.0011890149078261913,0.11979865834643606,0.24348341232227488
BCL2L11,-0.029845169422488382,0.7664007558319794,-0.12041092645737095,0.4461721407975351,0.007142857142857143,0.11979865834643606,True,0.029845169422488382,0.12041092645737095,0.11979865834643606,0.24348341232227488
TRERF1,0.14767234199593915,0.1447836039031434,-0.005228832832706587,0.9564229186722866,0.007142857142857143,0.11979865834643606,False,0.14767234199593915,0.005228832832706587,0.11979865834643606,0.24335176408636122
RPS6KB1,-0.04296851721473516,0.6214690063270872,-0.10083393406376118,0.14365175388766327,0.007142857142857143,0.11979865834643606,True,0.04296851721473516,0.10083393406376118,0.11979865834643606,0.24137704054765666
TPP2,0.06262053204150675,0.22704985326712016,0.07777527081991309,0.0030800696289266303,0.007142857142857143,0.11979865834643606,True,0.06262053204150675,0.07777527081991309,0.11979865834643606,0.2408504476040021
CUL4B,0.07105612363075942,0.3873837541628557,-0.07035637241094506,0.07683474771809863,0.007142857142857143,0.11979865834643606,False,0.07105612363075942,0.07035637241094506,0.11979865834643606,0.24058715113217483
BRPF1,-0.12433476497499818,0.007262725673216683,-0.022055856627812176,0.6965608765113436,0.007142857142857143,0.11979865834643606,True,0.12433476497499818,0.022055856627812176,0.11979865834643606,0.2404555028962612
ITGA9,-0.08788024778089643,0.5238413598850626,-0.053000491370823966,0.6197836970414713,0.007142857142857143,0.11979865834643606,True,0.08788024778089643,0.053000491370823966,0.11979865834643606,0.23940231700895206
GTF2F1,-0.03150941330575563,0.44599998886925774,-0.11420087906352805,0.007178519110341213,0.007142857142857143,0.11979865834643606,True,0.03150941330575563,0.11420087906352805,0.11979865834643606,0.23940231700895206
WDR26,0.017660156485334255,0.8121526834755118,0.12725272805295873,0.0009809154646810644,0.007142857142857143,0.11979865834643606,True,0.017660156485334255,0.12725272805295873,0.11979865834643606,0.2391390205371248
PDS5B,-0.08591491062555434,0.24931717744465218,-0.05478510951461146,0.06072226934433711,0.007142857142857143,0.11979865834643606,True,0.08591491062555434,0.05478510951461146,0.11979865834643606,0.23900737230121114
TMEM185B,0.07452275718114976,0.16383836095102078,0.06485713917555458,0.5123020581990693,0.007142857142857143,0.11979865834643606,True,0.07452275718114976,0.06485713917555458,0.11979865834643606,0.23874407582938387
ELAVL1,0.06361989989339278,0.21322695104892614,0.07370001807221627,0.18849823436130106,0.007142857142857143,0.11979865834643606,True,0.06361989989339278,0.07370001807221627,0.11979865834643606,0.23874407582938387
TUBGCP3,-0.10973309064926084,0.01503780661536033,0.033500827012968415,0.35790885279294105,0.007142857142857143,0.11979865834643606,False,0.10973309064926084,0.033500827012968415,0.11979865834643606,0.2380858346498157
RBM18,0.02764758019695357,0.5844761408816967,-0.11199173232774129,0.2534828112152404,0.007142857142857143,0.11979865834643606,False,0.02764758019695357,0.11199173232774129,0.11979865834643606,0.2371642969984202
LZTS2,-0.02128704278769966,0.8257258432948077,-0.11879387121762264,0.05082693315062035,0.007142857142857143,0.11979865834643606,True,0.02128704278769966,0.11879387121762264,0.11979865834643606,0.23703264876250657
ARID4B,0.11504587683643663,0.0351459936101366,0.026960191389886035,0.47358503601211477,0.007142857142857143,0.11979865834643606,True,0.11504587683643663,0.026960191389886035,0.11979865834643606,0.23624275934702474
JPH1,0.014187270262445928,0.958628854074624,-0.1267863916049201,0.44993793584829206,0.007142857142857143,0.11979865834643606,False,0.014187270262445928,0.1267863916049201,0.11979865834643606,0.23597946287519744
PYHIN1,-0.06894910534539544,0.8004840538698766,-0.06672707004432255,0.6860067160742706,0.007142857142857143,0.11979865834643606,True,0.06894910534539544,0.06672707004432255,0.11979865834643606,0.23597946287519744
C12orf43,0.040319175861965206,0.32393411999608956,-0.0952362542583991,0.3270400444520912,0.007142857142857143,0.11979865834643606,False,0.040319175861965206,0.0952362542583991,0.11979865834643606,0.2358478146392838
RMDN3,0.1057416247695695,0.01057816568958186,0.03442798453579243,0.5105979754507811,0.007142857142857143,0.11979865834643606,True,0.1057416247695695,0.03442798453579243,0.11979865834643606,0.23571616640337018
CAMSAP1,0.019062429211979648,0.661422980617078,0.1182339778419994,0.009238491857575692,0.007142857142857143,0.11979865834643606,True,0.019062429211979648,0.1182339778419994,0.11979865834643606,0.2347946287519747
GFER,0.07343128206954042,0.3075662009695714,-0.06016031805028277,0.37246073307683863,0.007142857142857143,0.11979865834643606,False,0.07343128206954042,0.06016031805028277,0.11979865834643606,0.23466298051606108
TMEM30B,0.04484800660896404,0.7016344945160324,-0.08851642321208786,0.4065271767446435,0.007142857142857143,0.11979865834643606,False,0.04484800660896404,0.08851642321208786,0.11979865834643606,0.23439968404423378
NIPSNAP3A,0.10480595982090968,0.2440793822132066,0.03351807282883712,0.7155261496636711,0.007142857142857143,0.11979865834643606,True,0.10480595982090968,0.03351807282883712,0.11979865834643606,0.23426803580832015
COPS2,-0.026023753560615148,0.7661877491869009,-0.10750574875166308,0.008949014535456334,0.007142857142857143,0.11979865834643606,True,0.026023753560615148,0.10750574875166308,0.11979865834643606,0.2341363875724065
TTI2,0.08422253692053161,0.07883915824615459,0.050038992358452106,0.7404639492027651,0.007142857142857143,0.11979865834643606,True,0.08422253692053161,0.050038992358452106,0.11979865834643606,0.23387309110057924
SNX14,-0.045855025039182706,0.4167249324626724,-0.08613067707702271,0.4183512156026947,0.007142857142857143,0.11979865834643606,True,0.045855025039182706,0.08613067707702271,0.11979865834643606,0.23360979462875198
MFN2,-0.0003878240415318146,0.9914759230816531,-0.13938577844187705,6.646296040303557e-05,0.007142857142857143,0.11979865834643606,True,0.0003878240415318146,0.13938577844187705,0.11979865834643606,0.23347814639283831
POU2F1,-0.059418206767478665,0.29424048292894284,0.07101477307081794,0.212654758864207,0.007142857142857143,0.11979865834643606,False,0.059418206767478665,0.07101477307081794,0.11979865834643606,0.23295155344918378
NELFCD,0.06309634881330162,0.08953488400725947,-0.06723066168838088,0.12215495147833542,0.007142857142857143,0.11979865834643606,False,0.06309634881330162,0.06723066168838088,0.11979865834643606,0.2326882569773565
RANBP2,-0.13230570640496175,0.0786786815440076,-0.00546181423536396,0.8423353917655209,0.007142857142857143,0.11979865834643606,True,0.13230570640496175,0.00546181423536396,0.11979865834643606,0.23268825697735648
CLIP1,0.1352905937744051,0.02731097018563311,0.00366380863084359,0.9196232466063288,0.007142857142857143,0.11979865834643606,True,0.1352905937744051,0.00366380863084359,0.11979865834643606,0.23189836756187465
SDHB,0.04296045575610741,0.40234526992561565,-0.08701598761663121,0.23030176279115336,0.007142857142857143,0.11979865834643606,False,0.04296045575610741,0.08701598761663121,0.11979865834643606,0.23137177461822012
CDC42SE2,-0.016553858175331726,0.8058543365737267,0.11532977005409961,0.22281305769083742,0.007142857142857143,0.11979865834643606,False,0.016553858175331726,0.11532977005409961,0.11979865834643606,0.23071353343865192
MSC,0.06974398370245716,0.6924812841512884,0.05617543883626652,0.8938793769551943,0.007142857142857143,0.11979865834643606,True,0.06974398370245716,0.05617543883626652,0.11979865834643606,0.22992364402317006
USP35,-0.0615110908169072,0.42071743811764395,-0.06491905771573414,0.6966890134830307,0.007142857142857143,0.11979865834643606,True,0.0615110908169072,0.06491905771573414,0.11979865834643606,0.22979199578725645
ZNF551,-0.034245622975381806,0.4843405994247369,0.09109442944180834,0.4567778308823464,0.007142857142857143,0.11979865834643606,False,0.034245622975381806,0.09109442944180834,0.11979865834643606,0.22847551342812006
THUMPD3,-0.010552484498813186,0.7653239321525493,0.11768415349625272,0.0033668188905084926,0.007142857142857143,0.11979865834643606,False,0.010552484498813186,0.11768415349625272,0.11979865834643606,0.2276856240126382
FAM160B1,0.02064281235535148,0.7957000785536352,-0.1046885301548457,0.010748565142025305,0.007142857142857143,0.11979865834643606,False,0.02064281235535148,0.1046885301548457,0.11979865834643606,0.2276856240126382
RALGAPB,0.0770995708411597,0.0676027223705457,-0.04806885294101093,0.2093517004989824,0.007142857142857143,0.11979865834643606,False,0.0770995708411597,0.04806885294101093,0.11979865834643606,0.22742232754081093
POLR2B,0.007834904536490939,0.8355218798492356,0.11930035758868485,3.4630490751189156e-05,0.007142857142857143,0.11979865834643606,True,0.007834904536490939,0.11930035758868485,0.11979865834643606,0.2268957345971564
RNF135,0.015750215521400435,0.8036070535279165,0.10991631777894284,0.09218850879618654,0.007142857142857143,0.11979865834643606,True,0.015750215521400435,0.10991631777894284,0.11979865834643606,0.22650078988941547
IPO13,-0.08068805368517218,0.19916448004802434,0.043144057998162566,0.4820782000921157,0.007142857142857143,0.11979865834643606,False,0.08068805368517218,0.043144057998162566,0.11979865834643606,0.22571090047393363
PLCB4,0.011915689101090976,0.9430233030471322,-0.11380776904041312,0.12937819492491864,0.007142857142857143,0.11979865834643606,False,0.011915689101090976,0.11380776904041312,0.11979865834643606,0.22557925223802
SACS,-0.12714490677152313,0.16087337367555257,-0.0014697002270942505,0.9896674286314829,0.007142857142857143,0.11979865834643606,True,0.12714490677152313,0.0014697002270942505,0.11979865834643606,0.22478936282253817
ACAN,0.12256016674990633,0.684819807584627,0.0046672634960529535,0.9728616412274895,0.007142857142857143,0.11979865834643606,True,0.12256016674990633,0.0046672634960529535,0.11979865834643606,0.22452606635071087
RBBP9,0.01638651893497034,0.7759992875083445,0.1050372960142063,0.14828519976532273,0.007142857142857143,0.11979865834643606,True,0.01638651893497034,0.1050372960142063,0.11979865834643606,0.22439441811479727
ZCCHC14,-0.11842587672477123,0.1996879657007845,0.007073273755185738,0.975653438326793,0.007142857142857143,0.11979865834643606,False,0.11842587672477123,0.007073273755185738,0.11979865834643606,0.22399947340705634
EGFR,0.019607506498436678,0.8586960593779547,0.09767331061131657,0.05884153489305435,0.007142857142857143,0.11979865834643606,True,0.019607506498436678,0.09767331061131657,0.11979865834643606,0.22241969457609267
NUP188,-0.05098012585437672,0.2690426961695649,0.06256954687782823,0.10787609040003372,0.007142857142857143,0.11979865834643606,False,0.05098012585437672,0.06256954687782823,0.11979865834643606,0.22176145339652448
KCTD6,-0.0707819900809401,0.30368308602582583,-0.04625244247296045,0.8696904525235102,0.007142857142857143,0.11979865834643606,True,0.0707819900809401,0.04625244247296045,0.11979865834643606,0.2212348604528699
FNBP4,-0.03564987776954176,0.3996846349031447,-0.07489715253673168,0.14866957456249064,0.007142857142857143,0.11979865834643606,True,0.03564987776954176,0.07489715253673168,0.11979865834643606,0.21860189573459715
CASZ1,0.08300522265705013,0.5905786294646348,-0.03193652698739058,0.7611499477195058,0.007142857142857143,0.11979865834643606,False,0.08300522265705013,0.03193652698739058,0.11979865834643606,0.21781200631911532
NMRAL1,0.06310323203128476,0.28053575450376655,0.04772112552036134,0.5752845062911915,0.007142857142857143,0.11979865834643606,True,0.06310323203128476,0.04772112552036134,0.11979865834643606,0.21754870984728802
NONO,-0.0226285424679471,0.5610429494028043,0.08730406888339814,0.019090376487458413,0.007142857142857143,0.11979865834643606,False,0.0226285424679471,0.08730406888339814,0.11979865834643606,0.2174170616113744
SAMD1,0.09868900708977613,0.09742977152813356,-0.016652681467647312,0.7612906605119777,0.007142857142857143,0.11979865834643606,False,0.09868900708977613,0.016652681467647312,0.11979865834643606,0.21689046866771985
TP53BP1,-0.0832308401890316,0.03709616418244446,0.02931177099122806,0.2549185836876741,0.007142857142857143,0.11979865834643606,False,0.0832308401890316,0.02931177099122806,0.11979865834643606,0.2163638757240653
STUB1,-0.03292449382310103,0.6050022853769923,-0.07352792170491185,0.14282937292457507,0.007142857142857143,0.11979865834643606,True,0.03292449382310103,0.07352792170491185,0.11979865834643606,0.21557398630858346
SURF2,-0.06904197965007697,0.42016027356185087,-0.04077925896977419,0.5226052991565233,0.007142857142857143,0.11979865834643606,True,0.06904197965007697,0.04077925896977419,0.11979865834643606,0.21544233807266983
STX2,-0.06712135353576976,0.22051039111500062,-0.041840048106074335,0.5939450704997297,0.007142857142857143,0.11979865834643606,True,0.06712135353576976,0.041840048106074335,0.11979865834643606,0.21491574512901526
UBE3A,-0.0909039253997026,0.17820704539013862,0.017558738411761254,0.5721856144488598,0.007142857142857143,0.11979865834643606,False,0.0909039253997026,0.017558738411761254,0.11979865834643606,0.21254607688256977
UBXN2B,0.10240225031900252,0.24356639339989616,-0.005984207563475508,0.9567137822013129,0.007142857142857143,0.11979865834643606,False,0.10240225031900252,0.005984207563475508,0.11979865834643606,0.21136124275934703
CYLD,-0.05606625678394472,0.41478332106631965,0.045730693518084564,0.27854975474106314,0.007142857142857143,0.11979865834643606,False,0.05606625678394472,0.045730693518084564,0.11979865834643606,0.2109662980516061
MLH1,-0.10389050905762787,0.014917684764923772,0.00464460571318881,0.8991404397381277,0.007142857142857143,0.11979865834643606,False,0.10389050905762787,0.00464460571318881,0.11979865834643606,0.21083464981569244
IFT46,-0.08159855712167641,0.14550034683341645,-0.023712823189594445,0.7809604936937412,0.007142857142857143,0.11979865834643606,True,0.08159855712167641,0.023712823189594445,0.11979865834643606,0.2107030015797788
HSPB2,0.06828129722042142,0.788624812772663,0.03489181935585961,0.830563979602974,0.007142857142857143,0.11979865834643606,True,0.06828129722042142,0.03489181935585961,0.11979865834643606,0.21043970510795154
RUFY2,-0.02504380820163732,0.7452552974814263,0.07202329266394614,0.04941935717012057,0.007142857142857143,0.11979865834643606,False,0.02504380820163732,0.07202329266394614,0.11979865834643606,0.20951816745655608
EPHB3,0.024048682046041492,0.9327328560935523,-0.07192612417938804,0.30608768724300994,0.007142857142857143,0.11979865834643606,False,0.024048682046041492,0.07192612417938804,0.11979865834643606,0.20872827804107424
COG5,-0.07634409239383544,0.309025191957115,0.023012404397714903,0.6204647643804057,0.007142857142857143,0.11979865834643606,False,0.07634409239383544,0.023012404397714903,0.11979865834643606,0.20728014744602422
GXYLT1,-0.07545808852904123,0.36034395751054876,0.023792069892802914,0.7347514400337722,0.007142857142857143,0.11979865834643606,False,0.07545808852904123,0.023792069892802914,0.11979865834643606,0.20701685097419692
NOP56,0.08746262992391785,0.1145231002879484,0.012638457907190315,0.79601715558135,0.007142857142857143,0.11979865834643606,True,0.08746262992391785,0.012638457907190315,0.11979865834643606,0.20649025803054238
UBR5,0.05076685598485575,0.3042885296365077,-0.04311294289695411,0.17381780346074904,0.007142857142857143,0.11979865834643606,False,0.05076685598485575,0.04311294289695411,0.11979865834643606,0.2058320168509742
APP,-0.07842047793718088,0.2141473241893679,-0.017593909113333694,0.7054122252756733,0.007142857142857143,0.11979865834643606,True,0.07842047793718088,0.017593909113333694,0.11979865834643606,0.2045155344918378
CCNT1,-0.010321219307487084,0.8504732432420473,-0.08225311985249562,0.051306540143783795,0.007142857142857143,0.11979865834643606,True,0.010321219307487084,0.08225311985249562,0.11979865834643606,0.20359399684044233
CNOT10,-0.025888739696702245,0.43005754423636977,-0.06338232581323311,0.10146602208333497,0.007142857142857143,0.11979865834643606,True,0.025888739696702245,0.06338232581323311,0.11979865834643606,0.2031990521327014
NCKIPSD,-0.040639957594152065,0.6222909901041604,-0.04916723948162982,0.48736646738750716,0.007142857142857143,0.11979865834643606,True,0.040639957594152065,0.04916723948162982,0.11979865834643606,0.2025408109531332
ATF7IP,-0.08264450646430177,0.22913250070802113,-0.010991001565820113,0.8345039114649714,0.007142857142857143,0.11979865834643606,True,0.08264450646430177,0.010991001565820113,0.11979865834643606,0.2017509215376514
LAMB2,-0.07338158045488719,0.4563894321645579,-0.01688913603207709,0.8066857628799387,0.007142857142857143,0.11979865834643606,True,0.07338158045488719,0.01688913603207709,0.11979865834643606,0.200434439178515
FAM118A,-0.02983117847955974,0.8580592765652052,0.05586268218885593,0.6557863561898618,0.007142857142857143,0.11979865834643606,False,0.02983117847955974,0.05586268218885593,0.11979865834643606,0.1997761979989468
ADH5,0.04778474318837489,0.5473191478753289,-0.0398009752703139,0.3877229206354465,0.007142857142857143,0.11979865834643606,False,0.04778474318837489,0.0398009752703139,0.11979865834643606,0.19924960505529227
ATXN2,-0.003871197212983901,0.9473213125329277,0.07787360085924888,0.0739680080083827,0.007142857142857143,0.11979865834643606,False,0.003871197212983901,0.07787360085924888,0.11979865834643606,0.1978014744602422
TCN2,0.03084776623787988,0.7952576449001802,0.05155661383015797,0.6326528509031208,0.007142857142857143,0.11979865834643606,True,0.03084776623787988,0.05155661383015797,0.11979865834643606,0.19622169562927855
TMEM127,0.08451424579637568,0.06091480461194332,0.003740105665867688,0.9809994292084782,0.007142857142857143,0.11979865834643606,True,0.08451424579637568,0.003740105665867688,0.11979865834643606,0.1960900473933649
HOMEZ,-0.06689559597764827,0.20838817484126756,-0.0165738177144803,0.8762987456009133,0.007142857142857143,0.11979865834643606,True,0.06689559597764827,0.0165738177144803,0.11979865834643606,0.19543180621379674
NAT10,0.02696142304447413,0.5617328607392755,0.0527212239058521,0.11767205891918882,0.007142857142857143,0.11979865834643606,True,0.02696142304447413,0.0527212239058521,0.11979865834643606,0.19543180621379672
DEPDC5,-0.06317158289458824,0.22584370854838162,0.018504239273447354,0.787252041398597,0.007142857142857143,0.11979865834643606,False,0.06317158289458824,0.018504239273447354,0.11979865834643606,0.19530015797788308
IFT52,0.003088579622295029,0.9667805474979584,-0.07579179027598926,0.2793790803988866,0.007142857142857143,0.11979865834643606,False,0.003088579622295029,0.07579179027598926,0.11979865834643606,0.19503686150605581
HNRNPUL1,-0.01972422360327819,0.6463292314284527,-0.058014000928441334,0.06452039660864281,0.007142857142857143,0.11979865834643606,True,0.01972422360327819,0.058014000928441334,0.11979865834643606,0.19424697209057398
LUC7L2,0.041310833515501244,0.4098593336388651,0.03892282190357221,0.2119212069279255,0.007142857142857143,0.11979865834643606,True,0.041310833515501244,0.03892282190357221,0.11979865834643606,0.19385202738283305
RYBP,0.08254660174074147,0.34566952869907136,0.002228264792737633,0.9740873517299643,0.007142857142857143,0.11979865834643606,True,0.08254660174074147,0.002228264792737633,0.11979865834643606,0.19319378620326488
POLR2E,-0.01733766490856503,0.7941283835559991,0.058544669731553256,0.143228896213921,0.007142857142857143,0.11979865834643606,False,0.01733766490856503,0.058544669731553256,0.11979865834643606,0.19253554502369669
NF1,-0.033454124555746034,0.6075350089647739,0.044637811614968825,0.2779665980053839,0.007142857142857143,0.11979865834643606,False,0.033454124555746034,0.044637811614968825,0.11979865834643606,0.19240389678778302
LSM2,0.07009561346981386,0.26903796621818726,0.009440316555465955,0.86896291516982,0.007142857142857143,0.11979865834643606,True,0.07009561346981386,0.009440316555465955,0.11979865834643606,0.19214060031595576
GLB1,0.019924195140937684,0.7107775202580081,-0.05404896293985573,0.18482493650832876,0.007142857142857143,0.11979865834643606,False,0.019924195140937684,0.05404896293985573,0.11979865834643606,0.1916140073723012
FUBP3,0.06135984262592942,0.07072638260809076,-0.01559842500170916,0.6218321531631987,0.007142857142857143,0.11979865834643606,False,0.06135984262592942,0.01559842500170916,0.11979865834643606,0.19069246972090573
ARIH1,0.06877512892069859,0.21806010926076994,-0.009375882202053987,0.7383554638203507,0.007142857142857143,0.11979865834643606,False,0.06877512892069859,0.009375882202053987,0.11979865834643606,0.19069246972090573
TFIP11,0.050700904829337645,0.18014017195646329,0.02295425737469614,0.46894699207460927,0.007142857142857143,0.11979865834643606,True,0.050700904829337645,0.02295425737469614,0.11979865834643606,0.19016587677725116
XPO5,0.05794729165567425,0.40241457874733033,0.017511312883328856,0.6872046262987984,0.007142857142857143,0.11979865834643606,True,0.05794729165567425,0.017511312883328856,0.11979865834643606,0.19016587677725116
HNRNPA2B1,0.046997414883433564,0.5878994940425664,0.028024745811048746,0.3972093882977167,0.007142857142857143,0.11979865834643606,True,0.046997414883433564,0.028024745811048746,0.11979865834643606,0.18937598736176933
RBPJ,0.009410975519781317,0.9181404616547313,0.06239129470077387,0.07696657683762238,0.007142857142857143,0.11979865834643606,True,0.009410975519781317,0.06239129470077387,0.11979865834643606,0.18911269088994206
QSER1,0.02177978959541349,0.8311401275868616,-0.04852602764643876,0.6447845994143093,0.007142857142857143,0.11979865834643606,False,0.02177978959541349,0.04852602764643876,0.11979865834643606,0.1888493944181148
GDI2,0.018410390005042743,0.7877559319829845,0.051106358863506784,0.07901042606064196,0.007142857142857143,0.11979865834643606,True,0.018410390005042743,0.051106358863506784,0.11979865834643606,0.18805950500263297
KIAA0556,0.0027330057464514113,0.9668652539652248,0.06479315511356987,0.5750657847260265,0.007142857142857143,0.11979865834643606,True,0.0027330057464514113,0.06479315511356987,0.11979865834643606,0.18568983675618744
MYO15B,-0.010379394311399892,0.9262364751559972,-0.055592912104671655,0.6575744676924958,0.007142857142857143,0.11979865834643606,True,0.010379394311399892,0.055592912104671655,0.11979865834643606,0.1855581885202738
PRPF38B,-0.016226467791554455,0.7322154829210269,-0.0491970057403357,0.3459810669838143,0.007142857142857143,0.11979865834643606,True,0.016226467791554455,0.0491970057403357,0.11979865834643606,0.18437335439705105
OTUD1,-0.0619439596966842,0.5293440321356953,-0.006389064563673941,0.9592704857491064,0.007142857142857143,0.11979865834643606,True,0.0619439596966842,0.006389064563673941,0.11979865834643606,0.18424170616113744
PLAA,-0.017319021136128043,0.7187775190016181,-0.04744599788984871,0.10881305815190986,0.007142857142857143,0.11979865834643606,True,0.017319021136128043,0.04744599788984871,0.11979865834643606,0.18318852027382831
GLB1L2,-0.03725727724589767,0.862366669425707,0.028687932369699354,0.8798729212799916,0.007142857142857143,0.11979865834643606,False,0.03725727724589767,0.028687932369699354,0.11979865834643606,0.18266192733017378
SEMA4A,-0.012996855435410737,0.9173993145624558,-0.04886633774080096,0.749414756201883,0.007142857142857143,0.11979865834643606,True,0.012996855435410737,0.04886633774080096,0.11979865834643606,0.18174038967877829
POLR1A,-0.06149077298369754,0.35716928902812406,-0.004260622578282636,0.9062881656773755,0.007142857142857143,0.11979865834643606,True,0.06149077298369754,0.004260622578282636,0.11979865834643606,0.1806872037914692
URB1,-0.04450388789577886,0.5676639861045514,0.017476714893991385,0.678229567286491,0.007142857142857143,0.11979865834643606,False,0.04450388789577886,0.017476714893991385,0.11979865834643606,0.18016061084781462
PCDHGB5,0.0352986432825837,0.743531538567362,0.027021068269654336,0.9280624955148238,0.007142857142857143,0.11979865834643606,True,0.0352986432825837,0.027021068269654336,0.11979865834643606,0.180028962611901
ABCC5,-0.013977187235701294,0.8640811051467164,0.04573700200241504,0.8158230960063151,0.007142857142857143,0.11979865834643606,False,0.013977187235701294,0.04573700200241504,0.11979865834643606,0.17923907319641916
UNC119,0.02411816093536956,0.7816071840764678,0.03467187533320626,0.6844587055159383,0.007142857142857143,0.11979865834643606,True,0.02411816093536956,0.03467187533320626,0.11979865834643606,0.17884412848867826
ASNA1,0.04262677353976585,0.5180875856082269,0.017652377960224896,0.7264481792304327,0.007142857142857143,0.11979865834643606,True,0.04262677353976585,0.017652377960224896,0.11979865834643606,0.17884412848867826
PRPF6,0.03361388558329992,0.5032029959837577,0.024366602606569643,0.373153083598026,0.007142857142857143,0.11979865834643606,True,0.03361388558329992,0.024366602606569643,0.11979865834643606,0.1766061084781464
JMJD1C,0.032905688904616426,0.5986901259753497,0.02440381636353095,0.632469352553246,0.007142857142857143,0.11979865834643606,True,0.032905688904616426,0.02440381636353095,0.11979865834643606,0.17621116377040547
WAPL,0.021242863972190662,0.6481279156391191,0.032061078943097954,0.3631720219830708,0.007142857142857143,0.11979865834643606,True,0.021242863972190662,0.032061078943097954,0.11979865834643606,0.17410479199578724
TAOK2,-0.04505623225663946,0.3633364403222561,-0.009155507103681515,0.8175335014329294,0.007142857142857143,0.11979865834643606,True,0.04505623225663946,0.009155507103681515,0.11979865834643606,0.17410479199578724
GLYR1,0.004573199785687265,0.9218232490344335,0.046961441930974956,0.2743248639540262,0.007142857142857143,0.11979865834643606,True,0.004573199785687265,0.046961441930974956,0.11979865834643606,0.1735781990521327
CASP8AP2,-0.04525878415978468,0.42224710470265614,0.005554254161340921,0.9635832119015203,0.007142857142857143,0.11979865834643606,False,0.04525878415978468,0.005554254161340921,0.11979865834643606,0.17147182727751448
SUGP1,0.0001255447899950468,0.997877862363734,-0.048264285806016716,0.26105092477365754,0.007142857142857143,0.11979865834643606,False,0.0001255447899950468,0.048264285806016716,0.11979865834643606,0.17134017904160082
DHX36,-0.015557456416090076,0.8116787145335524,-0.031853613862974584,0.2391697357513105,0.007142857142857143,0.11979865834643606,True,0.015557456416090076,0.031853613862974584,0.11979865834643606,0.16870721432332805
ACSS2,-0.03310419134824372,0.6608333300987559,-0.013018719996207295,0.7553268742510688,0.007142857142857143,0.11979865834643606,True,0.03310419134824372,0.013018719996207295,0.11979865834643606,0.16804897314375988
NUP98,0.03195459510090082,0.3172123612304513,0.009787981128773993,0.5510102016514586,0.007142857142857143,0.11979865834643606,True,0.03195459510090082,0.009787981128773993,0.11979865834643606,0.1640995260663507
SMG8,0.043753912485239965,0.44348507940633114,-0.0004684783164563555,0.98866571682116,0.007142857142857143,0.11979865834643606,False,0.043753912485239965,0.0004684783164563555,0.11979865834643606,0.16396787783043706
DIDO1,-0.01719904784483539,0.6730673624592124,0.01833043333426687,0.5261617174672192,0.007142857142857143,0.11979865834643606,False,0.01719904784483539,0.01833043333426687,0.11979865834643606,0.16080832016850974
FNIP1,0.0032550860460744957,0.950212705288234,0.02973517874327314,0.8111152282276273,0.007142857142857143,0.11979865834643606,True,0.0032550860460744957,0.02973517874327314,0.11979865834643606,0.1587019483938915
RAI1,-0.020783694825652788,0.815845801294154,0.011109344167600455,0.8341434492693318,0.007142857142857143,0.11979865834643606,False,0.020783694825652788,0.011109344167600455,0.11979865834643606,0.15817535545023695
FOXP1,-0.008610859632545598,0.8932427545693808,-0.02289155196370629,0.5901974454491059,0.007142857142857143,0.11979865834643606,True,0.008610859632545598,0.02289155196370629,0.11979865834643606,0.1576487625065824
DHX16,-0.016038245923306604,0.7510465559710271,-0.012051197768695232,0.7270872348276894,0.007142857142857143,0.11979865834643606,True,0.016038245923306604,0.012051197768695232,0.11979865834643606,0.15409426013691416
EHD4,-0.0033969833665796756,0.9589212693422284,0.02099911140189903,0.7581953049954337,0.007142857142857143,0.11979865834643606,False,0.0033969833665796756,0.02099911140189903,0.11979865834643606,0.1522511848341232
USP7,0.010122735595835763,0.8689206190342923,0.014540586230690877,0.5287157782160221,0.007142857142857143,0.11979865834643606,True,0.010122735595835763,0.014540586230690877,0.11979865834643606,0.15211953659820956
PSME4,0.006855946023312853,0.9195650507229738,-0.01032769894631258,0.8189836320134423,0.007142857142857143,0.11979865834643606,False,0.006855946023312853,0.01032769894631258,0.11979865834643606,0.14659031068983674
FUCA2,0.0022421984875542478,0.9604265876072757,0.012444300382046691,0.8312380746945266,0.007142857142857143,0.11979865834643606,True,0.0022421984875542478,0.012444300382046691,0.11979865834643606,0.14435229067930488
KIF16B,0.01316550233349112,0.8034474674753541,0.002683977073779431,0.9529477244598862,0.007142857142857143,0.11979865834643606,True,0.01316550233349112,0.002683977073779431,0.11979865834643606,0.14395734597156398
CYB5R3,-0.0021010499750886424,0.9827302143977242,-0.0061276602202440245,0.8928560877914221,0.007142857142857143,0.11979865834643606,True,0.0021010499750886424,0.0061276602202440245,0.11979865834643606,0.13908636124275933
